experiment_id,group,method,method_id,variant,seed,path,manifest_status,started,unstarted,resolved,infrastructure_missing,action_counts,audit_nfe,best_cost,best_cv,budget_checkpoints,completed_at,cv_d,cv_e,cv_r,cv_soc,feasible,first_feasible_nfe,llm_call_count,outcome,search_nfe,selector_fallbacks,selector_seconds,started_at,status,total_emissions,validation_failures,wall_seconds
stage1_fixed_actions,formal,A1-only,A1-only,default,310001,D:\FileRecv\personal\paper\ship-op\code\case2_design\results\stage1_fixed_actions\A1-only\seed_310001,skipped_complete,True,False,True,False,{'A1': 25},1,42450.80914110558,0.0,"{'100': {'best_cost': 42450.80914110558, 'best_cv': 0.0, 'feasible': True, 'search_nfe': 300600}, '25': {'best_cost': 43031.51082365054, 'best_cv': 0.0, 'feasible': True, 'search_nfe': 75000}, '50': {'best_cost': 42620.21082999537, 'best_cv': 0.0, 'feasible': True, 'search_nfe': 150000}, '75': {'best_cost': 42487.089705813094, 'best_cv': 0.0, 'feasible': True, 'search_nfe': 225000}}",2026-08-21T15:25:59.907694+00:00,0.0,0.0,0.0,0.0,True,15000,0,feasible,300600,0,0.0,2026-08-21T15:25:51.190605+00:00,complete,44801.55886817541,[],8.7112508
stage1_fixed_actions,formal,A1-only,A1-only,default,310002,D:\FileRecv\personal\paper\ship-op\code\case2_design\results\stage1_fixed_actions\A1-only\seed_310002,skipped_complete,True,False,True,False,{'A1': 25},1,42555.70415708161,0.0,"{'100': {'best_cost': 42555.70415708161, 'best_cv': 0.0, 'feasible': True, 'search_nfe': 300600}, '25': {'best_cost': 43931.37726253318, 'best_cv': 0.0, 'feasible': True, 'search_nfe': 75000}, '50': {'best_cost': 43349.30197269088, 'best_cv': 0.0, 'feasible': True, 'search_nfe': 150000}, '75': {'best_cost': 42809.90198141801, 'best_cv': 0.0, 'feasible': True, 'search_nfe': 225000}}",2026-08-21T15:25:59.850871+00:00,0.0,0.0,0.0,0.0,True,12600,0,feasible,300600,0,0.0,2026-08-21T15:25:51.205572+00:00,complete,44905.25099498159,[],8.6388828
stage1_fixed_actions,formal,A1-only,A1-only,default,310003,D:\FileRecv\personal\paper\ship-op\code\case2_design\results\stage1_fixed_actions\A1-only\seed_310003,skipped_complete,True,False,True,False,{'A1': 25},1,42547.841729910775,0.0,"{'100': {'best_cost': 42547.841729910775, 'best_cv': 0.0, 'feasible': True, 'search_nfe': 300600}, '25': {'best_cost': 43625.66936607925, 'best_cv': 0.0, 'feasible': True, 'search_nfe': 75000}, '50': {'best_cost': 42862.76841356479, 'best_cv': 0.0, 'feasible': True, 'search_nfe': 150000}, '75': {'best_cost': 42662.8512411353, 'best_cv': 0.0, 'feasible': True, 'search_nfe': 225000}}",2026-08-21T15:25:59.797383+00:00,0.0,0.0,0.0,0.0,True,13200,0,feasible,300600,0,0.0,2026-08-21T15:25:51.208524+00:00,complete,44898.30185489988,[],8.5854532
stage1_fixed_actions,formal,A1-only,A1-only,default,310004,D:\FileRecv\personal\paper\ship-op\code\case2_design\results\stage1_fixed_actions\A1-only\seed_310004,skipped_complete,True,False,True,False,{'A1': 25},1,42553.15103926307,0.0,"{'100': {'best_cost': 42553.15103926307, 'best_cv': 0.0, 'feasible': True, 'search_nfe': 300600}, '25': {'best_cost': 43582.56496444481, 'best_cv': 0.0, 'feasible': True, 'search_nfe': 75000}, '50': {'best_cost': 42773.159582573586, 'best_cv': 0.0, 'feasible': True, 'search_nfe': 150000}, '75': {'best_cost': 42567.656853214234, 'best_cv': 0.0, 'feasible': True, 'search_nfe': 225000}}",2026-08-21T15:25:59.849308+00:00,0.0,0.0,0.0,0.0,True,15600,0,feasible,300600,0,0.0,2026-08-21T15:25:51.224425+00:00,complete,44867.0443006946,[],8.6189018
stage1_fixed_actions,formal,A1-only,A1-only,default,310005,D:\FileRecv\personal\paper\ship-op\code\case2_design\results\stage1_fixed_actions\A1-only\seed_310005,skipped_complete,True,False,True,False,{'A1': 25},1,42408.70382411807,0.0,"{'100': {'best_cost': 42408.70382411807, 'best_cv': 0.0, 'feasible': True, 'search_nfe': 300600}, '25': {'best_cost': 43153.624847394225, 'best_cv': 0.0, 'feasible': True, 'search_nfe': 75000}, '50': {'best_cost': 42537.65911437887, 'best_cv': 0.0, 'feasible': True, 'search_nfe': 150000}, '75': {'best_cost': 42441.03556594421, 'best_cv': 0.0, 'feasible': True, 'search_nfe': 225000}}",2026-08-21T15:26:07.068938+00:00,0.0,0.0,0.0,0.0,True,13200,0,feasible,300600,0,0.0,2026-08-21T15:25:59.889715+00:00,complete,44738.1932144952,[],7.175301900000001
stage1_fixed_actions,formal,A1-only,A1-only,default,310006,D:\FileRecv\personal\paper\ship-op\code\case2_design\results\stage1_fixed_actions\A1-only\seed_310006,skipped_complete,True,False,True,False,{'A1': 25},1,42482.29337366813,0.0,"{'100': {'best_cost': 42482.29337366813, 'best_cv': 0.0, 'feasible': True, 'search_nfe': 300600}, '25': {'best_cost': 44466.09651445647, 'best_cv': 0.0, 'feasible': True, 'search_nfe': 75000}, '50': {'best_cost': 42913.64936516185, 'best_cv': 0.0, 'feasible': True, 'search_nfe': 150000}, '75': {'best_cost': 42573.22740272719, 'best_cv': 0.0, 'feasible': True, 'search_nfe': 225000}}",2026-08-21T15:26:07.121081+00:00,0.0,0.0,0.0,0.0,True,13800,0,feasible,300600,0,0.0,2026-08-21T15:25:59.942675+00:00,complete,44826.63457098435,[],7.172687400000001
stage1_fixed_actions,formal,A1-only,A1-only,default,310007,D:\FileRecv\personal\paper\ship-op\code\case2_design\results\stage1_fixed_actions\A1-only\seed_310007,skipped_complete,True,False,True,False,{'A1': 25},1,42451.217253156865,0.0,"{'100': {'best_cost': 42451.217253156865, 'best_cv': 0.0, 'feasible': True, 'search_nfe': 300600}, '25': {'best_cost': 43123.34104550864, 'best_cv': 0.0, 'feasible': True, 'search_nfe': 75000}, '50': {'best_cost': 42658.56602277991, 'best_cv': 0.0, 'feasible': True, 'search_nfe': 150000}, '75': {'best_cost': 42552.38922920256, 'best_cv': 0.0, 'feasible': True, 'search_nfe': 225000}}",2026-08-21T15:26:07.128508+00:00,0.0,0.0,0.0,0.0,True,8400,0,feasible,300600,0,0.0,2026-08-21T15:25:59.949862+00:00,complete,44800.00132298755,[],7.173744499999998
stage1_fixed_actions,formal,A1-only,A1-only,default,310008,D:\FileRecv\personal\paper\ship-op\code\case2_design\results\stage1_fixed_actions\A1-only\seed_310008,skipped_complete,True,False,True,False,{'A1': 25},1,42418.01497023454,0.0,"{'100': {'best_cost': 42418.01497023454, 'best_cv': 0.0, 'feasible': True, 'search_nfe': 300600}, '25': {'best_cost': 43244.46276027705, 'best_cv': 0.0, 'feasible': True, 'search_nfe': 75000}, '50': {'best_cost': 42652.18648310771, 'best_cv': 0.0, 'feasible': True, 'search_nfe': 150000}, '75': {'best_cost': 42460.17825140314, 'best_cv': 0.0, 'feasible': True, 'search_nfe': 225000}}",2026-08-21T15:26:07.369297+00:00,0.0,0.0,0.0,0.0,True,14400,0,feasible,300600,0,0.0,2026-08-21T15:25:59.999683+00:00,complete,44748.44441746341,[],7.3634045
stage1_fixed_actions,formal,A1-only,A1-only,default,310009,D:\FileRecv\personal\paper\ship-op\code\case2_design\results\stage1_fixed_actions\A1-only\seed_310009,skipped_complete,True,False,True,False,{'A1': 25},1,42453.34422669633,0.0,"{'100': {'best_cost': 42453.34422669633, 'best_cv': 0.0, 'feasible': True, 'search_nfe': 300600}, '25': {'best_cost': 42873.38318908861, 'best_cv': 0.0, 'feasible': True, 'search_nfe': 75000}, '50': {'best_cost': 42523.43987433406, 'best_cv': 0.0, 'feasible': True, 'search_nfe': 150000}, '75': {'best_cost': 42472.27735957362, 'best_cv': 0.0, 'feasible': True, 'search_nfe': 225000}}",2026-08-21T15:26:14.394722+00:00,0.0,0.0,0.0,0.0,True,13200,0,feasible,300600,0,0.0,2026-08-21T15:26:07.152883+00:00,complete,44796.55532294203,[],7.237924700000001
stage1_fixed_actions,formal,A1-only,A1-only,default,310010,D:\FileRecv\personal\paper\ship-op\code\case2_design\results\stage1_fixed_actions\A1-only\seed_310010,skipped_complete,True,False,True,False,{'A1': 25},1,42409.72860890152,0.0,"{'100': {'best_cost': 42409.72860890152, 'best_cv': 0.0, 'feasible': True, 'search_nfe': 300600}, '25': {'best_cost': 43018.36393534081, 'best_cv': 0.0, 'feasible': True, 'search_nfe': 75000}, '50': {'best_cost': 42525.623739688075, 'best_cv': 0.0, 'feasible': True, 'search_nfe': 150000}, '75': {'best_cost': 42460.16871495576, 'best_cv': 0.0, 'feasible': True, 'search_nfe': 225000}}",2026-08-21T15:26:14.360385+00:00,0.0,0.0,0.0,0.0,True,12000,0,feasible,300600,0,0.0,2026-08-21T15:26:07.219999+00:00,complete,44766.39841038466,[],7.134470999999998
stage1_fixed_actions,formal,A1-only,A1-only,default,310011,D:\FileRecv\personal\paper\ship-op\code\case2_design\results\stage1_fixed_actions\A1-only\seed_310011,skipped_complete,True,False,True,False,{'A1': 25},1,42544.48058539542,0.0,"{'100': {'best_cost': 42544.48058539542, 'best_cv': 0.0, 'feasible': True, 'search_nfe': 300600}, '25': {'best_cost': 43992.46389612047, 'best_cv': 0.0, 'feasible': True, 'search_nfe': 75000}, '50': {'best_cost': 43149.75828231069, 'best_cv': 0.0, 'feasible': True, 'search_nfe': 150000}, '75': {'best_cost': 42605.946210037815, 'best_cv': 0.0, 'feasible': True, 'search_nfe': 225000}}",2026-08-21T15:26:14.449229+00:00,0.0,0.0,0.0,0.0,True,15600,0,feasible,300600,0,0.0,2026-08-21T15:26:07.224037+00:00,complete,44904.97737711145,[],7.2206355
stage1_fixed_actions,formal,A1-only,A1-only,default,310012,D:\FileRecv\personal\paper\ship-op\code\case2_design\results\stage1_fixed_actions\A1-only\seed_310012,skipped_complete,True,False,True,False,{'A1': 25},1,42465.9610973192,0.0,"{'100': {'best_cost': 42465.9610973192, 'best_cv': 0.0, 'feasible': True, 'search_nfe': 300600}, '25': {'best_cost': 43079.862714881194, 'best_cv': 0.0, 'feasible': True, 'search_nfe': 75000}, '50': {'best_cost': 42543.834735323166, 'best_cv': 0.0, 'feasible': True, 'search_nfe': 150000}, '75': {'best_cost': 42494.05217748934, 'best_cv': 0.0, 'feasible': True, 'search_nfe': 225000}}",2026-08-21T15:26:14.740634+00:00,0.0,0.0,0.0,0.0,True,15000,0,feasible,300600,0,0.0,2026-08-21T15:26:07.460186+00:00,complete,44796.89971737076,[],7.276698
stage1_fixed_actions,formal,A1-only,A1-only,default,310013,D:\FileRecv\personal\paper\ship-op\code\case2_design\results\stage1_fixed_actions\A1-only\seed_310013,skipped_complete,True,False,True,False,{'A1': 25},1,42404.956203755275,0.0,"{'100': {'best_cost': 42404.956203755275, 'best_cv': 0.0, 'feasible': True, 'search_nfe': 300600}, '25': {'best_cost': 42927.39984069775, 'best_cv': 0.0, 'feasible': True, 'search_nfe': 75000}, '50': {'best_cost': 42532.675323674746, 'best_cv': 0.0, 'feasible': True, 'search_nfe': 150000}, '75': {'best_cost': 42417.994383126614, 'best_cv': 0.0, 'feasible': True, 'search_nfe': 225000}}",2026-08-21T15:26:21.599394+00:00,0.0,0.0,0.0,0.0,True,15000,0,feasible,300600,0,0.0,2026-08-21T15:26:14.449229+00:00,complete,44733.90303976459,[],7.146111099999999
stage1_fixed_actions,formal,A1-only,A1-only,default,310014,D:\FileRecv\personal\paper\ship-op\code\case2_design\results\stage1_fixed_actions\A1-only\seed_310014,skipped_complete,True,False,True,False,{'A1': 25},1,42796.72664318461,0.0,"{'100': {'best_cost': 42796.72664318461, 'best_cv': 0.0, 'feasible': True, 'search_nfe': 300600}, '25': {'best_cost': 43919.25128738126, 'best_cv': 0.0, 'feasible': True, 'search_nfe': 75000}, '50': {'best_cost': 43227.57568208659, 'best_cv': 0.0, 'feasible': True, 'search_nfe': 150000}, '75': {'best_cost': 42919.52889724281, 'best_cv': 0.0, 'feasible': True, 'search_nfe': 225000}}",2026-08-21T15:26:21.655817+00:00,0.0,0.0,0.0,0.0,True,15000,0,feasible,300600,0,0.0,2026-08-21T15:26:14.490286+00:00,complete,45111.83151866669,[],7.161096400000002
stage1_fixed_actions,formal,A1-only,A1-only,default,310015,D:\FileRecv\personal\paper\ship-op\code\case2_design\results\stage1_fixed_actions\A1-only\seed_310015,skipped_complete,True,False,True,False,{'A1': 25},1,42519.93928268871,0.0,"{'100': {'best_cost': 42519.93928268871, 'best_cv': 0.0, 'feasible': True, 'search_nfe': 300600}, '25': {'best_cost': 43524.21904314683, 'best_cv': 0.0, 'feasible': True, 'search_nfe': 75000}, '50': {'best_cost': 42906.692776245145, 'best_cv': 0.0, 'feasible': True, 'search_nfe': 150000}, '75': {'best_cost': 42620.56820325476, 'best_cv': 0.0, 'feasible': True, 'search_nfe': 225000}}",2026-08-21T15:26:21.686104+00:00,0.0,0.0,0.0,0.0,True,12000,0,feasible,300600,0,0.0,2026-08-21T15:26:14.557430+00:00,complete,44883.974213272995,[],7.124513499999999
stage1_fixed_actions,formal,A1-only,A1-only,default,310016,D:\FileRecv\personal\paper\ship-op\code\case2_design\results\stage1_fixed_actions\A1-only\seed_310016,skipped_complete,True,False,True,False,{'A1': 25},1,42424.62725140572,0.0,"{'100': {'best_cost': 42424.62725140572, 'best_cv': 0.0, 'feasible': True, 'search_nfe': 300600}, '25': {'best_cost': 42715.15969116026, 'best_cv': 0.0, 'feasible': True, 'search_nfe': 75000}, '50': {'best_cost': 42478.56263168917, 'best_cv': 0.0, 'feasible': True, 'search_nfe': 150000}, '75': {'best_cost': 42441.33405844608, 'best_cv': 0.0, 'feasible': True, 'search_nfe': 225000}}",2026-08-21T15:26:22.019410+00:00,0.0,0.0,0.0,0.0,True,12000,0,feasible,300600,0,0.0,2026-08-21T15:26:14.836612+00:00,complete,44779.31847316402,[],7.178676800000002
stage1_fixed_actions,formal,A1-only,A1-only,default,310017,D:\FileRecv\personal\paper\ship-op\code\case2_design\results\stage1_fixed_actions\A1-only\seed_310017,skipped_complete,True,False,True,False,{'A1': 25},1,42442.34264258842,0.0,"{'100': {'best_cost': 42442.34264258842, 'best_cv': 0.0, 'feasible': True, 'search_nfe': 300600}, '25': {'best_cost': 43075.76841527592, 'best_cv': 0.0, 'feasible': True, 'search_nfe': 75000}, '50': {'best_cost': 42562.58965813124, 'best_cv': 0.0, 'feasible': True, 'search_nfe': 150000}, '75': {'best_cost': 42457.75579953246, 'best_cv': 0.0, 'feasible': True, 'search_nfe': 225000}}",2026-08-21T15:26:29.201019+00:00,0.0,0.0,0.0,0.0,True,11400,0,feasible,300600,0,0.0,2026-08-21T15:26:21.687116+00:00,complete,44791.375829463854,[],7.506700500000001
stage1_fixed_actions,formal,A1-only,A1-only,default,310018,D:\FileRecv\personal\paper\ship-op\code\case2_design\results\stage1_fixed_actions\A1-only\seed_310018,skipped_complete,True,False,True,False,{'A1': 25},1,42539.89924285039,0.0,"{'100': {'best_cost': 42539.89924285039, 'best_cv': 0.0, 'feasible': True, 'search_nfe': 300600}, '25': {'best_cost': 43480.68372464004, 'best_cv': 0.0, 'feasible': True, 'search_nfe': 75000}, '50': {'best_cost': 43087.7423076805, 'best_cv': 0.0, 'feasible': True, 'search_nfe': 150000}, '75': {'best_cost': 42652.79573082951, 'best_cv': 0.0, 'feasible': True, 'search_nfe': 225000}}",2026-08-21T15:26:29.247053+00:00,0.0,0.0,0.0,0.0,True,11400,0,feasible,300600,0,0.0,2026-08-21T15:26:21.739876+00:00,complete,44873.819964284856,[],7.502805199999997
stage1_fixed_actions,formal,A1-only,A1-only,default,310019,D:\FileRecv\personal\paper\ship-op\code\case2_design\results\stage1_fixed_actions\A1-only\seed_310019,skipped_complete,True,False,True,False,{'A1': 25},1,42868.2012586676,0.0,"{'100': {'best_cost': 42868.2012586676, 'best_cv': 0.0, 'feasible': True, 'search_nfe': 300600}, '25': {'best_cost': 45028.63874070914, 'best_cv': 0.0, 'feasible': True, 'search_nfe': 75000}, '50': {'best_cost': 44479.013538933505, 'best_cv': 0.0, 'feasible': True, 'search_nfe': 150000}, '75': {'best_cost': 43630.62126429334, 'best_cv': 0.0, 'feasible': True, 'search_nfe': 225000}}",2026-08-21T15:26:29.315862+00:00,0.0,0.0,0.0,0.0,True,12600,0,feasible,300600,0,0.0,2026-08-21T15:26:21.786127+00:00,complete,45180.43297903226,[],7.525640299999996
stage1_fixed_actions,formal,A1-only,A1-only,default,310020,D:\FileRecv\personal\paper\ship-op\code\case2_design\results\stage1_fixed_actions\A1-only\seed_310020,skipped_complete,True,False,True,False,{'A1': 25},1,42546.015750559876,0.0,"{'100': {'best_cost': 42546.015750559876, 'best_cv': 0.0, 'feasible': True, 'search_nfe': 300600}, '25': {'best_cost': 43262.61328192947, 'best_cv': 0.0, 'feasible': True, 'search_nfe': 75000}, '50': {'best_cost': 42908.12435302384, 'best_cv': 0.0, 'feasible': True, 'search_nfe': 150000}, '75': {'best_cost': 42708.56405642289, 'best_cv': 0.0, 'feasible': True, 'search_nfe': 225000}}",2026-08-21T15:26:29.685044+00:00,0.0,0.0,0.0,0.0,True,9600,0,feasible,300600,0,0.0,2026-08-21T15:26:22.118283+00:00,complete,44886.41145525909,[],7.561737300000001
stage1_fixed_actions,formal,A1-only,A1-only,default,310021,D:\FileRecv\personal\paper\ship-op\code\case2_design\results\stage1_fixed_actions\A1-only\seed_310021,skipped_complete,True,False,True,False,{'A1': 25},1,42434.135353348094,0.0,"{'100': {'best_cost': 42434.135353348094, 'best_cv': 0.0, 'feasible': True, 'search_nfe': 300600}, '25': {'best_cost': 42986.600383717305, 'best_cv': 0.0, 'feasible': True, 'search_nfe': 75000}, '50': {'best_cost': 42527.36123057919, 'best_cv': 0.0, 'feasible': True, 'search_nfe': 150000}, '75': {'best_cost': 42453.93826103202, 'best_cv': 0.0, 'feasible': True, 'search_nfe': 225000}}",2026-08-21T15:26:36.377091+00:00,0.0,0.0,0.0,0.0,True,14400,0,feasible,300600,0,0.0,2026-08-21T15:26:29.302905+00:00,complete,44747.31321965106,[],7.0696072
stage1_fixed_actions,formal,A1-only,A1-only,default,310022,D:\FileRecv\personal\paper\ship-op\code\case2_design\results\stage1_fixed_actions\A1-only\seed_310022,skipped_complete,True,False,True,False,{'A1': 25},1,42523.64854073466,0.0,"{'100': {'best_cost': 42523.64854073466, 'best_cv': 0.0, 'feasible': True, 'search_nfe': 300600}, '25': {'best_cost': 43310.156788800006, 'best_cv': 0.0, 'feasible': True, 'search_nfe': 75000}, '50': {'best_cost': 42719.47557950458, 'best_cv': 0.0, 'feasible': True, 'search_nfe': 150000}, '75': {'best_cost': 42581.440425326495, 'best_cv': 0.0, 'feasible': True, 'search_nfe': 225000}}",2026-08-21T15:26:36.452069+00:00,0.0,0.0,0.0,0.0,True,13800,0,feasible,300600,0,0.0,2026-08-21T15:26:29.337603+00:00,complete,44874.79723507406,[],7.110680100000003
stage1_fixed_actions,formal,A1-only,A1-only,default,310023,D:\FileRecv\personal\paper\ship-op\code\case2_design\results\stage1_fixed_actions\A1-only\seed_310023,skipped_complete,True,False,True,False,{'A1': 25},1,42665.62591826504,0.0,"{'100': {'best_cost': 42665.62591826504, 'best_cv': 0.0, 'feasible': True, 'search_nfe': 300600}, '25': {'best_cost': 43818.30333625902, 'best_cv': 0.0, 'feasible': True, 'search_nfe': 75000}, '50': {'best_cost': 43035.071947981305, 'best_cv': 0.0, 'feasible': True, 'search_nfe': 150000}, '75': {'best_cost': 42856.20955950815, 'best_cv': 0.0, 'feasible': True, 'search_nfe': 225000}}",2026-08-21T15:26:36.468037+00:00,0.0,0.0,0.0,0.0,True,13200,0,feasible,300600,0,0.0,2026-08-21T15:26:29.411947+00:00,complete,45001.6990120024,[],7.052223900000001
stage1_fixed_actions,formal,A1-only,A1-only,default,310024,D:\FileRecv\personal\paper\ship-op\code\case2_design\results\stage1_fixed_actions\A1-only\seed_310024,skipped_complete,True,False,True,False,{'A1': 25},1,42525.19048324828,0.0,"{'100': {'best_cost': 42525.19048324828, 'best_cv': 0.0, 'feasible': True, 'search_nfe': 300600}, '25': {'best_cost': 43473.468395136595, 'best_cv': 0.0, 'feasible': True, 'search_nfe': 75000}, '50': {'best_cost': 42909.18014312323, 'best_cv': 0.0, 'feasible': True, 'search_nfe': 150000}, '75': {'best_cost': 42612.52863471451, 'best_cv': 0.0, 'feasible': True, 'search_nfe': 225000}}",2026-08-21T15:26:36.925482+00:00,0.0,0.0,0.0,0.0,True,15600,0,feasible,300600,0,0.0,2026-08-21T15:26:29.788255+00:00,complete,44885.18877788019,[],7.130049200000002
stage1_fixed_actions,formal,A1-only,A1-only,default,310025,D:\FileRecv\personal\paper\ship-op\code\case2_design\results\stage1_fixed_actions\A1-only\seed_310025,skipped_complete,True,False,True,False,{'A1': 25},1,42622.542520787814,0.0,"{'100': {'best_cost': 42622.542520787814, 'best_cv': 0.0, 'feasible': True, 'search_nfe': 300600}, '25': {'best_cost': 43708.8455320411, 'best_cv': 0.0, 'feasible': True, 'search_nfe': 75000}, '50': {'best_cost': 42976.320689162705, 'best_cv': 0.0, 'feasible': True, 'search_nfe': 150000}, '75': {'best_cost': 42666.448044185476, 'best_cv': 0.0, 'feasible': True, 'search_nfe': 225000}}",2026-08-21T15:26:43.419211+00:00,0.0,0.0,0.0,0.0,True,13800,0,feasible,300600,0,0.0,2026-08-21T15:26:36.461944+00:00,complete,44933.525063417575,[],6.9519155999999995
stage1_fixed_actions,formal,A1-only,A1-only,default,310026,D:\FileRecv\personal\paper\ship-op\code\case2_design\results\stage1_fixed_actions\A1-only\seed_310026,skipped_complete,True,False,True,False,{'A1': 25},1,42628.08728710833,0.0,"{'100': {'best_cost': 42628.08728710833, 'best_cv': 0.0, 'feasible': True, 'search_nfe': 300600}, '25': {'best_cost': 43485.88044544822, 'best_cv': 0.0, 'feasible': True, 'search_nfe': 75000}, '50': {'best_cost': 42910.458880260085, 'best_cv': 0.0, 'feasible': True, 'search_nfe': 150000}, '75': {'best_cost': 42690.20305439902, 'best_cv': 0.0, 'feasible': True, 'search_nfe': 225000}}",2026-08-21T15:26:43.580641+00:00,0.0,0.0,0.0,0.0,True,9000,0,feasible,300600,0,0.0,2026-08-21T15:26:36.542420+00:00,complete,44967.703135150245,[],7.033542300000001
stage1_fixed_actions,formal,A1-only,A1-only,default,310027,D:\FileRecv\personal\paper\ship-op\code\case2_design\results\stage1_fixed_actions\A1-only\seed_310027,skipped_complete,True,False,True,False,{'A1': 25},1,42561.738931429994,0.0,"{'100': {'best_cost': 42561.738931429994, 'best_cv': 0.0, 'feasible': True, 'search_nfe': 300600}, '25': {'best_cost': 43226.75579692655, 'best_cv': 0.0, 'feasible': True, 'search_nfe': 75000}, '50': {'best_cost': 42827.99625391552, 'best_cv': 0.0, 'feasible': True, 'search_nfe': 150000}, '75': {'best_cost': 42622.64088683283, 'best_cv': 0.0, 'feasible': True, 'search_nfe': 225000}}",2026-08-21T15:26:43.538818+00:00,0.0,0.0,0.0,0.0,True,12000,0,feasible,300600,0,0.0,2026-08-21T15:26:36.554503+00:00,complete,44920.05769092693,[],6.980331299999996
stage1_fixed_actions,formal,A1-only,A1-only,default,310028,D:\FileRecv\personal\paper\ship-op\code\case2_design\results\stage1_fixed_actions\A1-only\seed_310028,skipped_complete,True,False,True,False,{'A1': 25},1,42502.89186989966,0.0,"{'100': {'best_cost': 42502.89186989966, 'best_cv': 0.0, 'feasible': True, 'search_nfe': 300600}, '25': {'best_cost': 43193.37351197464, 'best_cv': 0.0, 'feasible': True, 'search_nfe': 75000}, '50': {'best_cost': 42662.174530767275, 'best_cv': 0.0, 'feasible': True, 'search_nfe': 150000}, '75': {'best_cost': 42583.870939672604, 'best_cv': 0.0, 'feasible': True, 'search_nfe': 225000}}",2026-08-21T15:26:44.110457+00:00,0.0,0.0,0.0,0.0,True,15600,0,feasible,300600,0,0.0,2026-08-21T15:26:37.028340+00:00,complete,44802.78929122186,[],7.077301300000002
stage1_fixed_actions,formal,A1-only,A1-only,default,310029,D:\FileRecv\personal\paper\ship-op\code\case2_design\results\stage1_fixed_actions\A1-only\seed_310029,skipped_complete,True,False,True,False,{'A1': 25},1,42477.030194938154,0.0,"{'100': {'best_cost': 42477.030194938154, 'best_cv': 0.0, 'feasible': True, 'search_nfe': 300600}, '25': {'best_cost': 43336.32602730779, 'best_cv': 0.0, 'feasible': True, 'search_nfe': 75000}, '50': {'best_cost': 42637.30549790751, 'best_cv': 0.0, 'feasible': True, 'search_nfe': 150000}, '75': {'best_cost': 42571.10186815705, 'best_cv': 0.0, 'feasible': True, 'search_nfe': 225000}}",2026-08-21T15:26:50.775217+00:00,0.0,0.0,0.0,0.0,True,12600,0,feasible,300600,0,0.0,2026-08-21T15:26:43.507344+00:00,complete,44831.87432855963,[],7.263396799999995
stage1_fixed_actions,formal,A1-only,A1-only,default,310030,D:\FileRecv\personal\paper\ship-op\code\case2_design\results\stage1_fixed_actions\A1-only\seed_310030,skipped_complete,True,False,True,False,{'A1': 25},1,42470.263388676874,0.0,"{'100': {'best_cost': 42470.263388676874, 'best_cv': 0.0, 'feasible': True, 'search_nfe': 300600}, '25': {'best_cost': 43533.17794259048, 'best_cv': 0.0, 'feasible': True, 'search_nfe': 75000}, '50': {'best_cost': 42728.278260485786, 'best_cv': 0.0, 'feasible': True, 'search_nfe': 150000}, '75': {'best_cost': 42498.62468758744, 'best_cv': 0.0, 'feasible': True, 'search_nfe': 225000}}",2026-08-21T15:26:50.921017+00:00,0.0,0.0,0.0,0.0,True,15600,0,feasible,300600,0,0.0,2026-08-21T15:26:43.631408+00:00,complete,44832.775803783064,[],7.2853290999999984
stage1_fixed_actions,formal,A2-only,A2-only,default,310001,D:\FileRecv\personal\paper\ship-op\code\case2_design\results\stage1_fixed_actions\A2-only\seed_310001,skipped_complete,True,False,True,False,{'A2': 25},1,42411.9801443553,0.0,"{'100': {'best_cost': 42411.9801443553, 'best_cv': 0.0, 'feasible': True, 'search_nfe': 300600}, '25': {'best_cost': 42965.5702028543, 'best_cv': 0.0, 'feasible': True, 'search_nfe': 75000}, '50': {'best_cost': 42542.36370178987, 'best_cv': 0.0, 'feasible': True, 'search_nfe': 150000}, '75': {'best_cost': 42432.898939504295, 'best_cv': 0.0, 'feasible': True, 'search_nfe': 225000}}",2026-08-21T15:26:54.949820+00:00,0.0,0.0,0.0,0.0,True,12000,0,feasible,300600,0,0.0,2026-08-21T15:26:43.673067+00:00,complete,44756.271914666475,[],11.2710225
stage1_fixed_actions,formal,A2-only,A2-only,default,310002,D:\FileRecv\personal\paper\ship-op\code\case2_design\results\stage1_fixed_actions\A2-only\seed_310002,skipped_complete,True,False,True,False,{'A2': 25},1,42387.46101907571,0.0,"{'100': {'best_cost': 42387.46101907571, 'best_cv': 0.0, 'feasible': True, 'search_nfe': 300600}, '25': {'best_cost': 43152.86334783063, 'best_cv': 0.0, 'feasible': True, 'search_nfe': 75000}, '50': {'best_cost': 42541.91938252357, 'best_cv': 0.0, 'feasible': True, 'search_nfe': 150000}, '75': {'best_cost': 42439.49301110112, 'best_cv': 0.0, 'feasible': True, 'search_nfe': 225000}}",2026-08-21T15:26:55.493714+00:00,0.0,0.0,0.0,0.0,True,15600,0,feasible,300600,0,0.0,2026-08-21T15:26:44.198784+00:00,complete,44719.999929558704,[],11.290818999999999
stage1_fixed_actions,formal,A2-only,A2-only,default,310003,D:\FileRecv\personal\paper\ship-op\code\case2_design\results\stage1_fixed_actions\A2-only\seed_310003,skipped_complete,True,False,True,False,{'A2': 25},1,42633.713491570845,0.0,"{'100': {'best_cost': 42633.713491570845, 'best_cv': 0.0, 'feasible': True, 'search_nfe': 300600}, '25': {'best_cost': 44662.71781138198, 'best_cv': 0.0, 'feasible': True, 'search_nfe': 75000}, '50': {'best_cost': 44203.81717735826, 'best_cv': 0.0, 'feasible': True, 'search_nfe': 150000}, '75': {'best_cost': 43170.71270226699, 'best_cv': 0.0, 'feasible': True, 'search_nfe': 225000}}",2026-08-21T15:27:01.898975+00:00,0.0,0.0,0.0,0.0,True,22200,0,feasible,300600,0,0.0,2026-08-21T15:26:50.860454+00:00,complete,44954.10429429308,[],11.032102400000007
stage1_fixed_actions,formal,A2-only,A2-only,default,310004,D:\FileRecv\personal\paper\ship-op\code\case2_design\results\stage1_fixed_actions\A2-only\seed_310004,skipped_complete,True,False,True,False,{'A2': 25},1,43059.05013666274,0.0,"{'100': {'best_cost': 43059.05013666274, 'best_cv': 0.0, 'feasible': True, 'search_nfe': 300600}, '25': {'best_cost': 44929.73776189335, 'best_cv': 0.0, 'feasible': True, 'search_nfe': 75000}, '50': {'best_cost': 44292.30294224937, 'best_cv': 0.0, 'feasible': True, 'search_nfe': 150000}, '75': {'best_cost': 43584.50167950889, 'best_cv': 0.0, 'feasible': True, 'search_nfe': 225000}}",2026-08-21T15:27:02.079423+00:00,0.0,0.0,0.0,0.0,True,30600,0,feasible,300600,0,0.0,2026-08-21T15:26:51.020449+00:00,complete,45383.96494032176,[],11.052928299999998
stage1_fixed_actions,formal,A2-only,A2-only,default,310005,D:\FileRecv\personal\paper\ship-op\code\case2_design\results\stage1_fixed_actions\A2-only\seed_310005,skipped_complete,True,False,True,False,{'A2': 25},1,42389.68439298555,0.0,"{'100': {'best_cost': 42389.68439298555, 'best_cv': 0.0, 'feasible': True, 'search_nfe': 300600}, '25': {'best_cost': 42882.00774475843, 'best_cv': 0.0, 'feasible': True, 'search_nfe': 75000}, '50': {'best_cost': 42454.534898062535, 'best_cv': 0.0, 'feasible': True, 'search_nfe': 150000}, '75': {'best_cost': 42400.02982516652, 'best_cv': 0.0, 'feasible': True, 'search_nfe': 225000}}",2026-08-21T15:27:06.093000+00:00,0.0,0.0,0.0,0.0,True,19200,0,feasible,300600,0,0.0,2026-08-21T15:26:55.048588+00:00,complete,44729.94247807679,[],11.041326799999993
stage1_fixed_actions,formal,A2-only,A2-only,default,310006,D:\FileRecv\personal\paper\ship-op\code\case2_design\results\stage1_fixed_actions\A2-only\seed_310006,skipped_complete,True,False,True,False,{'A2': 25},1,42381.91356596802,0.0,"{'100': {'best_cost': 42381.91356596802, 'best_cv': 0.0, 'feasible': True, 'search_nfe': 300600}, '25': {'best_cost': 42812.44381694269, 'best_cv': 0.0, 'feasible': True, 'search_nfe': 75000}, '50': {'best_cost': 42462.752050090545, 'best_cv': 0.0, 'feasible': True, 'search_nfe': 150000}, '75': {'best_cost': 42408.028894665746, 'best_cv': 0.0, 'feasible': True, 'search_nfe': 225000}}",2026-08-21T15:27:06.637192+00:00,0.0,0.0,0.0,0.0,True,16800,0,feasible,300600,0,0.0,2026-08-21T15:26:55.581782+00:00,complete,44731.327606739454,[],11.051120400000002
stage1_fixed_actions,formal,A2-only,A2-only,default,310007,D:\FileRecv\personal\paper\ship-op\code\case2_design\results\stage1_fixed_actions\A2-only\seed_310007,skipped_complete,True,False,True,False,{'A2': 25},1,42503.318122791505,0.0,"{'100': {'best_cost': 42503.318122791505, 'best_cv': 0.0, 'feasible': True, 'search_nfe': 300600}, '25': {'best_cost': 44425.924275410456, 'best_cv': 0.0, 'feasible': True, 'search_nfe': 75000}, '50': {'best_cost': 43160.10785542139, 'best_cv': 0.0, 'feasible': True, 'search_nfe': 150000}, '75': {'best_cost': 42640.40248169893, 'best_cv': 0.0, 'feasible': True, 'search_nfe': 225000}}",2026-08-21T15:27:12.916781+00:00,0.0,0.0,0.0,0.0,True,20400,0,feasible,300600,0,0.0,2026-08-21T15:27:01.990911+00:00,complete,44853.311215121445,[],10.921925599999994
stage1_fixed_actions,formal,A2-only,A2-only,default,310008,D:\FileRecv\personal\paper\ship-op\code\case2_design\results\stage1_fixed_actions\A2-only\seed_310008,skipped_complete,True,False,True,False,{'A2': 25},1,42758.79292841873,0.0,"{'100': {'best_cost': 42758.79292841873, 'best_cv': 0.0, 'feasible': True, 'search_nfe': 300600}, '25': {'best_cost': 46112.528806001654, 'best_cv': 0.0, 'feasible': True, 'search_nfe': 75000}, '50': {'best_cost': 44353.166127381504, 'best_cv': 0.0, 'feasible': True, 'search_nfe': 150000}, '75': {'best_cost': 43337.16676691623, 'best_cv': 0.0, 'feasible': True, 'search_nfe': 225000}}",2026-08-21T15:27:13.125653+00:00,0.0,0.0,0.0,0.0,True,28800,0,feasible,300600,0,0.0,2026-08-21T15:27:02.168237+00:00,complete,45125.3830912453,[],10.951879700000006
stage1_fixed_actions,formal,A2-only,A2-only,default,310009,D:\FileRecv\personal\paper\ship-op\code\case2_design\results\stage1_fixed_actions\A2-only\seed_310009,skipped_complete,True,False,True,False,{'A2': 25},1,42416.582323978284,0.0,"{'100': {'best_cost': 42416.582323978284, 'best_cv': 0.0, 'feasible': True, 'search_nfe': 300600}, '25': {'best_cost': 43685.47441875862, 'best_cv': 0.0, 'feasible': True, 'search_nfe': 75000}, '50': {'best_cost': 42603.149867453685, 'best_cv': 0.0, 'feasible': True, 'search_nfe': 150000}, '75': {'best_cost': 42483.52119469911, 'best_cv': 0.0, 'feasible': True, 'search_nfe': 225000}}",2026-08-21T15:27:16.971991+00:00,0.0,0.0,0.0,0.0,True,14400,0,feasible,300600,0,0.0,2026-08-21T15:27:06.195547+00:00,complete,44774.36405277769,[],10.772830799999994
stage1_fixed_actions,formal,A2-only,A2-only,default,310010,D:\FileRecv\personal\paper\ship-op\code\case2_design\results\stage1_fixed_actions\A2-only\seed_310010,skipped_complete,True,False,True,False,{'A2': 25},1,42390.29576227375,0.0,"{'100': {'best_cost': 42390.29576227375, 'best_cv': 0.0, 'feasible': True, 'search_nfe': 300600}, '25': {'best_cost': 43256.25267152036, 'best_cv': 0.0, 'feasible': True, 'search_nfe': 75000}, '50': {'best_cost': 42562.067380704015, 'best_cv': 0.0, 'feasible': True, 'search_nfe': 150000}, '75': {'best_cost': 42414.32172476615, 'best_cv': 0.0, 'feasible': True, 'search_nfe': 225000}}",2026-08-21T15:27:17.535379+00:00,0.0,0.0,0.0,0.0,True,16200,0,feasible,300600,0,0.0,2026-08-21T15:27:06.729975+00:00,complete,44743.15917493791,[],10.802058900000006
stage1_fixed_actions,formal,A2-only,A2-only,default,310011,D:\FileRecv\personal\paper\ship-op\code\case2_design\results\stage1_fixed_actions\A2-only\seed_310011,skipped_complete,True,False,True,False,{'A2': 25},1,42366.861039417425,0.0,"{'100': {'best_cost': 42366.861039417425, 'best_cv': 0.0, 'feasible': True, 'search_nfe': 300600}, '25': {'best_cost': 42668.99579574086, 'best_cv': 0.0, 'feasible': True, 'search_nfe': 75000}, '50': {'best_cost': 42418.15823168542, 'best_cv': 0.0, 'feasible': True, 'search_nfe': 150000}, '75': {'best_cost': 42380.38779630816, 'best_cv': 0.0, 'feasible': True, 'search_nfe': 225000}}",2026-08-21T15:27:23.708648+00:00,0.0,0.0,0.0,0.0,True,15600,0,feasible,300600,0,0.0,2026-08-21T15:27:13.004662+00:00,complete,44705.51409952399,[],10.700074999999998
stage1_fixed_actions,formal,A2-only,A2-only,default,310012,D:\FileRecv\personal\paper\ship-op\code\case2_design\results\stage1_fixed_actions\A2-only\seed_310012,skipped_complete,True,False,True,False,{'A2': 25},1,42370.978177661775,0.0,"{'100': {'best_cost': 42370.978177661775, 'best_cv': 0.0, 'feasible': True, 'search_nfe': 300600}, '25': {'best_cost': 43040.68408205125, 'best_cv': 0.0, 'feasible': True, 'search_nfe': 75000}, '50': {'best_cost': 42436.856280076485, 'best_cv': 0.0, 'feasible': True, 'search_nfe': 150000}, '75': {'best_cost': 42382.66729990764, 'best_cv': 0.0, 'feasible': True, 'search_nfe': 225000}}",2026-08-21T15:27:23.946438+00:00,0.0,0.0,0.0,0.0,True,16800,0,feasible,300600,0,0.0,2026-08-21T15:27:13.216260+00:00,complete,44696.06482894366,[],10.724862299999998
stage1_fixed_actions,formal,A2-only,A2-only,default,310013,D:\FileRecv\personal\paper\ship-op\code\case2_design\results\stage1_fixed_actions\A2-only\seed_310013,skipped_complete,True,False,True,False,{'A2': 25},1,42380.28472297733,0.0,"{'100': {'best_cost': 42380.28472297733, 'best_cv': 0.0, 'feasible': True, 'search_nfe': 300600}, '25': {'best_cost': 43251.148208834995, 'best_cv': 0.0, 'feasible': True, 'search_nfe': 75000}, '50': {'best_cost': 42515.45896996626, 'best_cv': 0.0, 'feasible': True, 'search_nfe': 150000}, '75': {'best_cost': 42406.75674750844, 'best_cv': 0.0, 'feasible': True, 'search_nfe': 225000}}",2026-08-21T15:27:28.017265+00:00,0.0,0.0,0.0,0.0,True,19800,0,feasible,300600,0,0.0,2026-08-21T15:27:17.064076+00:00,complete,44709.334357701584,[],10.944484700000004
stage1_fixed_actions,formal,A2-only,A2-only,default,310014,D:\FileRecv\personal\paper\ship-op\code\case2_design\results\stage1_fixed_actions\A2-only\seed_310014,skipped_complete,True,False,True,False,{'A2': 25},1,42392.80134128004,0.0,"{'100': {'best_cost': 42392.80134128004, 'best_cv': 0.0, 'feasible': True, 'search_nfe': 300600}, '25': {'best_cost': 42616.83626515815, 'best_cv': 0.0, 'feasible': True, 'search_nfe': 75000}, '50': {'best_cost': 42438.191510782344, 'best_cv': 0.0, 'feasible': True, 'search_nfe': 150000}, '75': {'best_cost': 42404.04795499635, 'best_cv': 0.0, 'feasible': True, 'search_nfe': 225000}}",2026-08-21T15:27:28.717026+00:00,0.0,0.0,0.0,0.0,True,19200,0,feasible,300600,0,0.0,2026-08-21T15:27:17.620217+00:00,complete,44751.28907860379,[],11.091543300000012
stage1_fixed_actions,formal,A2-only,A2-only,default,310015,D:\FileRecv\personal\paper\ship-op\code\case2_design\results\stage1_fixed_actions\A2-only\seed_310015,skipped_complete,True,False,True,False,{'A2': 25},1,42419.108814425774,0.0,"{'100': {'best_cost': 42419.108814425774, 'best_cv': 0.0, 'feasible': True, 'search_nfe': 300600}, '25': {'best_cost': 42785.734364738775, 'best_cv': 0.0, 'feasible': True, 'search_nfe': 75000}, '50': {'best_cost': 42478.78540661509, 'best_cv': 0.0, 'feasible': True, 'search_nfe': 150000}, '75': {'best_cost': 42434.79798002922, 'best_cv': 0.0, 'feasible': True, 'search_nfe': 225000}}",2026-08-21T15:27:34.933156+00:00,0.0,0.0,0.0,0.0,True,21600,0,feasible,300600,0,0.0,2026-08-21T15:27:23.794808+00:00,complete,44774.736411561855,[],11.1335799
stage1_fixed_actions,formal,A2-only,A2-only,default,310016,D:\FileRecv\personal\paper\ship-op\code\case2_design\results\stage1_fixed_actions\A2-only\seed_310016,skipped_complete,True,False,True,False,{'A2': 25},1,42383.85436254661,0.0,"{'100': {'best_cost': 42383.85436254661, 'best_cv': 0.0, 'feasible': True, 'search_nfe': 300600}, '25': {'best_cost': 42677.856748692415, 'best_cv': 0.0, 'feasible': True, 'search_nfe': 75000}, '50': {'best_cost': 42424.692712687516, 'best_cv': 0.0, 'feasible': True, 'search_nfe': 150000}, '75': {'best_cost': 42400.696389477685, 'best_cv': 0.0, 'feasible': True, 'search_nfe': 225000}}",2026-08-21T15:27:35.209058+00:00,0.0,0.0,0.0,0.0,True,12600,0,feasible,300600,0,0.0,2026-08-21T15:27:24.032482+00:00,complete,44725.39760821818,[],11.170538500000006
stage1_fixed_actions,formal,A2-only,A2-only,default,310017,D:\FileRecv\personal\paper\ship-op\code\case2_design\results\stage1_fixed_actions\A2-only\seed_310017,skipped_complete,True,False,True,False,{'A2': 25},1,42404.48994662169,0.0,"{'100': {'best_cost': 42404.48994662169, 'best_cv': 0.0, 'feasible': True, 'search_nfe': 300600}, '25': {'best_cost': 42898.39059518381, 'best_cv': 0.0, 'feasible': True, 'search_nfe': 75000}, '50': {'best_cost': 42555.933631990636, 'best_cv': 0.0, 'feasible': True, 'search_nfe': 150000}, '75': {'best_cost': 42425.79537037335, 'best_cv': 0.0, 'feasible': True, 'search_nfe': 225000}}",2026-08-21T15:27:39.157455+00:00,0.0,0.0,0.0,0.0,True,17400,0,feasible,300600,0,0.0,2026-08-21T15:27:28.109938+00:00,complete,44761.05520325205,[],11.042864899999998
stage1_fixed_actions,formal,A2-only,A2-only,default,310018,D:\FileRecv\personal\paper\ship-op\code\case2_design\results\stage1_fixed_actions\A2-only\seed_310018,skipped_complete,True,False,True,False,{'A2': 25},1,42428.55351907923,0.0,"{'100': {'best_cost': 42428.55351907923, 'best_cv': 0.0, 'feasible': True, 'search_nfe': 300600}, '25': {'best_cost': 44629.534169497514, 'best_cv': 0.0, 'feasible': True, 'search_nfe': 75000}, '50': {'best_cost': 43809.12853191203, 'best_cv': 0.0, 'feasible': True, 'search_nfe': 150000}, '75': {'best_cost': 42644.20397658297, 'best_cv': 0.0, 'feasible': True, 'search_nfe': 225000}}",2026-08-21T15:27:39.816695+00:00,0.0,0.0,0.0,0.0,True,19200,0,feasible,300600,0,0.0,2026-08-21T15:27:28.807130+00:00,complete,44757.37482231371,[],11.005375599999994
stage1_fixed_actions,formal,A2-only,A2-only,default,310019,D:\FileRecv\personal\paper\ship-op\code\case2_design\results\stage1_fixed_actions\A2-only\seed_310019,skipped_complete,True,False,True,False,{'A2': 25},1,42390.39851673288,0.0,"{'100': {'best_cost': 42390.39851673288, 'best_cv': 0.0, 'feasible': True, 'search_nfe': 300600}, '25': {'best_cost': 42798.63944185824, 'best_cv': 0.0, 'feasible': True, 'search_nfe': 75000}, '50': {'best_cost': 42430.06227864364, 'best_cv': 0.0, 'feasible': True, 'search_nfe': 150000}, '75': {'best_cost': 42396.338852692395, 'best_cv': 0.0, 'feasible': True, 'search_nfe': 225000}}",2026-08-21T15:27:46.015950+00:00,0.0,0.0,0.0,0.0,True,17400,0,feasible,300600,0,0.0,2026-08-21T15:27:35.028988+00:00,complete,44740.66150257653,[],10.980370699999995
stage1_fixed_actions,formal,A2-only,A2-only,default,310020,D:\FileRecv\personal\paper\ship-op\code\case2_design\results\stage1_fixed_actions\A2-only\seed_310020,skipped_complete,True,False,True,False,{'A2': 25},1,42447.03694614032,0.0,"{'100': {'best_cost': 42447.03694614032, 'best_cv': 0.0, 'feasible': True, 'search_nfe': 300600}, '25': {'best_cost': 42909.162758837396, 'best_cv': 0.0, 'feasible': True, 'search_nfe': 75000}, '50': {'best_cost': 42522.00329574455, 'best_cv': 0.0, 'feasible': True, 'search_nfe': 150000}, '75': {'best_cost': 42462.431675850865, 'best_cv': 0.0, 'feasible': True, 'search_nfe': 225000}}",2026-08-21T15:27:46.195382+00:00,0.0,0.0,0.0,0.0,True,16800,0,feasible,300600,0,0.0,2026-08-21T15:27:35.316236+00:00,complete,44812.722880975074,[],10.871341799999996
stage1_fixed_actions,formal,A2-only,A2-only,default,310021,D:\FileRecv\personal\paper\ship-op\code\case2_design\results\stage1_fixed_actions\A2-only\seed_310021,skipped_complete,True,False,True,False,{'A2': 25},1,42402.75896732643,0.0,"{'100': {'best_cost': 42402.75896732643, 'best_cv': 0.0, 'feasible': True, 'search_nfe': 300600}, '25': {'best_cost': 42708.71732881542, 'best_cv': 0.0, 'feasible': True, 'search_nfe': 75000}, '50': {'best_cost': 42447.2597738161, 'best_cv': 0.0, 'feasible': True, 'search_nfe': 150000}, '75': {'best_cost': 42413.91688385429, 'best_cv': 0.0, 'feasible': True, 'search_nfe': 225000}}",2026-08-21T15:27:50.093735+00:00,0.0,0.0,0.0,0.0,True,17400,0,feasible,300600,0,0.0,2026-08-21T15:27:39.255218+00:00,complete,44759.46239651994,[],10.83422139999999
stage1_fixed_actions,formal,A2-only,A2-only,default,310022,D:\FileRecv\personal\paper\ship-op\code\case2_design\results\stage1_fixed_actions\A2-only\seed_310022,skipped_complete,True,False,True,False,{'A2': 25},1,42566.87969203472,0.0,"{'100': {'best_cost': 42566.87969203472, 'best_cv': 0.0, 'feasible': True, 'search_nfe': 300600}, '25': {'best_cost': 43508.82811381454, 'best_cv': 0.0, 'feasible': True, 'search_nfe': 75000}, '50': {'best_cost': 42788.776254730124, 'best_cv': 0.0, 'feasible': True, 'search_nfe': 150000}, '75': {'best_cost': 42607.765207943514, 'best_cv': 0.0, 'feasible': True, 'search_nfe': 225000}}",2026-08-21T15:27:50.779425+00:00,0.0,0.0,0.0,0.0,True,22800,0,feasible,300600,0,0.0,2026-08-21T15:27:39.901996+00:00,complete,44906.73717611275,[],10.870600800000005
stage1_fixed_actions,formal,A2-only,A2-only,default,310023,D:\FileRecv\personal\paper\ship-op\code\case2_design\results\stage1_fixed_actions\A2-only\seed_310023,skipped_complete,True,False,True,False,{'A2': 25},1,42413.31358193243,0.0,"{'100': {'best_cost': 42413.31358193243, 'best_cv': 0.0, 'feasible': True, 'search_nfe': 300600}, '25': {'best_cost': 43275.937454554034, 'best_cv': 0.0, 'feasible': True, 'search_nfe': 75000}, '50': {'best_cost': 42596.369131556174, 'best_cv': 0.0, 'feasible': True, 'search_nfe': 150000}, '75': {'best_cost': 42429.487466066756, 'best_cv': 0.0, 'feasible': True, 'search_nfe': 225000}}",2026-08-21T15:27:57.177080+00:00,0.0,0.0,0.0,0.0,True,15000,0,feasible,300600,0,0.0,2026-08-21T15:27:46.109357+00:00,complete,44761.99074753142,[],11.062455299999996
stage1_fixed_actions,formal,A2-only,A2-only,default,310024,D:\FileRecv\personal\paper\ship-op\code\case2_design\results\stage1_fixed_actions\A2-only\seed_310024,skipped_complete,True,False,True,False,{'A2': 25},1,42394.06631394857,0.0,"{'100': {'best_cost': 42394.06631394857, 'best_cv': 0.0, 'feasible': True, 'search_nfe': 300600}, '25': {'best_cost': 42701.52731256706, 'best_cv': 0.0, 'feasible': True, 'search_nfe': 75000}, '50': {'best_cost': 42466.535854436515, 'best_cv': 0.0, 'feasible': True, 'search_nfe': 150000}, '75': {'best_cost': 42404.05717302447, 'best_cv': 0.0, 'feasible': True, 'search_nfe': 225000}}",2026-08-21T15:27:57.341290+00:00,0.0,0.0,0.0,0.0,True,15000,0,feasible,300600,0,0.0,2026-08-21T15:27:46.294066+00:00,complete,44732.05215381715,[],11.043136400000009
stage1_fixed_actions,formal,A2-only,A2-only,default,310025,D:\FileRecv\personal\paper\ship-op\code\case2_design\results\stage1_fixed_actions\A2-only\seed_310025,skipped_complete,True,False,True,False,{'A2': 25},1,42387.626845935934,0.0,"{'100': {'best_cost': 42387.626845935934, 'best_cv': 0.0, 'feasible': True, 'search_nfe': 300600}, '25': {'best_cost': 43073.43569614302, 'best_cv': 0.0, 'feasible': True, 'search_nfe': 75000}, '50': {'best_cost': 42514.033186344284, 'best_cv': 0.0, 'feasible': True, 'search_nfe': 150000}, '75': {'best_cost': 42406.13453624981, 'best_cv': 0.0, 'feasible': True, 'search_nfe': 225000}}",2026-08-21T15:28:01.350056+00:00,0.0,0.0,0.0,0.0,True,16800,0,feasible,300600,0,0.0,2026-08-21T15:27:50.194328+00:00,complete,44722.56498234087,[],11.151083499999999
stage1_fixed_actions,formal,A2-only,A2-only,default,310026,D:\FileRecv\personal\paper\ship-op\code\case2_design\results\stage1_fixed_actions\A2-only\seed_310026,skipped_complete,True,False,True,False,{'A2': 25},1,42399.43104210791,0.0,"{'100': {'best_cost': 42399.43104210791, 'best_cv': 0.0, 'feasible': True, 'search_nfe': 300600}, '25': {'best_cost': 42823.277465706284, 'best_cv': 0.0, 'feasible': True, 'search_nfe': 75000}, '50': {'best_cost': 42468.54160851306, 'best_cv': 0.0, 'feasible': True, 'search_nfe': 150000}, '75': {'best_cost': 42419.59302000269, 'best_cv': 0.0, 'feasible': True, 'search_nfe': 225000}}",2026-08-21T15:28:02.083220+00:00,0.0,0.0,0.0,0.0,True,16200,0,feasible,300600,0,0.0,2026-08-21T15:27:50.875760+00:00,complete,44737.70629209419,[],11.202276699999985
stage1_fixed_actions,formal,A2-only,A2-only,default,310027,D:\FileRecv\personal\paper\ship-op\code\case2_design\results\stage1_fixed_actions\A2-only\seed_310027,skipped_complete,True,False,True,False,{'A2': 25},1,42386.02862766001,0.0,"{'100': {'best_cost': 42386.02862766001, 'best_cv': 0.0, 'feasible': True, 'search_nfe': 300600}, '25': {'best_cost': 43263.47992909115, 'best_cv': 0.0, 'feasible': True, 'search_nfe': 75000}, '50': {'best_cost': 42507.74344468679, 'best_cv': 0.0, 'feasible': True, 'search_nfe': 150000}, '75': {'best_cost': 42410.464753341104, 'best_cv': 0.0, 'feasible': True, 'search_nfe': 225000}}",2026-08-21T15:28:08.159036+00:00,0.0,0.0,0.0,0.0,True,21600,0,feasible,300600,0,0.0,2026-08-21T15:27:57.270314+00:00,complete,44714.30014084635,[],10.882112399999997
stage1_fixed_actions,formal,A2-only,A2-only,default,310028,D:\FileRecv\personal\paper\ship-op\code\case2_design\results\stage1_fixed_actions\A2-only\seed_310028,skipped_complete,True,False,True,False,{'A2': 25},1,42389.387086010815,0.0,"{'100': {'best_cost': 42389.387086010815, 'best_cv': 0.0, 'feasible': True, 'search_nfe': 300600}, '25': {'best_cost': 42761.40593260308, 'best_cv': 0.0, 'feasible': True, 'search_nfe': 75000}, '50': {'best_cost': 42442.00710062913, 'best_cv': 0.0, 'feasible': True, 'search_nfe': 150000}, '75': {'best_cost': 42407.48419088701, 'best_cv': 0.0, 'feasible': True, 'search_nfe': 225000}}",2026-08-21T15:28:08.343616+00:00,0.0,0.0,0.0,0.0,True,19800,0,feasible,300600,0,0.0,2026-08-21T15:27:57.444939+00:00,complete,44739.60187241757,[],10.894217900000015
stage1_fixed_actions,formal,A2-only,A2-only,default,310029,D:\FileRecv\personal\paper\ship-op\code\case2_design\results\stage1_fixed_actions\A2-only\seed_310029,skipped_complete,True,False,True,False,{'A2': 25},1,42383.439378437426,0.0,"{'100': {'best_cost': 42383.439378437426, 'best_cv': 0.0, 'feasible': True, 'search_nfe': 300600}, '25': {'best_cost': 42951.32648964766, 'best_cv': 0.0, 'feasible': True, 'search_nfe': 75000}, '50': {'best_cost': 42474.53091899995, 'best_cv': 0.0, 'feasible': True, 'search_nfe': 150000}, '75': {'best_cost': 42420.45005030578, 'best_cv': 0.0, 'feasible': True, 'search_nfe': 225000}}",2026-08-21T15:28:12.275306+00:00,0.0,0.0,0.0,0.0,True,13200,0,feasible,300600,0,0.0,2026-08-21T15:28:01.450171+00:00,complete,44734.61428864547,[],10.819082199999997
stage1_fixed_actions,formal,A2-only,A2-only,default,310030,D:\FileRecv\personal\paper\ship-op\code\case2_design\results\stage1_fixed_actions\A2-only\seed_310030,skipped_complete,True,False,True,False,{'A2': 25},1,42376.976235786016,0.0,"{'100': {'best_cost': 42376.976235786016, 'best_cv': 0.0, 'feasible': True, 'search_nfe': 300600}, '25': {'best_cost': 42996.22862027193, 'best_cv': 0.0, 'feasible': True, 'search_nfe': 75000}, '50': {'best_cost': 42439.31868159876, 'best_cv': 0.0, 'feasible': True, 'search_nfe': 150000}, '75': {'best_cost': 42384.50304011145, 'best_cv': 0.0, 'feasible': True, 'search_nfe': 225000}}",2026-08-21T15:28:13.094662+00:00,0.0,0.0,0.0,0.0,True,18000,0,feasible,300600,0,0.0,2026-08-21T15:28:02.180398+00:00,complete,44704.99867540067,[],10.909952599999997
stage1_fixed_actions,formal,A3-only,A3-only,default,310001,D:\FileRecv\personal\paper\ship-op\code\case2_design\results\stage1_fixed_actions\A3-only\seed_310001,skipped_complete,True,False,True,False,{'A3': 25},1,42387.32481018731,0.0,"{'100': {'best_cost': 42387.32481018731, 'best_cv': 0.0, 'feasible': True, 'search_nfe': 300600}, '25': {'best_cost': 42954.75894238975, 'best_cv': 0.0, 'feasible': True, 'search_nfe': 75000}, '50': {'best_cost': 42545.30187781823, 'best_cv': 0.0, 'feasible': True, 'search_nfe': 150000}, '75': {'best_cost': 42422.44900907084, 'best_cv': 0.0, 'feasible': True, 'search_nfe': 225000}}",2026-08-21T15:28:15.343058+00:00,0.0,0.0,0.0,0.0,True,12000,0,feasible,300600,0,0.0,2026-08-21T15:28:08.246556+00:00,complete,44731.182499396484,[],7.089715499999983
stage1_fixed_actions,formal,A3-only,A3-only,default,310002,D:\FileRecv\personal\paper\ship-op\code\case2_design\results\stage1_fixed_actions\A3-only\seed_310002,skipped_complete,True,False,True,False,{'A3': 25},1,42380.296428010144,0.0,"{'100': {'best_cost': 42380.296428010144, 'best_cv': 0.0, 'feasible': True, 'search_nfe': 300600}, '25': {'best_cost': 42662.84558816903, 'best_cv': 0.0, 'feasible': True, 'search_nfe': 75000}, '50': {'best_cost': 42490.24755838766, 'best_cv': 0.0, 'feasible': True, 'search_nfe': 150000}, '75': {'best_cost': 42411.99137480022, 'best_cv': 0.0, 'feasible': True, 'search_nfe': 225000}}",2026-08-21T15:28:15.666017+00:00,0.0,0.0,0.0,0.0,True,10800,0,feasible,300600,0,0.0,2026-08-21T15:28:08.436566+00:00,complete,44737.01453569199,[],7.224913299999997
stage1_fixed_actions,formal,A3-only,A3-only,default,310003,D:\FileRecv\personal\paper\ship-op\code\case2_design\results\stage1_fixed_actions\A3-only\seed_310003,skipped_complete,True,False,True,False,{'A3': 25},1,42377.793767557654,0.0,"{'100': {'best_cost': 42377.793767557654, 'best_cv': 0.0, 'feasible': True, 'search_nfe': 300600}, '25': {'best_cost': 42883.499362051116, 'best_cv': 0.0, 'feasible': True, 'search_nfe': 75000}, '50': {'best_cost': 42469.85646720943, 'best_cv': 0.0, 'feasible': True, 'search_nfe': 150000}, '75': {'best_cost': 42407.35207690038, 'best_cv': 0.0, 'feasible': True, 'search_nfe': 225000}}",2026-08-21T15:28:19.594359+00:00,0.0,0.0,0.0,0.0,True,13200,0,feasible,300600,0,0.0,2026-08-21T15:28:12.376446+00:00,complete,44731.534014626624,[],7.2139111000000185
stage1_fixed_actions,formal,A3-only,A3-only,default,310004,D:\FileRecv\personal\paper\ship-op\code\case2_design\results\stage1_fixed_actions\A3-only\seed_310004,skipped_complete,True,False,True,False,{'A3': 25},1,42398.2024019895,0.0,"{'100': {'best_cost': 42398.2024019895, 'best_cv': 0.0, 'feasible': True, 'search_nfe': 300600}, '25': {'best_cost': 42683.12315046896, 'best_cv': 0.0, 'feasible': True, 'search_nfe': 75000}, '50': {'best_cost': 42461.803122178906, 'best_cv': 0.0, 'feasible': True, 'search_nfe': 150000}, '75': {'best_cost': 42419.04119808215, 'best_cv': 0.0, 'feasible': True, 'search_nfe': 225000}}",2026-08-21T15:28:20.552316+00:00,0.0,0.0,0.0,0.0,True,12600,0,feasible,300600,0,0.0,2026-08-21T15:28:13.181784+00:00,complete,44752.97458762755,[],7.366323999999992
stage1_fixed_actions,formal,A3-only,A3-only,default,310005,D:\FileRecv\personal\paper\ship-op\code\case2_design\results\stage1_fixed_actions\A3-only\seed_310005,skipped_complete,True,False,True,False,{'A3': 25},1,42397.94698999212,0.0,"{'100': {'best_cost': 42397.94698999212, 'best_cv': 0.0, 'feasible': True, 'search_nfe': 300600}, '25': {'best_cost': 42993.23636133995, 'best_cv': 0.0, 'feasible': True, 'search_nfe': 75000}, '50': {'best_cost': 42491.25999422358, 'best_cv': 0.0, 'feasible': True, 'search_nfe': 150000}, '75': {'best_cost': 42420.77849708188, 'best_cv': 0.0, 'feasible': True, 'search_nfe': 225000}}",2026-08-21T15:28:22.871958+00:00,0.0,0.0,0.0,0.0,True,13200,0,feasible,300600,0,0.0,2026-08-21T15:28:15.439227+00:00,complete,44741.93039970759,[],7.428447199999994
stage1_fixed_actions,formal,A3-only,A3-only,default,310006,D:\FileRecv\personal\paper\ship-op\code\case2_design\results\stage1_fixed_actions\A3-only\seed_310006,skipped_complete,True,False,True,False,{'A3': 25},1,42389.95101090164,0.0,"{'100': {'best_cost': 42389.95101090164, 'best_cv': 0.0, 'feasible': True, 'search_nfe': 300600}, '25': {'best_cost': 42645.312917295385, 'best_cv': 0.0, 'feasible': True, 'search_nfe': 75000}, '50': {'best_cost': 42519.317073706115, 'best_cv': 0.0, 'feasible': True, 'search_nfe': 150000}, '75': {'best_cost': 42447.594610496075, 'best_cv': 0.0, 'feasible': True, 'search_nfe': 225000}}",2026-08-21T15:28:23.229248+00:00,0.0,0.0,0.0,0.0,True,8400,0,feasible,300600,0,0.0,2026-08-21T15:28:15.759462+00:00,complete,44725.68973176385,[],7.465100200000023
stage1_fixed_actions,formal,A3-only,A3-only,default,310007,D:\FileRecv\personal\paper\ship-op\code\case2_design\results\stage1_fixed_actions\A3-only\seed_310007,skipped_complete,True,False,True,False,{'A3': 25},1,42389.43836397489,0.0,"{'100': {'best_cost': 42389.43836397489, 'best_cv': 0.0, 'feasible': True, 'search_nfe': 300600}, '25': {'best_cost': 43067.9225109926, 'best_cv': 0.0, 'feasible': True, 'search_nfe': 75000}, '50': {'best_cost': 42482.62419920011, 'best_cv': 0.0, 'feasible': True, 'search_nfe': 150000}, '75': {'best_cost': 42429.36250628702, 'best_cv': 0.0, 'feasible': True, 'search_nfe': 225000}}",2026-08-21T15:28:27.113594+00:00,0.0,0.0,0.0,0.0,True,10800,0,feasible,300600,0,0.0,2026-08-21T15:28:19.690712+00:00,complete,44740.64363974127,[],7.416160300000001
stage1_fixed_actions,formal,A3-only,A3-only,default,310008,D:\FileRecv\personal\paper\ship-op\code\case2_design\results\stage1_fixed_actions\A3-only\seed_310008,skipped_complete,True,False,True,False,{'A3': 25},1,42398.047944289756,0.0,"{'100': {'best_cost': 42398.047944289756, 'best_cv': 0.0, 'feasible': True, 'search_nfe': 300600}, '25': {'best_cost': 43033.7774038919, 'best_cv': 0.0, 'feasible': True, 'search_nfe': 75000}, '50': {'best_cost': 42590.88336544971, 'best_cv': 0.0, 'feasible': True, 'search_nfe': 150000}, '75': {'best_cost': 42442.79725238408, 'best_cv': 0.0, 'feasible': True, 'search_nfe': 225000}}",2026-08-21T15:28:28.350298+00:00,0.0,0.0,0.0,0.0,True,15600,0,feasible,300600,0,0.0,2026-08-21T15:28:20.656019+00:00,complete,44753.38563718854,[],7.689130799999987
stage1_fixed_actions,formal,A3-only,A3-only,default,310009,D:\FileRecv\personal\paper\ship-op\code\case2_design\results\stage1_fixed_actions\A3-only\seed_310009,skipped_complete,True,False,True,False,{'A3': 25},1,42379.28545475986,0.0,"{'100': {'best_cost': 42379.28545475986, 'best_cv': 0.0, 'feasible': True, 'search_nfe': 300600}, '25': {'best_cost': 43169.994942586825, 'best_cv': 0.0, 'feasible': True, 'search_nfe': 75000}, '50': {'best_cost': 42560.370204516425, 'best_cv': 0.0, 'feasible': True, 'search_nfe': 150000}, '75': {'best_cost': 42429.92562277879, 'best_cv': 0.0, 'feasible': True, 'search_nfe': 225000}}",2026-08-21T15:28:30.534241+00:00,0.0,0.0,0.0,0.0,True,17400,0,feasible,300600,0,0.0,2026-08-21T15:28:22.961889+00:00,complete,44740.0259103879,[],7.567711300000013
stage1_fixed_actions,formal,A3-only,A3-only,default,310010,D:\FileRecv\personal\paper\ship-op\code\case2_design\results\stage1_fixed_actions\A3-only\seed_310010,skipped_complete,True,False,True,False,{'A3': 25},1,42382.93092889871,0.0,"{'100': {'best_cost': 42382.93092889871, 'best_cv': 0.0, 'feasible': True, 'search_nfe': 300600}, '25': {'best_cost': 42891.838159950115, 'best_cv': 0.0, 'feasible': True, 'search_nfe': 75000}, '50': {'best_cost': 42486.94219698019, 'best_cv': 0.0, 'feasible': True, 'search_nfe': 150000}, '75': {'best_cost': 42407.32068213272, 'best_cv': 0.0, 'feasible': True, 'search_nfe': 225000}}",2026-08-21T15:28:30.933090+00:00,0.0,0.0,0.0,0.0,True,12000,0,feasible,300600,0,0.0,2026-08-21T15:28:23.332807+00:00,complete,44730.55411071981,[],7.594863400000008
stage1_fixed_actions,formal,A3-only,A3-only,default,310011,D:\FileRecv\personal\paper\ship-op\code\case2_design\results\stage1_fixed_actions\A3-only\seed_310011,skipped_complete,True,False,True,False,{'A3': 25},1,42378.09573965884,0.0,"{'100': {'best_cost': 42378.09573965884, 'best_cv': 0.0, 'feasible': True, 'search_nfe': 300600}, '25': {'best_cost': 42839.94059137726, 'best_cv': 0.0, 'feasible': True, 'search_nfe': 75000}, '50': {'best_cost': 42502.13078479392, 'best_cv': 0.0, 'feasible': True, 'search_nfe': 150000}, '75': {'best_cost': 42427.258112038675, 'best_cv': 0.0, 'feasible': True, 'search_nfe': 225000}}",2026-08-21T15:28:34.567189+00:00,0.0,0.0,0.0,0.0,True,15600,0,feasible,300600,0,0.0,2026-08-21T15:28:27.202299+00:00,complete,44731.16389910047,[],7.360813100000001
stage1_fixed_actions,formal,A3-only,A3-only,default,310012,D:\FileRecv\personal\paper\ship-op\code\case2_design\results\stage1_fixed_actions\A3-only\seed_310012,skipped_complete,True,False,True,False,{'A3': 25},1,42388.42158637071,0.0,"{'100': {'best_cost': 42388.42158637071, 'best_cv': 0.0, 'feasible': True, 'search_nfe': 300600}, '25': {'best_cost': 43714.683146711715, 'best_cv': 0.0, 'feasible': True, 'search_nfe': 75000}, '50': {'best_cost': 42682.62581833228, 'best_cv': 0.0, 'feasible': True, 'search_nfe': 150000}, '75': {'best_cost': 42437.93297589698, 'best_cv': 0.0, 'feasible': True, 'search_nfe': 225000}}",2026-08-21T15:28:35.711726+00:00,0.0,0.0,0.0,0.0,True,20400,0,feasible,300600,0,0.0,2026-08-21T15:28:28.460738+00:00,complete,44725.103290045605,[],7.246906500000023
stage1_fixed_actions,formal,A3-only,A3-only,default,310013,D:\FileRecv\personal\paper\ship-op\code\case2_design\results\stage1_fixed_actions\A3-only\seed_310013,skipped_complete,True,False,True,False,{'A3': 25},1,42376.22132344597,0.0,"{'100': {'best_cost': 42376.22132344597, 'best_cv': 0.0, 'feasible': True, 'search_nfe': 300600}, '25': {'best_cost': 42673.0237169331, 'best_cv': 0.0, 'feasible': True, 'search_nfe': 75000}, '50': {'best_cost': 42479.0509771874, 'best_cv': 0.0, 'feasible': True, 'search_nfe': 150000}, '75': {'best_cost': 42397.63666476446, 'best_cv': 0.0, 'feasible': True, 'search_nfe': 225000}}",2026-08-21T15:28:37.819895+00:00,0.0,0.0,0.0,0.0,True,15000,0,feasible,300600,0,0.0,2026-08-21T15:28:30.636689+00:00,complete,44719.31924471804,[],7.1789336999999875
stage1_fixed_actions,formal,A3-only,A3-only,default,310014,D:\FileRecv\personal\paper\ship-op\code\case2_design\results\stage1_fixed_actions\A3-only\seed_310014,skipped_complete,True,False,True,False,{'A3': 25},1,42384.53291283446,0.0,"{'100': {'best_cost': 42384.53291283446, 'best_cv': 0.0, 'feasible': True, 'search_nfe': 300600}, '25': {'best_cost': 43163.28293715093, 'best_cv': 0.0, 'feasible': True, 'search_nfe': 75000}, '50': {'best_cost': 42496.33138048519, 'best_cv': 0.0, 'feasible': True, 'search_nfe': 150000}, '75': {'best_cost': 42407.86525328216, 'best_cv': 0.0, 'feasible': True, 'search_nfe': 225000}}",2026-08-21T15:28:38.296520+00:00,0.0,0.0,0.0,0.0,True,9000,0,feasible,300600,0,0.0,2026-08-21T15:28:31.019969+00:00,complete,44731.42264574057,[],7.2706634999999835
stage1_fixed_actions,formal,A3-only,A3-only,default,310015,D:\FileRecv\personal\paper\ship-op\code\case2_design\results\stage1_fixed_actions\A3-only\seed_310015,skipped_complete,True,False,True,False,{'A3': 25},1,42373.71973886435,0.0,"{'100': {'best_cost': 42373.71973886435, 'best_cv': 0.0, 'feasible': True, 'search_nfe': 300600}, '25': {'best_cost': 42923.7786299711, 'best_cv': 0.0, 'feasible': True, 'search_nfe': 75000}, '50': {'best_cost': 42443.30383160206, 'best_cv': 0.0, 'feasible': True, 'search_nfe': 150000}, '75': {'best_cost': 42397.55258370223, 'best_cv': 0.0, 'feasible': True, 'search_nfe': 225000}}",2026-08-21T15:28:41.821316+00:00,0.0,0.0,0.0,0.0,True,13200,0,feasible,300600,0,0.0,2026-08-21T15:28:34.659524+00:00,complete,44704.75237422493,[],7.158022700000004
stage1_fixed_actions,formal,A3-only,A3-only,default,310016,D:\FileRecv\personal\paper\ship-op\code\case2_design\results\stage1_fixed_actions\A3-only\seed_310016,skipped_complete,True,False,True,False,{'A3': 25},1,42377.005898222924,0.0,"{'100': {'best_cost': 42377.005898222924, 'best_cv': 0.0, 'feasible': True, 'search_nfe': 300600}, '25': {'best_cost': 43014.79670387058, 'best_cv': 0.0, 'feasible': True, 'search_nfe': 75000}, '50': {'best_cost': 42497.77223969843, 'best_cv': 0.0, 'feasible': True, 'search_nfe': 150000}, '75': {'best_cost': 42418.285325456774, 'best_cv': 0.0, 'feasible': True, 'search_nfe': 225000}}",2026-08-21T15:28:43.100225+00:00,0.0,0.0,0.0,0.0,True,10800,0,feasible,300600,0,0.0,2026-08-21T15:28:35.800534+00:00,complete,44725.108500144706,[],7.295178200000009
stage1_fixed_actions,formal,A3-only,A3-only,default,310017,D:\FileRecv\personal\paper\ship-op\code\case2_design\results\stage1_fixed_actions\A3-only\seed_310017,skipped_complete,True,False,True,False,{'A3': 25},1,42387.21173978738,0.0,"{'100': {'best_cost': 42387.21173978738, 'best_cv': 0.0, 'feasible': True, 'search_nfe': 300600}, '25': {'best_cost': 42888.66419414598, 'best_cv': 0.0, 'feasible': True, 'search_nfe': 75000}, '50': {'best_cost': 42485.990427232566, 'best_cv': 0.0, 'feasible': True, 'search_nfe': 150000}, '75': {'best_cost': 42412.96653148077, 'best_cv': 0.0, 'feasible': True, 'search_nfe': 225000}}",2026-08-21T15:28:45.213840+00:00,0.0,0.0,0.0,0.0,True,13800,0,feasible,300600,0,0.0,2026-08-21T15:28:37.913712+00:00,complete,44734.897348334416,[],7.294639399999994
stage1_fixed_actions,formal,A3-only,A3-only,default,310018,D:\FileRecv\personal\paper\ship-op\code\case2_design\results\stage1_fixed_actions\A3-only\seed_310018,skipped_complete,True,False,True,False,{'A3': 25},1,42380.423439371836,0.0,"{'100': {'best_cost': 42380.423439371836, 'best_cv': 0.0, 'feasible': True, 'search_nfe': 300600}, '25': {'best_cost': 43865.977073926406, 'best_cv': 0.0, 'feasible': True, 'search_nfe': 75000}, '50': {'best_cost': 42589.56198044984, 'best_cv': 0.0, 'feasible': True, 'search_nfe': 150000}, '75': {'best_cost': 42420.41392325376, 'best_cv': 0.0, 'feasible': True, 'search_nfe': 225000}}",2026-08-21T15:28:45.713041+00:00,0.0,0.0,0.0,0.0,True,16200,0,feasible,300600,0,0.0,2026-08-21T15:28:38.398768+00:00,complete,44728.684273156454,[],7.3101451
stage1_fixed_actions,formal,A3-only,A3-only,default,310019,D:\FileRecv\personal\paper\ship-op\code\case2_design\results\stage1_fixed_actions\A3-only\seed_310019,skipped_complete,True,False,True,False,{'A3': 25},1,42397.35355375198,0.0,"{'100': {'best_cost': 42397.35355375198, 'best_cv': 0.0, 'feasible': True, 'search_nfe': 300600}, '25': {'best_cost': 42923.454101681076, 'best_cv': 0.0, 'feasible': True, 'search_nfe': 75000}, '50': {'best_cost': 42460.462242066176, 'best_cv': 0.0, 'feasible': True, 'search_nfe': 150000}, '75': {'best_cost': 42416.430111564405, 'best_cv': 0.0, 'feasible': True, 'search_nfe': 225000}}",2026-08-21T15:28:49.059010+00:00,0.0,0.0,0.0,0.0,True,15000,0,feasible,300600,0,0.0,2026-08-21T15:28:41.921624+00:00,complete,44755.377113357004,[],7.132595199999997
stage1_fixed_actions,formal,A3-only,A3-only,default,310020,D:\FileRecv\personal\paper\ship-op\code\case2_design\results\stage1_fixed_actions\A3-only\seed_310020,skipped_complete,True,False,True,False,{'A3': 25},1,42386.70884769179,0.0,"{'100': {'best_cost': 42386.70884769179, 'best_cv': 0.0, 'feasible': True, 'search_nfe': 300600}, '25': {'best_cost': 42838.80984388025, 'best_cv': 0.0, 'feasible': True, 'search_nfe': 75000}, '50': {'best_cost': 42515.08866106167, 'best_cv': 0.0, 'feasible': True, 'search_nfe': 150000}, '75': {'best_cost': 42464.01109147371, 'best_cv': 0.0, 'feasible': True, 'search_nfe': 225000}}",2026-08-21T15:28:50.452209+00:00,0.0,0.0,0.0,0.0,True,14400,0,feasible,300600,0,0.0,2026-08-21T15:28:43.189834+00:00,complete,44741.23998455976,[],7.257051599999983
stage1_fixed_actions,formal,A3-only,A3-only,default,310021,D:\FileRecv\personal\paper\ship-op\code\case2_design\results\stage1_fixed_actions\A3-only\seed_310021,skipped_complete,True,False,True,False,{'A3': 25},1,42388.14084309265,0.0,"{'100': {'best_cost': 42388.14084309265, 'best_cv': 0.0, 'feasible': True, 'search_nfe': 300600}, '25': {'best_cost': 42814.03338581555, 'best_cv': 0.0, 'feasible': True, 'search_nfe': 75000}, '50': {'best_cost': 42509.1570834396, 'best_cv': 0.0, 'feasible': True, 'search_nfe': 150000}, '75': {'best_cost': 42431.114493748646, 'best_cv': 0.0, 'feasible': True, 'search_nfe': 225000}}",2026-08-21T15:28:52.510100+00:00,0.0,0.0,0.0,0.0,True,17400,0,feasible,300600,0,0.0,2026-08-21T15:28:45.318111+00:00,complete,44733.229059674886,[],7.186097100000012
stage1_fixed_actions,formal,A3-only,A3-only,default,310022,D:\FileRecv\personal\paper\ship-op\code\case2_design\results\stage1_fixed_actions\A3-only\seed_310022,skipped_complete,True,False,True,False,{'A3': 25},1,42382.18931541355,0.0,"{'100': {'best_cost': 42382.18931541355, 'best_cv': 0.0, 'feasible': True, 'search_nfe': 300600}, '25': {'best_cost': 42852.246298181344, 'best_cv': 0.0, 'feasible': True, 'search_nfe': 75000}, '50': {'best_cost': 42485.20053966534, 'best_cv': 0.0, 'feasible': True, 'search_nfe': 150000}, '75': {'best_cost': 42405.51026195903, 'best_cv': 0.0, 'feasible': True, 'search_nfe': 225000}}",2026-08-21T15:28:53.008075+00:00,0.0,0.0,0.0,0.0,True,15000,0,feasible,300600,0,0.0,2026-08-21T15:28:45.815884+00:00,complete,44729.20109747916,[],7.185378900000018
stage1_fixed_actions,formal,A3-only,A3-only,default,310023,D:\FileRecv\personal\paper\ship-op\code\case2_design\results\stage1_fixed_actions\A3-only\seed_310023,skipped_complete,True,False,True,False,{'A3': 25},1,42381.68837208877,0.0,"{'100': {'best_cost': 42381.68837208877, 'best_cv': 0.0, 'feasible': True, 'search_nfe': 300600}, '25': {'best_cost': 44157.90225448449, 'best_cv': 0.0, 'feasible': True, 'search_nfe': 75000}, '50': {'best_cost': 42533.99232153047, 'best_cv': 0.0, 'feasible': True, 'search_nfe': 150000}, '75': {'best_cost': 42434.76344653095, 'best_cv': 0.0, 'feasible': True, 'search_nfe': 225000}}",2026-08-21T15:28:56.547474+00:00,0.0,0.0,0.0,0.0,True,11400,0,feasible,300600,0,0.0,2026-08-21T15:28:49.142765+00:00,complete,44723.95708204058,[],7.40025510000001
stage1_fixed_actions,formal,A3-only,A3-only,default,310024,D:\FileRecv\personal\paper\ship-op\code\case2_design\results\stage1_fixed_actions\A3-only\seed_310024,skipped_complete,True,False,True,False,{'A3': 25},1,42388.99164521543,0.0,"{'100': {'best_cost': 42388.99164521543, 'best_cv': 0.0, 'feasible': True, 'search_nfe': 300600}, '25': {'best_cost': 42994.51730261739, 'best_cv': 0.0, 'feasible': True, 'search_nfe': 75000}, '50': {'best_cost': 42538.795434607164, 'best_cv': 0.0, 'feasible': True, 'search_nfe': 150000}, '75': {'best_cost': 42431.26133818111, 'best_cv': 0.0, 'feasible': True, 'search_nfe': 225000}}",2026-08-21T15:28:58.131584+00:00,0.0,0.0,0.0,0.0,True,16800,0,feasible,300600,0,0.0,2026-08-21T15:28:50.545872+00:00,complete,44743.853922863,[],7.581103499999983
stage1_fixed_actions,formal,A3-only,A3-only,default,310025,D:\FileRecv\personal\paper\ship-op\code\case2_design\results\stage1_fixed_actions\A3-only\seed_310025,skipped_complete,True,False,True,False,{'A3': 25},1,42394.29355932874,0.0,"{'100': {'best_cost': 42394.29355932874, 'best_cv': 0.0, 'feasible': True, 'search_nfe': 300600}, '25': {'best_cost': 44295.11794397068, 'best_cv': 0.0, 'feasible': True, 'search_nfe': 75000}, '50': {'best_cost': 42550.58675831826, 'best_cv': 0.0, 'feasible': True, 'search_nfe': 150000}, '75': {'best_cost': 42445.07654376938, 'best_cv': 0.0, 'feasible': True, 'search_nfe': 225000}}",2026-08-21T15:29:00.269544+00:00,0.0,0.0,0.0,0.0,True,14400,0,feasible,300600,0,0.0,2026-08-21T15:28:52.604287+00:00,complete,44753.33957344155,[],7.66148419999999
stage1_fixed_actions,formal,A3-only,A3-only,default,310026,D:\FileRecv\personal\paper\ship-op\code\case2_design\results\stage1_fixed_actions\A3-only\seed_310026,skipped_complete,True,False,True,False,{'A3': 25},1,42395.19349657427,0.0,"{'100': {'best_cost': 42395.19349657427, 'best_cv': 0.0, 'feasible': True, 'search_nfe': 300600}, '25': {'best_cost': 42672.846425778975, 'best_cv': 0.0, 'feasible': True, 'search_nfe': 75000}, '50': {'best_cost': 42494.43802569709, 'best_cv': 0.0, 'feasible': True, 'search_nfe': 150000}, '75': {'best_cost': 42434.42012710692, 'best_cv': 0.0, 'feasible': True, 'search_nfe': 225000}}",2026-08-21T15:29:00.867386+00:00,0.0,0.0,0.0,0.0,True,10800,0,feasible,300600,0,0.0,2026-08-21T15:28:53.111305+00:00,complete,44739.13040384307,[],7.751824099999993
stage1_fixed_actions,formal,A3-only,A3-only,default,310027,D:\FileRecv\personal\paper\ship-op\code\case2_design\results\stage1_fixed_actions\A3-only\seed_310027,skipped_complete,True,False,True,False,{'A3': 25},1,42379.61804340687,0.0,"{'100': {'best_cost': 42379.61804340687, 'best_cv': 0.0, 'feasible': True, 'search_nfe': 300600}, '25': {'best_cost': 42763.47306012922, 'best_cv': 0.0, 'feasible': True, 'search_nfe': 75000}, '50': {'best_cost': 42434.75901538388, 'best_cv': 0.0, 'feasible': True, 'search_nfe': 150000}, '75': {'best_cost': 42396.588627421515, 'best_cv': 0.0, 'feasible': True, 'search_nfe': 225000}}",2026-08-21T15:29:04.117028+00:00,0.0,0.0,0.0,0.0,True,15000,0,feasible,300600,0,0.0,2026-08-21T15:28:56.637557+00:00,complete,44719.786427549945,[],7.473178400000023
stage1_fixed_actions,formal,A3-only,A3-only,default,310028,D:\FileRecv\personal\paper\ship-op\code\case2_design\results\stage1_fixed_actions\A3-only\seed_310028,skipped_complete,True,False,True,False,{'A3': 25},1,42394.49802253188,0.0,"{'100': {'best_cost': 42394.49802253188, 'best_cv': 0.0, 'feasible': True, 'search_nfe': 300600}, '25': {'best_cost': 42737.438766958425, 'best_cv': 0.0, 'feasible': True, 'search_nfe': 75000}, '50': {'best_cost': 42441.37647507849, 'best_cv': 0.0, 'feasible': True, 'search_nfe': 150000}, '75': {'best_cost': 42407.575077842484, 'best_cv': 0.0, 'feasible': True, 'search_nfe': 225000}}",2026-08-21T15:29:05.576636+00:00,0.0,0.0,0.0,0.0,True,14400,0,feasible,300600,0,0.0,2026-08-21T15:28:58.228279+00:00,complete,44756.8494397547,[],7.343730899999997
stage1_fixed_actions,formal,A3-only,A3-only,default,310029,D:\FileRecv\personal\paper\ship-op\code\case2_design\results\stage1_fixed_actions\A3-only\seed_310029,skipped_complete,True,False,True,False,{'A3': 25},1,42393.46385280924,0.0,"{'100': {'best_cost': 42393.46385280924, 'best_cv': 0.0, 'feasible': True, 'search_nfe': 300600}, '25': {'best_cost': 43723.73707096858, 'best_cv': 0.0, 'feasible': True, 'search_nfe': 75000}, '50': {'best_cost': 42561.83287982863, 'best_cv': 0.0, 'feasible': True, 'search_nfe': 150000}, '75': {'best_cost': 42439.79745566378, 'best_cv': 0.0, 'feasible': True, 'search_nfe': 225000}}",2026-08-21T15:29:07.419588+00:00,0.0,0.0,0.0,0.0,True,13800,0,feasible,300600,0,0.0,2026-08-21T15:29:00.358068+00:00,complete,44749.70785392003,[],7.057453100000004
stage1_fixed_actions,formal,A3-only,A3-only,default,310030,D:\FileRecv\personal\paper\ship-op\code\case2_design\results\stage1_fixed_actions\A3-only\seed_310030,skipped_complete,True,False,True,False,{'A3': 25},1,42392.85869452616,0.0,"{'100': {'best_cost': 42392.85869452616, 'best_cv': 0.0, 'feasible': True, 'search_nfe': 300600}, '25': {'best_cost': 43159.603458428304, 'best_cv': 0.0, 'feasible': True, 'search_nfe': 75000}, '50': {'best_cost': 42541.70518172733, 'best_cv': 0.0, 'feasible': True, 'search_nfe': 150000}, '75': {'best_cost': 42420.27076529623, 'best_cv': 0.0, 'feasible': True, 'search_nfe': 225000}}",2026-08-21T15:29:08.090637+00:00,0.0,0.0,0.0,0.0,True,21600,0,feasible,300600,0,0.0,2026-08-21T15:29:00.954214+00:00,complete,44744.90850412984,[],7.1331083000000035
stage1_fixed_actions,formal,A4-only,A4-only,default,310001,D:\FileRecv\personal\paper\ship-op\code\case2_design\results\stage1_fixed_actions\A4-only\seed_310001,skipped_complete,True,False,True,False,{'A4': 25},1,42576.82021066197,0.0,"{'100': {'best_cost': 42576.82021066197, 'best_cv': 0.0, 'feasible': True, 'search_nfe': 300600}, '25': {'best_cost': 43310.75746465882, 'best_cv': 0.0, 'feasible': True, 'search_nfe': 75000}, '50': {'best_cost': 42892.055512087776, 'best_cv': 0.0, 'feasible': True, 'search_nfe': 150000}, '75': {'best_cost': 42646.913064585504, 'best_cv': 0.0, 'feasible': True, 'search_nfe': 225000}}",2026-08-21T15:29:10.822606+00:00,0.0,0.0,0.0,0.0,True,8400,0,feasible,300600,0,0.0,2026-08-21T15:29:04.216383+00:00,complete,44928.279787324864,[],6.602522099999987
stage1_fixed_actions,formal,A4-only,A4-only,default,310002,D:\FileRecv\personal\paper\ship-op\code\case2_design\results\stage1_fixed_actions\A4-only\seed_310002,complete,True,False,True,False,{'A4': 25},1,42562.18708867571,0.0,"{'100': {'best_cost': 42562.18708867571, 'best_cv': 0.0, 'feasible': True, 'search_nfe': 300600}, '25': {'best_cost': 42924.6273854897, 'best_cv': 0.0, 'feasible': True, 'search_nfe': 75000}, '50': {'best_cost': 42693.96130366375, 'best_cv': 0.0, 'feasible': True, 'search_nfe': 150000}, '75': {'best_cost': 42585.87109026833, 'best_cv': 0.0, 'feasible': True, 'search_nfe': 225000}}",2026-08-21T15:31:40.155358+00:00,0.0,0.0,0.0,0.0,True,5400,0,feasible,300600,0,0.0,2026-08-21T15:31:29.275856+00:00,complete,44887.26594434724,[],10.8717371
stage1_fixed_actions,formal,A4-only,A4-only,default,310003,D:\FileRecv\personal\paper\ship-op\code\case2_design\results\stage1_fixed_actions\A4-only\seed_310003,complete,True,False,True,False,{'A4': 25},1,42517.98855880722,0.0,"{'100': {'best_cost': 42517.98855880722, 'best_cv': 0.0, 'feasible': True, 'search_nfe': 300600}, '25': {'best_cost': 43264.2698263667, 'best_cv': 0.0, 'feasible': True, 'search_nfe': 75000}, '50': {'best_cost': 42728.29113725573, 'best_cv': 0.0, 'feasible': True, 'search_nfe': 150000}, '75': {'best_cost': 42558.9363437572, 'best_cv': 0.0, 'feasible': True, 'search_nfe': 225000}}",2026-08-21T15:31:40.241093+00:00,0.0,0.0,0.0,0.0,True,6600,0,feasible,300600,0,0.0,2026-08-21T15:31:29.330009+00:00,complete,44859.8442127937,[],10.905466200000001
stage1_fixed_actions,formal,A4-only,A4-only,default,310004,D:\FileRecv\personal\paper\ship-op\code\case2_design\results\stage1_fixed_actions\A4-only\seed_310004,complete,True,False,True,False,{'A4': 25},1,42459.05580747275,0.0,"{'100': {'best_cost': 42459.05580747275, 'best_cv': 0.0, 'feasible': True, 'search_nfe': 300600}, '25': {'best_cost': 43070.77625662826, 'best_cv': 0.0, 'feasible': True, 'search_nfe': 75000}, '50': {'best_cost': 42701.1888691031, 'best_cv': 0.0, 'feasible': True, 'search_nfe': 150000}, '75': {'best_cost': 42496.119118753464, 'best_cv': 0.0, 'feasible': True, 'search_nfe': 225000}}",2026-08-21T15:31:40.239088+00:00,0.0,0.0,0.0,0.0,True,7800,0,feasible,300600,0,0.0,2026-08-21T15:31:29.391982+00:00,complete,44795.89098710123,[],10.8401663
stage1_fixed_actions,formal,A4-only,A4-only,default,310005,D:\FileRecv\personal\paper\ship-op\code\case2_design\results\stage1_fixed_actions\A4-only\seed_310005,complete,True,False,True,False,{'A4': 25},1,42492.82625859871,0.0,"{'100': {'best_cost': 42492.82625859871, 'best_cv': 0.0, 'feasible': True, 'search_nfe': 300600}, '25': {'best_cost': 43094.80151517458, 'best_cv': 0.0, 'feasible': True, 'search_nfe': 75000}, '50': {'best_cost': 42712.20503112275, 'best_cv': 0.0, 'feasible': True, 'search_nfe': 150000}, '75': {'best_cost': 42512.18287363672, 'best_cv': 0.0, 'feasible': True, 'search_nfe': 225000}}",2026-08-21T15:31:40.408491+00:00,0.0,0.0,0.0,0.0,True,7200,0,feasible,300600,0,0.0,2026-08-21T15:31:29.471446+00:00,complete,44831.60260676492,[],10.9297745
stage1_fixed_actions,formal,A4-only,A4-only,default,310006,D:\FileRecv\personal\paper\ship-op\code\case2_design\results\stage1_fixed_actions\A4-only\seed_310006,complete,True,False,True,False,{'A4': 25},1,42790.286400955505,0.0,"{'100': {'best_cost': 42790.286400955505, 'best_cv': 0.0, 'feasible': True, 'search_nfe': 300600}, '25': {'best_cost': 43363.933723759765, 'best_cv': 0.0, 'feasible': True, 'search_nfe': 75000}, '50': {'best_cost': 43049.34436542535, 'best_cv': 0.0, 'feasible': True, 'search_nfe': 150000}, '75': {'best_cost': 42875.720513164684, 'best_cv': 0.0, 'feasible': True, 'search_nfe': 225000}}",2026-08-21T15:31:48.388696+00:00,0.0,0.0,0.0,0.0,True,6000,0,feasible,300600,0,0.0,2026-08-21T15:31:40.261943+00:00,complete,45113.36075315696,[],8.122805800000002
stage1_fixed_actions,formal,A4-only,A4-only,default,310007,D:\FileRecv\personal\paper\ship-op\code\case2_design\results\stage1_fixed_actions\A4-only\seed_310007,complete,True,False,True,False,{'A4': 25},1,42589.87214189957,0.0,"{'100': {'best_cost': 42589.87214189957, 'best_cv': 0.0, 'feasible': True, 'search_nfe': 300600}, '25': {'best_cost': 43275.68593222146, 'best_cv': 0.0, 'feasible': True, 'search_nfe': 75000}, '50': {'best_cost': 42892.57636234014, 'best_cv': 0.0, 'feasible': True, 'search_nfe': 150000}, '75': {'best_cost': 42613.07725914443, 'best_cv': 0.0, 'feasible': True, 'search_nfe': 225000}}",2026-08-21T15:31:48.437327+00:00,0.0,0.0,0.0,0.0,True,6600,0,feasible,300600,0,0.0,2026-08-21T15:31:40.345609+00:00,complete,44884.80529774209,[],8.0870319
stage1_fixed_actions,formal,A4-only,A4-only,default,310008,D:\FileRecv\personal\paper\ship-op\code\case2_design\results\stage1_fixed_actions\A4-only\seed_310008,complete,True,False,True,False,{'A4': 25},1,42601.311149621244,0.0,"{'100': {'best_cost': 42601.311149621244, 'best_cv': 0.0, 'feasible': True, 'search_nfe': 300600}, '25': {'best_cost': 43143.33718993404, 'best_cv': 0.0, 'feasible': True, 'search_nfe': 75000}, '50': {'best_cost': 42898.15164438703, 'best_cv': 0.0, 'feasible': True, 'search_nfe': 150000}, '75': {'best_cost': 42667.464366897664, 'best_cv': 0.0, 'feasible': True, 'search_nfe': 225000}}",2026-08-21T15:31:48.455512+00:00,0.0,0.0,0.0,0.0,True,6000,0,feasible,300600,0,0.0,2026-08-21T15:31:40.349161+00:00,complete,44916.99640387483,[],8.1007821
stage1_fixed_actions,formal,A4-only,A4-only,default,310009,D:\FileRecv\personal\paper\ship-op\code\case2_design\results\stage1_fixed_actions\A4-only\seed_310009,complete,True,False,True,False,{'A4': 25},1,42521.94850748459,0.0,"{'100': {'best_cost': 42521.94850748459, 'best_cv': 0.0, 'feasible': True, 'search_nfe': 300600}, '25': {'best_cost': 42879.596160759225, 'best_cv': 0.0, 'feasible': True, 'search_nfe': 75000}, '50': {'best_cost': 42616.45868913393, 'best_cv': 0.0, 'feasible': True, 'search_nfe': 150000}, '75': {'best_cost': 42546.98422063963, 'best_cv': 0.0, 'feasible': True, 'search_nfe': 225000}}",2026-08-21T15:31:48.582237+00:00,0.0,0.0,0.0,0.0,True,5400,0,feasible,300600,0,0.0,2026-08-21T15:31:40.516802+00:00,complete,44868.7404943257,[],8.059269100000002
stage1_fixed_actions,formal,A4-only,A4-only,default,310010,D:\FileRecv\personal\paper\ship-op\code\case2_design\results\stage1_fixed_actions\A4-only\seed_310010,complete,True,False,True,False,{'A4': 25},1,42485.5049774825,0.0,"{'100': {'best_cost': 42485.5049774825, 'best_cv': 0.0, 'feasible': True, 'search_nfe': 300600}, '25': {'best_cost': 42802.240014672665, 'best_cv': 0.0, 'feasible': True, 'search_nfe': 75000}, '50': {'best_cost': 42595.80060730039, 'best_cv': 0.0, 'feasible': True, 'search_nfe': 150000}, '75': {'best_cost': 42494.69151581613, 'best_cv': 0.0, 'feasible': True, 'search_nfe': 225000}}",2026-08-21T15:31:56.938773+00:00,0.0,0.0,0.0,0.0,True,6600,0,feasible,300600,0,0.0,2026-08-21T15:31:48.482681+00:00,complete,44824.19200671758,[],8.451746
stage1_fixed_actions,formal,A4-only,A4-only,default,310011,D:\FileRecv\personal\paper\ship-op\code\case2_design\results\stage1_fixed_actions\A4-only\seed_310011,complete,True,False,True,False,{'A4': 25},1,42667.26007977057,0.0,"{'100': {'best_cost': 42667.26007977057, 'best_cv': 0.0, 'feasible': True, 'search_nfe': 300600}, '25': {'best_cost': 43354.15869633884, 'best_cv': 0.0, 'feasible': True, 'search_nfe': 75000}, '50': {'best_cost': 43016.48965009463, 'best_cv': 0.0, 'feasible': True, 'search_nfe': 150000}, '75': {'best_cost': 42688.81956360581, 'best_cv': 0.0, 'feasible': True, 'search_nfe': 225000}}",2026-08-21T15:31:56.941112+00:00,0.0,0.0,0.0,0.0,True,6000,0,feasible,300600,0,0.0,2026-08-21T15:31:48.537126+00:00,complete,45012.32011659152,[],8.400559299999998
stage1_fixed_actions,formal,A4-only,A4-only,default,310012,D:\FileRecv\personal\paper\ship-op\code\case2_design\results\stage1_fixed_actions\A4-only\seed_310012,complete,True,False,True,False,{'A4': 25},1,42555.57539165695,0.0,"{'100': {'best_cost': 42555.57539165695, 'best_cv': 0.0, 'feasible': True, 'search_nfe': 300600}, '25': {'best_cost': 42960.852604902444, 'best_cv': 0.0, 'feasible': True, 'search_nfe': 75000}, '50': {'best_cost': 42667.22005040584, 'best_cv': 0.0, 'feasible': True, 'search_nfe': 150000}, '75': {'best_cost': 42566.501165046764, 'best_cv': 0.0, 'feasible': True, 'search_nfe': 225000}}",2026-08-21T15:31:56.964030+00:00,0.0,0.0,0.0,0.0,True,6000,0,feasible,300600,0,0.0,2026-08-21T15:31:48.553028+00:00,complete,44918.95419367327,[],8.406129199999999
stage1_fixed_actions,formal,A4-only,A4-only,default,310013,D:\FileRecv\personal\paper\ship-op\code\case2_design\results\stage1_fixed_actions\A4-only\seed_310013,complete,True,False,True,False,{'A4': 25},1,42479.08714658696,0.0,"{'100': {'best_cost': 42479.08714658696, 'best_cv': 0.0, 'feasible': True, 'search_nfe': 300600}, '25': {'best_cost': 42964.535129432115, 'best_cv': 0.0, 'feasible': True, 'search_nfe': 75000}, '50': {'best_cost': 42649.87721414374, 'best_cv': 0.0, 'feasible': True, 'search_nfe': 150000}, '75': {'best_cost': 42498.587585816655, 'best_cv': 0.0, 'feasible': True, 'search_nfe': 225000}}",2026-08-21T15:31:57.039582+00:00,0.0,0.0,0.0,0.0,True,6000,0,feasible,300600,0,0.0,2026-08-21T15:31:48.700095+00:00,complete,44800.49226734393,[],8.332208300000001
stage1_fixed_actions,formal,A4-only,A4-only,default,310014,D:\FileRecv\personal\paper\ship-op\code\case2_design\results\stage1_fixed_actions\A4-only\seed_310014,complete,True,False,True,False,{'A4': 25},1,42480.139006220954,0.0,"{'100': {'best_cost': 42480.139006220954, 'best_cv': 0.0, 'feasible': True, 'search_nfe': 300600}, '25': {'best_cost': 43058.418091395215, 'best_cv': 0.0, 'feasible': True, 'search_nfe': 75000}, '50': {'best_cost': 42747.36962770864, 'best_cv': 0.0, 'feasible': True, 'search_nfe': 150000}, '75': {'best_cost': 42547.003882075456, 'best_cv': 0.0, 'feasible': True, 'search_nfe': 225000}}",2026-08-21T15:32:05.461611+00:00,0.0,0.0,0.0,0.0,True,9000,0,feasible,300600,0,0.0,2026-08-21T15:31:57.031467+00:00,complete,44846.783026099154,[],8.424947199999998
stage1_fixed_actions,formal,A4-only,A4-only,default,310015,D:\FileRecv\personal\paper\ship-op\code\case2_design\results\stage1_fixed_actions\A4-only\seed_310015,complete,True,False,True,False,{'A4': 25},1,42386.82189905172,0.0,"{'100': {'best_cost': 42386.82189905172, 'best_cv': 0.0, 'feasible': True, 'search_nfe': 300600}, '25': {'best_cost': 42686.58994333518, 'best_cv': 0.0, 'feasible': True, 'search_nfe': 75000}, '50': {'best_cost': 42459.998515109095, 'best_cv': 0.0, 'feasible': True, 'search_nfe': 150000}, '75': {'best_cost': 42411.49480075108, 'best_cv': 0.0, 'feasible': True, 'search_nfe': 225000}}",2026-08-21T15:32:05.467878+00:00,0.0,0.0,0.0,0.0,True,7200,0,feasible,300600,0,0.0,2026-08-21T15:31:57.035119+00:00,complete,44722.34181690684,[],8.425223299999999
stage1_fixed_actions,formal,A4-only,A4-only,default,310016,D:\FileRecv\personal\paper\ship-op\code\case2_design\results\stage1_fixed_actions\A4-only\seed_310016,complete,True,False,True,False,{'A4': 25},1,42474.61322313256,0.0,"{'100': {'best_cost': 42474.61322313256, 'best_cv': 0.0, 'feasible': True, 'search_nfe': 300600}, '25': {'best_cost': 43024.48866214064, 'best_cv': 0.0, 'feasible': True, 'search_nfe': 75000}, '50': {'best_cost': 42828.210499471934, 'best_cv': 0.0, 'feasible': True, 'search_nfe': 150000}, '75': {'best_cost': 42554.532616468176, 'best_cv': 0.0, 'feasible': True, 'search_nfe': 225000}}",2026-08-21T15:32:05.333242+00:00,0.0,0.0,0.0,0.0,True,6600,0,feasible,300600,0,0.0,2026-08-21T15:31:57.051405+00:00,complete,44812.33871873775,[],8.277102600000006
stage1_fixed_actions,formal,A4-only,A4-only,default,310017,D:\FileRecv\personal\paper\ship-op\code\case2_design\results\stage1_fixed_actions\A4-only\seed_310017,complete,True,False,True,False,{'A4': 25},1,42441.53275107971,0.0,"{'100': {'best_cost': 42441.53275107971, 'best_cv': 0.0, 'feasible': True, 'search_nfe': 300600}, '25': {'best_cost': 42838.5817765636, 'best_cv': 0.0, 'feasible': True, 'search_nfe': 75000}, '50': {'best_cost': 42600.925218844946, 'best_cv': 0.0, 'feasible': True, 'search_nfe': 150000}, '75': {'best_cost': 42458.77775356531, 'best_cv': 0.0, 'feasible': True, 'search_nfe': 225000}}",2026-08-21T15:32:05.372641+00:00,0.0,0.0,0.0,0.0,True,6600,0,feasible,300600,0,0.0,2026-08-21T15:31:57.136974+00:00,complete,44792.91928841561,[],8.2314219
stage1_fixed_actions,formal,A4-only,A4-only,default,310018,D:\FileRecv\personal\paper\ship-op\code\case2_design\results\stage1_fixed_actions\A4-only\seed_310018,complete,True,False,True,False,{'A4': 25},1,42458.89740809059,0.0,"{'100': {'best_cost': 42458.89740809059, 'best_cv': 0.0, 'feasible': True, 'search_nfe': 300600}, '25': {'best_cost': 43159.16776875443, 'best_cv': 0.0, 'feasible': True, 'search_nfe': 75000}, '50': {'best_cost': 42696.687902928636, 'best_cv': 0.0, 'feasible': True, 'search_nfe': 150000}, '75': {'best_cost': 42537.32965026332, 'best_cv': 0.0, 'feasible': True, 'search_nfe': 225000}}",2026-08-21T15:32:13.466401+00:00,0.0,0.0,0.0,0.0,True,9000,0,feasible,300600,0,0.0,2026-08-21T15:32:05.431251+00:00,complete,44763.09346744601,[],8.028724500000003
stage1_fixed_actions,formal,A4-only,A4-only,default,310019,D:\FileRecv\personal\paper\ship-op\code\case2_design\results\stage1_fixed_actions\A4-only\seed_310019,complete,True,False,True,False,{'A4': 25},1,42436.064623288,0.0,"{'100': {'best_cost': 42436.064623288, 'best_cv': 0.0, 'feasible': True, 'search_nfe': 300600}, '25': {'best_cost': 42845.70891028728, 'best_cv': 0.0, 'feasible': True, 'search_nfe': 75000}, '50': {'best_cost': 42518.526380669646, 'best_cv': 0.0, 'feasible': True, 'search_nfe': 150000}, '75': {'best_cost': 42444.25772847932, 'best_cv': 0.0, 'feasible': True, 'search_nfe': 225000}}",2026-08-21T15:32:13.480593+00:00,0.0,0.0,0.0,0.0,True,4800,0,feasible,300600,0,0.0,2026-08-21T15:32:05.473261+00:00,complete,44768.90093608474,[],8.001356600000001
stage1_fixed_actions,formal,A4-only,A4-only,default,310020,D:\FileRecv\personal\paper\ship-op\code\case2_design\results\stage1_fixed_actions\A4-only\seed_310020,complete,True,False,True,False,{'A4': 25},1,42431.72401819193,0.0,"{'100': {'best_cost': 42431.72401819193, 'best_cv': 0.0, 'feasible': True, 'search_nfe': 300600}, '25': {'best_cost': 42802.73422251016, 'best_cv': 0.0, 'feasible': True, 'search_nfe': 75000}, '50': {'best_cost': 42501.04215248344, 'best_cv': 0.0, 'feasible': True, 'search_nfe': 150000}, '75': {'best_cost': 42443.776449931145, 'best_cv': 0.0, 'feasible': True, 'search_nfe': 225000}}",2026-08-21T15:32:13.478360+00:00,0.0,0.0,0.0,0.0,True,4800,0,feasible,300600,0,0.0,2026-08-21T15:32:05.554038+00:00,complete,44789.52573811331,[],7.917351799999999
stage1_fixed_actions,formal,A4-only,A4-only,default,310021,D:\FileRecv\personal\paper\ship-op\code\case2_design\results\stage1_fixed_actions\A4-only\seed_310021,complete,True,False,True,False,{'A4': 25},1,42447.42953575439,0.0,"{'100': {'best_cost': 42447.42953575439, 'best_cv': 0.0, 'feasible': True, 'search_nfe': 300600}, '25': {'best_cost': 43053.70119100035, 'best_cv': 0.0, 'feasible': True, 'search_nfe': 75000}, '50': {'best_cost': 42596.49052519881, 'best_cv': 0.0, 'feasible': True, 'search_nfe': 150000}, '75': {'best_cost': 42492.91043840841, 'best_cv': 0.0, 'feasible': True, 'search_nfe': 225000}}",2026-08-21T15:32:13.634909+00:00,0.0,0.0,0.0,0.0,True,5400,0,feasible,300600,0,0.0,2026-08-21T15:32:05.567257+00:00,complete,44810.18954526936,[],8.0615819
stage1_fixed_actions,formal,A4-only,A4-only,default,310022,D:\FileRecv\personal\paper\ship-op\code\case2_design\results\stage1_fixed_actions\A4-only\seed_310022,complete,True,False,True,False,{'A4': 25},1,42719.47973282376,0.0,"{'100': {'best_cost': 42719.47973282376, 'best_cv': 0.0, 'feasible': True, 'search_nfe': 300600}, '25': {'best_cost': 43266.03395357614, 'best_cv': 0.0, 'feasible': True, 'search_nfe': 75000}, '50': {'best_cost': 42912.08511484376, 'best_cv': 0.0, 'feasible': True, 'search_nfe': 150000}, '75': {'best_cost': 42787.037156186074, 'best_cv': 0.0, 'feasible': True, 'search_nfe': 225000}}",2026-08-21T15:32:21.332610+00:00,0.0,0.0,0.0,0.0,True,5400,0,feasible,300600,0,0.0,2026-08-21T15:32:13.566070+00:00,complete,45068.67326216951,[],7.760767600000001
stage1_fixed_actions,formal,A4-only,A4-only,default,310023,D:\FileRecv\personal\paper\ship-op\code\case2_design\results\stage1_fixed_actions\A4-only\seed_310023,complete,True,False,True,False,{'A4': 25},1,42701.93278943631,0.0,"{'100': {'best_cost': 42701.93278943631, 'best_cv': 0.0, 'feasible': True, 'search_nfe': 300600}, '25': {'best_cost': 44031.415324122194, 'best_cv': 0.0, 'feasible': True, 'search_nfe': 75000}, '50': {'best_cost': 43143.597748703345, 'best_cv': 0.0, 'feasible': True, 'search_nfe': 150000}, '75': {'best_cost': 42772.4479835355, 'best_cv': 0.0, 'feasible': True, 'search_nfe': 225000}}",2026-08-21T15:32:21.413089+00:00,0.0,0.0,0.0,0.0,True,7800,0,feasible,300600,0,0.0,2026-08-21T15:32:13.573604+00:00,complete,45019.70542130057,[],7.833352300000001
stage1_fixed_actions,formal,A4-only,A4-only,default,310024,D:\FileRecv\personal\paper\ship-op\code\case2_design\results\stage1_fixed_actions\A4-only\seed_310024,complete,True,False,True,False,{'A4': 25},1,42433.04357801734,0.0,"{'100': {'best_cost': 42433.04357801734, 'best_cv': 0.0, 'feasible': True, 'search_nfe': 300600}, '25': {'best_cost': 43100.355608923244, 'best_cv': 0.0, 'feasible': True, 'search_nfe': 75000}, '50': {'best_cost': 42673.58147911722, 'best_cv': 0.0, 'feasible': True, 'search_nfe': 150000}, '75': {'best_cost': 42459.4516900513, 'best_cv': 0.0, 'feasible': True, 'search_nfe': 225000}}",2026-08-21T15:32:21.441869+00:00,0.0,0.0,0.0,0.0,True,6600,0,feasible,300600,0,0.0,2026-08-21T15:32:13.578840+00:00,complete,44786.22997411992,[],7.857828699999999
stage1_fixed_actions,formal,A4-only,A4-only,default,310025,D:\FileRecv\personal\paper\ship-op\code\case2_design\results\stage1_fixed_actions\A4-only\seed_310025,complete,True,False,True,False,{'A4': 25},1,42398.46459209558,0.0,"{'100': {'best_cost': 42398.46459209558, 'best_cv': 0.0, 'feasible': True, 'search_nfe': 300600}, '25': {'best_cost': 42687.612607373754, 'best_cv': 0.0, 'feasible': True, 'search_nfe': 75000}, '50': {'best_cost': 42498.92129543409, 'best_cv': 0.0, 'feasible': True, 'search_nfe': 150000}, '75': {'best_cost': 42427.990999902766, 'best_cv': 0.0, 'feasible': True, 'search_nfe': 225000}}",2026-08-21T15:32:21.545302+00:00,0.0,0.0,0.0,0.0,True,7200,0,feasible,300600,0,0.0,2026-08-21T15:32:13.732489+00:00,complete,44733.425949343524,[],7.807103599999998
stage1_fixed_actions,formal,A4-only,A4-only,default,310026,D:\FileRecv\personal\paper\ship-op\code\case2_design\results\stage1_fixed_actions\A4-only\seed_310026,complete,True,False,True,False,{'A4': 25},1,42465.06022940135,0.0,"{'100': {'best_cost': 42465.06022940135, 'best_cv': 0.0, 'feasible': True, 'search_nfe': 300600}, '25': {'best_cost': 43112.86644208961, 'best_cv': 0.0, 'feasible': True, 'search_nfe': 75000}, '50': {'best_cost': 42800.1167735148, 'best_cv': 0.0, 'feasible': True, 'search_nfe': 150000}, '75': {'best_cost': 42509.14819912975, 'best_cv': 0.0, 'feasible': True, 'search_nfe': 225000}}",2026-08-21T15:32:29.449188+00:00,0.0,0.0,0.0,0.0,True,6000,0,feasible,300600,0,0.0,2026-08-21T15:32:21.431436+00:00,complete,44819.93189818122,[],8.012973400000007
stage1_fixed_actions,formal,A4-only,A4-only,default,310027,D:\FileRecv\personal\paper\ship-op\code\case2_design\results\stage1_fixed_actions\A4-only\seed_310027,complete,True,False,True,False,{'A4': 25},1,42584.11427815708,0.0,"{'100': {'best_cost': 42584.11427815708, 'best_cv': 0.0, 'feasible': True, 'search_nfe': 300600}, '25': {'best_cost': 43277.95058041274, 'best_cv': 0.0, 'feasible': True, 'search_nfe': 75000}, '50': {'best_cost': 42980.37041604218, 'best_cv': 0.0, 'feasible': True, 'search_nfe': 150000}, '75': {'best_cost': 42612.10377864666, 'best_cv': 0.0, 'feasible': True, 'search_nfe': 225000}}",2026-08-21T15:32:29.653885+00:00,0.0,0.0,0.0,0.0,True,6600,0,feasible,300600,0,0.0,2026-08-21T15:32:21.504956+00:00,complete,44934.71249175345,[],8.143365200000005
stage1_fixed_actions,formal,A4-only,A4-only,default,310028,D:\FileRecv\personal\paper\ship-op\code\case2_design\results\stage1_fixed_actions\A4-only\seed_310028,complete,True,False,True,False,{'A4': 25},1,42499.60334200299,0.0,"{'100': {'best_cost': 42499.60334200299, 'best_cv': 0.0, 'feasible': True, 'search_nfe': 300600}, '25': {'best_cost': 42851.620583704775, 'best_cv': 0.0, 'feasible': True, 'search_nfe': 75000}, '50': {'best_cost': 42591.34614758687, 'best_cv': 0.0, 'feasible': True, 'search_nfe': 150000}, '75': {'best_cost': 42521.486349707295, 'best_cv': 0.0, 'feasible': True, 'search_nfe': 225000}}",2026-08-21T15:32:29.628199+00:00,0.0,0.0,0.0,0.0,True,5400,0,feasible,300600,0,0.0,2026-08-21T15:32:21.542254+00:00,complete,44868.854205750526,[],8.081498099999997
stage1_fixed_actions,formal,A4-only,A4-only,default,310029,D:\FileRecv\personal\paper\ship-op\code\case2_design\results\stage1_fixed_actions\A4-only\seed_310029,complete,True,False,True,False,{'A4': 25},1,42554.566796429455,0.0,"{'100': {'best_cost': 42554.566796429455, 'best_cv': 0.0, 'feasible': True, 'search_nfe': 300600}, '25': {'best_cost': 43173.29839434307, 'best_cv': 0.0, 'feasible': True, 'search_nfe': 75000}, '50': {'best_cost': 42789.28697620915, 'best_cv': 0.0, 'feasible': True, 'search_nfe': 150000}, '75': {'best_cost': 42583.98566585363, 'best_cv': 0.0, 'feasible': True, 'search_nfe': 225000}}",2026-08-21T15:32:29.627170+00:00,0.0,0.0,0.0,0.0,True,7200,0,feasible,300600,0,0.0,2026-08-21T15:32:21.653560+00:00,complete,44913.92673270815,[],7.970094599999996
stage1_fixed_actions,formal,A4-only,A4-only,default,310030,D:\FileRecv\personal\paper\ship-op\code\case2_design\results\stage1_fixed_actions\A4-only\seed_310030,complete,True,False,True,False,{'A4': 25},1,42511.8011210695,0.0,"{'100': {'best_cost': 42511.8011210695, 'best_cv': 0.0, 'feasible': True, 'search_nfe': 300600}, '25': {'best_cost': 43134.2292978693, 'best_cv': 0.0, 'feasible': True, 'search_nfe': 75000}, '50': {'best_cost': 42814.79765686547, 'best_cv': 0.0, 'feasible': True, 'search_nfe': 150000}, '75': {'best_cost': 42605.26039243379, 'best_cv': 0.0, 'feasible': True, 'search_nfe': 225000}}",2026-08-21T15:32:36.698022+00:00,0.0,0.0,0.0,0.0,True,6600,0,feasible,300600,0,0.0,2026-08-21T15:32:29.548406+00:00,complete,44865.04440514388,[],7.146656899999996
