iteration,population,epsilon,feasible_ratio,best_cost,minimum_cv,best_cv,total_load_shedding,peak_load_shedding,minimum_ess_energy
0,600,0.4203041329119477,0.0016666666666666668,11026.27180904758,5.921189464667501e-16,5.921189464667501e-16,0.0,0.0,6.837304669195332
1,599,0.4413193395585451,0.001669449081803005,11026.27180904758,5.921189464667501e-16,5.921189464667501e-16,0.0,0.0,6.837304669195332
2,598,0.46338530653747234,0.0016722408026755853,11026.27180904758,5.921189464667501e-16,5.921189464667501e-16,0.0,0.0,6.837304669195332
3,596,0.48655457186534595,0.0016778523489932886,11026.27180904758,5.921189464667501e-16,5.921189464667501e-16,0.0,0.0,6.837304669195332
4,595,0.5108823004596132,0.0,11026.27180904758,0.05774010080222018,5.921189464667501e-16,0.0,0.0,6.837304669195332
5,594,0.5364264154835939,0.0,11026.27180904758,0.07325878165929922,5.921189464667501e-16,0.0,0.0,6.837304669195332
6,593,0.5632477362587737,0.0,11026.27180904758,0.03527980966278137,5.921189464667501e-16,0.0,0.0,6.837304669195332
7,592,0.5914101230727123,0.0,11026.27180904758,0.07325878165929922,5.921189464667501e-16,0.0,0.0,6.837304669195332
8,590,0.620980629227348,0.0,11026.27180904758,0.08211558864861017,5.921189464667501e-16,0.0,0.0,6.837304669195332
9,589,0.6520296606897154,0.0,11026.27180904758,0.08211558864861017,5.921189464667501e-16,0.0,0.0,6.837304669195332
10,588,0.6846311437252012,0.0,11026.27180904758,0.06980972956241355,5.921189464667501e-16,0.0,0.0,6.837304669195332
11,587,0.7188627009124613,0.0,11026.27180904758,0.08211558864861017,5.921189464667501e-16,0.0,0.0,6.837304669195332
12,586,0.7548058359590843,0.0,11026.27180904758,0.08790494168326754,5.921189464667501e-16,0.0,0.0,6.837304669195332
13,585,0.7925461277580386,0.0,11026.27180904758,0.12524236457122406,5.921189464667501e-16,0.0,0.0,6.837304669195332
14,583,0.8321734341469406,0.0,11026.27180904758,0.09469019087850292,5.921189464667501e-16,0.0,0.0,6.837304669195332
15,582,0.8737821058552876,0.0,11026.27180904758,0.18999765930046825,5.921189464667501e-16,0.0,0.0,6.837304669195332
16,581,0.917471211149052,0.0,11026.27180904758,0.12466754641415678,5.921189464667501e-16,0.0,0.0,6.837304669195332
17,580,0.9633447717075045,0.0,11026.27180904758,0.12466754641415678,5.921189464667501e-16,0.0,0.0,6.837304669195332
18,579,1.01151201029388,0.0,11026.27180904758,0.2171126678260134,5.921189464667501e-16,0.0,0.0,6.837304669195332
19,577,1.062087610809574,0.0,11026.27180904758,0.19026315810277705,5.921189464667501e-16,0.0,0.0,6.837304669195332
20,576,1.1151919913510528,0.0,11026.27180904758,0.22551792262723921,5.921189464667501e-16,0.0,0.0,6.837304669195332
21,575,1.1709515909196055,0.0,11026.27180904758,0.22551792262723921,5.921189464667501e-16,0.0,0.0,6.837304669195332
22,574,1.2294991704665859,0.0,11026.27180904758,0.22551792262723921,5.921189464667501e-16,0.0,0.0,6.837304669195332
23,573,1.2909741289909153,0.0,11026.27180904758,0.22551792262723921,5.921189464667501e-16,0.0,0.0,6.837304669195332
24,571,1.3555228354414612,0.0,11026.27180904758,0.22551792262723921,5.921189464667501e-16,0.0,0.0,6.837304669195332
25,570,1.4232989772145344,0.0,11026.27180904758,0.5374308700527047,5.921189464667501e-16,0.0,0.0,6.837304669195332
26,569,1.4944639260762613,0.0,11026.27180904758,0.6293172391157131,5.921189464667501e-16,0.0,0.0,6.837304669195332
27,568,1.5691871223810745,0.0,11026.27180904758,0.6085859189870129,5.921189464667501e-16,0.0,0.0,6.837304669195332
28,567,1.6476464785011284,0.0,11026.27180904758,0.7278817212226227,5.921189464667501e-16,0.0,0.0,6.837304669195332
29,565,1.730028802427185,0.0,11026.27180904758,0.8415920756429398,5.921189464667501e-16,0.0,0.0,6.837304669195332
30,564,1.8165302425495444,0.0,11026.27180904758,0.9013276451775085,5.921189464667501e-16,0.0,0.0,6.837304669195332
31,563,1.907356754678022,0.0,11026.27180904758,0.9690768453974892,5.921189464667501e-16,0.0,0.0,6.837304669195332
32,562,2.0027245924129233,0.0,11026.27180904758,1.0932100398067588,5.921189464667501e-16,0.0,0.0,6.837304669195332
33,561,2.1028608220345695,0.0,11026.27180904758,1.2383538189606067,5.921189464667501e-16,0.0,0.0,6.837304669195332
34,559,2.2080038631372982,0.0,11026.27180904758,1.257109142369704,5.921189464667501e-16,0.0,0.0,6.837304669195332
35,558,2.3184040562951633,0.0,11026.27180904758,1.3029069092455392,5.921189464667501e-16,0.0,0.0,6.837304669195332
36,557,2.4343242591109218,0.0,11026.27180904758,1.3670448570331586,5.921189464667501e-16,0.0,0.0,6.837304669195332
37,556,2.556040472067468,0.0,11026.27180904758,1.4316427577771258,5.921189464667501e-16,0.0,0.0,6.837304669195332
38,555,2.6838424956718416,0.0,11026.27180904758,1.6110812905825105,5.921189464667501e-16,0.0,0.0,6.837304669195332
39,554,2.8180346204564337,0.0,11026.27180904758,1.6110812905825105,5.921189464667501e-16,0.0,0.0,6.837304669195332
40,552,2.9589363514802556,0.0,11026.27180904758,1.7863785220694999,5.921189464667501e-16,0.0,0.0,6.837304669195332
41,551,3.1068831690552687,0.0,11026.27180904758,1.833625260361619,5.921189464667501e-16,0.0,0.0,6.837304669195332
42,550,3.2622273275090325,0.0,11026.27180904758,1.8802843473708695,5.921189464667501e-16,0.0,0.0,6.837304669195332
43,549,3.4253386938854846,0.0,11026.27180904758,2.014759975865137,5.921189464667501e-16,0.0,0.0,6.837304669195332
44,548,3.5966056285807593,0.0,11026.27180904758,2.0399809402752593,5.921189464667501e-16,0.0,0.0,6.837304669195332
45,546,3.7764359100107976,0.0,11026.27180904758,2.0399809402752593,5.921189464667501e-16,0.0,0.0,6.837304669195332
46,545,3.9652577055123377,0.0,11026.27180904758,2.055109209434502,5.921189464667501e-16,0.0,0.0,6.837304669195332
47,544,4.163520590788955,0.0,11026.27180904758,2.1523283792165806,5.921189464667501e-16,0.0,0.0,6.837304669195332
48,543,4.371696620329403,0.0,11026.27180904758,2.160836392246686,5.921189464667501e-16,0.0,0.0,6.837304669195332
49,542,4.590281451346874,0.0,11026.27180904758,2.1047161795883653,5.921189464667501e-16,0.0,0.0,6.837304669195332
50,540,4.698401718948595,0.0,11026.27180904758,2.1773956255591096,5.921189464667501e-16,0.0,0.0,6.837304669195332
51,539,4.698401718948595,0.0,11026.27180904758,2.251437386945742,5.921189464667501e-16,0.0,0.0,6.837304669195332
52,538,4.698401718948595,0.0,11026.27180904758,2.2943587471529407,5.921189464667501e-16,0.0,0.0,6.837304669195332
53,537,4.698401718948595,0.0,11026.27180904758,2.284882920339853,5.921189464667501e-16,0.0,0.0,6.837304669195332
54,536,4.698401718948595,0.0,11026.27180904758,2.2730265803317242,5.921189464667501e-16,0.0,0.0,6.837304669195332
55,534,4.698401718948595,0.0,11026.27180904758,2.3122057193439005,5.921189464667501e-16,0.0,0.0,6.837304669195332
56,533,4.698401718948595,0.0,11026.27180904758,2.333267987414934,5.921189464667501e-16,0.0,0.0,6.837304669195332
57,532,4.698401718948595,0.0,11026.27180904758,2.3573989100170403,5.921189464667501e-16,0.0,0.0,6.837304669195332
58,531,4.698401718948595,0.0,11026.27180904758,2.3731820607603646,5.921189464667501e-16,0.0,0.0,6.837304669195332
59,530,4.698401718948595,0.0,11026.27180904758,2.376499416386251,5.921189464667501e-16,0.0,0.0,6.837304669195332
60,528,4.698401718948595,0.0,11026.27180904758,2.3731027528941215,5.921189464667501e-16,0.0,0.0,6.837304669195332
61,527,4.698401718948595,0.0,11026.27180904758,2.390827540491935,5.921189464667501e-16,0.0,0.0,6.837304669195332
62,526,4.698401718948595,0.0,11026.27180904758,2.3914596670639607,5.921189464667501e-16,0.0,0.0,6.837304669195332
63,525,4.698401718948595,0.0,11026.27180904758,2.3914596670639607,5.921189464667501e-16,0.0,0.0,6.837304669195332
64,524,4.698401718948595,0.0,11026.27180904758,2.4035131539504606,5.921189464667501e-16,0.0,0.0,6.837304669195332
65,523,4.698401718948595,0.0,11026.27180904758,2.4035131539504606,5.921189464667501e-16,0.0,0.0,6.837304669195332
66,521,4.698401718948595,0.0,11026.27180904758,2.421692831954005,5.921189464667501e-16,0.0,0.0,6.837304669195332
67,520,4.698401718948595,0.0,11026.27180904758,2.40288176867113,5.921189464667501e-16,0.0,0.0,6.837304669195332
68,519,4.698401718948595,0.0,11026.27180904758,2.401376278333889,5.921189464667501e-16,0.0,0.0,6.837304669195332
69,518,4.698401718948595,0.0,11026.27180904758,2.4362807626679457,5.921189464667501e-16,0.0,0.0,6.837304669195332
70,517,4.698401718948595,0.0,11026.27180904758,2.442519998999876,5.921189464667501e-16,0.0,0.0,6.837304669195332
71,515,4.698401718948595,0.0,11026.27180904758,2.446782623255666,5.921189464667501e-16,0.0,0.0,6.837304669195332
72,514,4.698401718948595,0.0,11026.27180904758,2.446782623255666,5.921189464667501e-16,0.0,0.0,6.837304669195332
73,513,4.698401718948595,0.0,11026.27180904758,2.4514974170693593,5.921189464667501e-16,0.0,0.0,6.837304669195332
74,512,4.698401718948595,0.0,11026.27180904758,2.4514974170693593,5.921189464667501e-16,0.0,0.0,6.837304669195332
75,511,4.698401718948595,0.0,11026.27180904758,2.465467112169043,5.921189464667501e-16,0.0,0.0,6.837304669195332
76,509,4.698401718948595,0.0,11026.27180904758,2.4611305352538935,5.921189464667501e-16,0.0,0.0,6.837304669195332
77,508,4.698401718948595,0.0,11026.27180904758,2.4684883109776474,5.921189464667501e-16,0.0,0.0,6.837304669195332
78,507,4.698401718948595,0.0,11026.27180904758,2.472116635214607,5.921189464667501e-16,0.0,0.0,6.837304669195332
79,506,4.698401718948595,0.0,11026.27180904758,2.472116635214607,5.921189464667501e-16,0.0,0.0,6.837304669195332
80,505,4.698401718948595,0.0,11026.27180904758,2.472116635214607,5.921189464667501e-16,0.0,0.0,6.837304669195332
81,503,4.698401718948595,0.0,11026.27180904758,2.472116635214607,5.921189464667501e-16,0.0,0.0,6.837304669195332
82,502,4.698401718948595,0.0,11026.27180904758,2.4850806871586544,5.921189464667501e-16,0.0,0.0,6.837304669195332
83,501,4.698401718948595,0.0,11026.27180904758,2.482955182505461,5.921189464667501e-16,0.0,0.0,6.837304669195332
84,500,4.698401718948595,0.0,11026.27180904758,2.482955182505461,5.921189464667501e-16,0.0,0.0,6.837304669195332
85,499,4.698401718948595,0.0,11026.27180904758,2.490241576914075,5.921189464667501e-16,0.0,0.0,6.837304669195332
86,497,4.698401718948595,0.0,11026.27180904758,2.4938153527165223,5.921189464667501e-16,0.0,0.0,6.837304669195332
87,496,4.698401718948595,0.0,11026.27180904758,2.4985533652693452,5.921189464667501e-16,0.0,0.0,6.837304669195332
88,495,4.698401718948595,0.0,11026.27180904758,2.497913593251247,5.921189464667501e-16,0.0,0.0,6.837304669195332
89,494,4.698401718948595,0.0,11026.27180904758,2.4998235270203595,5.921189464667501e-16,0.0,0.0,6.837304669195332
90,493,4.698401718948595,0.0,11026.27180904758,2.500997867307208,5.921189464667501e-16,0.0,0.0,6.837304669195332
91,492,4.698401718948595,0.0,11026.27180904758,2.500997867307208,5.921189464667501e-16,0.0,0.0,6.837304669195332
92,490,4.698401718948595,0.0,11026.27180904758,2.500997867307208,5.921189464667501e-16,0.0,0.0,6.837304669195332
93,489,4.698401718948595,0.0,11026.27180904758,2.500997867307208,5.921189464667501e-16,0.0,0.0,6.837304669195332
94,488,4.698401718948595,0.0,11026.27180904758,2.500997867307208,5.921189464667501e-16,0.0,0.0,6.837304669195332
95,487,4.698401718948595,0.0,11026.27180904758,2.500997867307208,5.921189464667501e-16,0.0,0.0,6.837304669195332
96,486,4.698401718948595,0.0,11026.27180904758,2.500997867307208,5.921189464667501e-16,0.0,0.0,6.837304669195332
97,484,4.698401718948595,0.0,11026.27180904758,2.5066752160289787,5.921189464667501e-16,0.0,0.0,6.837304669195332
98,483,4.698401718948595,0.0,11026.27180904758,2.5066752160289787,5.921189464667501e-16,0.0,0.0,6.837304669195332
99,482,4.698401718948595,0.0,11026.27180904758,2.5066752160289787,5.921189464667501e-16,0.0,0.0,6.837304669195332
100,481,4.698401718948595,0.0,11026.27180904758,2.5066752160289787,5.921189464667501e-16,0.0,0.0,6.837304669195332
101,480,4.698401718948595,0.0,11026.27180904758,2.5066752160289787,5.921189464667501e-16,0.0,0.0,6.837304669195332
102,478,4.698401718948595,0.0,11026.27180904758,2.5105477418081286,5.921189464667501e-16,0.0,0.0,6.837304669195332
103,477,4.698401718948595,0.0,11026.27180904758,2.5133968741649317,5.921189464667501e-16,0.0,0.0,6.837304669195332
104,476,4.698401718948595,0.0,11026.27180904758,2.5118765502194265,5.921189464667501e-16,0.0,0.0,6.837304669195332
105,475,4.698401718948595,0.0,11026.27180904758,2.5118765502194265,5.921189464667501e-16,0.0,0.0,6.837304669195332
106,474,4.698401718948595,0.0,11026.27180904758,2.5118765502194265,5.921189464667501e-16,0.0,0.0,6.837304669195332
107,472,4.698401718948595,0.0,11026.27180904758,2.514517526238608,5.921189464667501e-16,0.0,0.0,6.837304669195332
108,471,4.698401718948595,0.0,11026.27180904758,2.5149471060415505,5.921189464667501e-16,0.0,0.0,6.837304669195332
109,470,4.698401718948595,0.0,11026.27180904758,2.5156989125151243,5.921189464667501e-16,0.0,0.0,6.837304669195332
110,469,4.698401718948595,0.0,11026.27180904758,2.5142393636065457,5.921189464667501e-16,0.0,0.0,6.837304669195332
111,468,4.698401718948595,0.0,11026.27180904758,2.5162692019166255,5.921189464667501e-16,0.0,0.0,6.837304669195332
112,466,4.698401718948595,0.0,11026.27180904758,2.5163732368305647,5.921189464667501e-16,0.0,0.0,6.837304669195332
113,465,4.698401718948595,0.0,11026.27180904758,2.5163732368305647,5.921189464667501e-16,0.0,0.0,6.837304669195332
114,464,4.698401718948595,0.0,11026.27180904758,2.516634588078631,5.921189464667501e-16,0.0,0.0,6.837304669195332
115,463,4.698401718948595,0.0,11026.27180904758,2.517208689579531,5.921189464667501e-16,0.0,0.0,6.837304669195332
116,462,4.698401718948595,0.0,11026.27180904758,2.517575974215884,5.921189464667501e-16,0.0,0.0,6.837304669195332
117,461,4.698401718948595,0.0,11026.27180904758,2.5176334931628546,5.921189464667501e-16,0.0,0.0,6.837304669195332
118,459,4.698401718948595,0.0,11026.27180904758,2.5176351805481065,5.921189464667501e-16,0.0,0.0,6.837304669195332
119,458,4.698401718948595,0.0,11026.27180904758,2.5178928064295096,5.921189464667501e-16,0.0,0.0,6.837304669195332
120,457,4.698401718948595,0.0,11026.27180904758,2.518260753740136,5.921189464667501e-16,0.0,0.0,6.837304669195332
121,456,4.698401718948595,0.0,11026.27180904758,2.5187447727563104,5.921189464667501e-16,0.0,0.0,6.837304669195332
122,455,4.698401718948595,0.0,11026.27180904758,2.519058706798155,5.921189464667501e-16,0.0,0.0,6.837304669195332
123,453,4.698401718948595,0.0,11026.27180904758,2.5192334709327744,5.921189464667501e-16,0.0,0.0,6.837304669195332
124,452,4.698401718948595,0.0,11026.27180904758,2.5192334709327744,5.921189464667501e-16,0.0,0.0,6.837304669195332
125,451,4.698401718948595,0.0,11026.27180904758,2.519314011242816,5.921189464667501e-16,0.0,0.0,6.837304669195332
126,450,4.698401718948595,0.0,11026.27180904758,2.519314011242816,5.921189464667501e-16,0.0,0.0,6.837304669195332
127,449,4.698401718948595,0.0,11026.27180904758,2.5192371119115275,5.921189464667501e-16,0.0,0.0,6.837304669195332
128,447,4.698401718948595,0.0,11026.27180904758,2.519639130778183,5.921189464667501e-16,0.0,0.0,6.837304669195332
129,446,4.698401718948595,0.0,11026.27180904758,2.519418920545504,5.921189464667501e-16,0.0,0.0,6.837304669195332
130,445,4.698401718948595,0.0,11026.27180904758,2.519418920545504,5.921189464667501e-16,0.0,0.0,6.837304669195332
131,444,4.698401718948595,0.0,11026.27180904758,2.5198876368851413,5.921189464667501e-16,0.0,0.0,6.837304669195332
132,443,4.698401718948595,0.0,11026.27180904758,2.5198876368851413,5.921189464667501e-16,0.0,0.0,6.837304669195332
133,441,4.698401718948595,0.0,11026.27180904758,2.520048266390872,5.921189464667501e-16,0.0,0.0,6.837304669195332
134,440,4.698401718948595,0.0,11026.27180904758,2.520181205068668,5.921189464667501e-16,0.0,0.0,6.837304669195332
135,439,4.698401718948595,0.0,11026.27180904758,2.520248328688521,5.921189464667501e-16,0.0,0.0,6.837304669195332
136,438,4.698401718948595,0.0,11026.27180904758,2.520577903355939,5.921189464667501e-16,0.0,0.0,6.837304669195332
137,437,4.698401718948595,0.0,11026.27180904758,2.520473574035471,5.921189464667501e-16,0.0,0.0,6.837304669195332
138,436,4.698401718948595,0.0,11026.27180904758,2.520577903355939,5.921189464667501e-16,0.0,0.0,6.837304669195332
139,434,4.698401718948595,0.0,11026.27180904758,2.520577903355939,5.921189464667501e-16,0.0,0.0,6.837304669195332
140,433,4.698401718948595,0.0,11026.27180904758,2.520577903355939,5.921189464667501e-16,0.0,0.0,6.837304669195332
141,432,4.698401718948595,0.0,11026.27180904758,2.520577903355939,5.921189464667501e-16,0.0,0.0,6.837304669195332
142,431,4.698401718948595,0.0,11026.27180904758,2.520577903355939,5.921189464667501e-16,0.0,0.0,6.837304669195332
143,430,4.698401718948595,0.0,11026.27180904758,2.520857756917112,5.921189464667501e-16,0.0,0.0,6.837304669195332
144,428,4.698401718948595,0.0,11026.27180904758,2.5209343045862953,5.921189464667501e-16,0.0,0.0,6.837304669195332
145,427,4.698401718948595,0.0,11026.27180904758,2.5209343045862953,5.921189464667501e-16,0.0,0.0,6.837304669195332
146,426,4.698401718948595,0.0,11026.27180904758,2.5209343045862953,5.921189464667501e-16,0.0,0.0,6.837304669195332
147,425,4.698401718948595,0.0,11026.27180904758,2.5209606547363337,5.921189464667501e-16,0.0,0.0,6.837304669195332
148,424,4.698401718948595,0.0,11026.27180904758,2.521021924662282,5.921189464667501e-16,0.0,0.0,6.837304669195332
149,422,4.698401718948595,0.0,11026.27180904758,2.521021924662282,5.921189464667501e-16,0.0,0.0,6.837304669195332
150,421,4.698401718948595,0.0,11026.27180904758,2.521021924662282,5.921189464667501e-16,0.0,0.0,6.837304669195332
151,420,4.698401718948595,0.0,11026.27180904758,2.5211511138293172,5.921189464667501e-16,0.0,0.0,6.837304669195332
152,419,4.698401718948595,0.0,11026.27180904758,2.5211471230944777,5.921189464667501e-16,0.0,0.0,6.837304669195332
153,418,4.698401718948595,0.0,11026.27180904758,2.5212298400415785,5.921189464667501e-16,0.0,0.0,6.837304669195332
154,416,4.698401718948595,0.0,11026.27180904758,2.5212490131048737,5.921189464667501e-16,0.0,0.0,6.837304669195332
155,415,4.698401718948595,0.0,11026.27180904758,2.5212964701349523,5.921189464667501e-16,0.0,0.0,6.837304669195332
156,414,4.698401718948595,0.0,11026.27180904758,2.5212964701349523,5.921189464667501e-16,0.0,0.0,6.837304669195332
157,413,4.698401718948595,0.0,11026.27180904758,2.5212955018959136,5.921189464667501e-16,0.0,0.0,6.837304669195332
158,412,4.698401718948595,0.0,11026.27180904758,2.5212955018959136,5.921189464667501e-16,0.0,0.0,6.837304669195332
159,410,4.698401718948595,0.0,11026.27180904758,2.5212955018959136,5.921189464667501e-16,0.0,0.0,6.837304669195332
160,409,4.698401718948595,0.0,11026.27180904758,2.521318937262464,5.921189464667501e-16,0.0,0.0,6.837304669195332
161,408,4.698401718948595,0.0,11026.27180904758,2.5213461210238908,5.921189464667501e-16,0.0,0.0,6.837304669195332
162,407,4.698401718948595,0.0,11026.27180904758,2.5213461210238908,5.921189464667501e-16,0.0,0.0,6.837304669195332
163,406,4.698401718948595,0.0,11026.27180904758,2.5213461210238908,5.921189464667501e-16,0.0,0.0,6.837304669195332
164,405,4.698401718948595,0.0,11026.27180904758,2.521371517501988,5.921189464667501e-16,0.0,0.0,6.837304669195332
165,403,4.698401718948595,0.0,11026.27180904758,2.521371517501988,5.921189464667501e-16,0.0,0.0,6.837304669195332
166,402,4.698401718948595,0.0,11026.27180904758,2.521371517501988,5.921189464667501e-16,0.0,0.0,6.837304669195332
167,401,4.698401718948595,0.0,11026.27180904758,2.5214039228166385,5.921189464667501e-16,0.0,0.0,6.837304669195332
168,400,4.698401718948595,0.0,11026.27180904758,2.5214023127068534,5.921189464667501e-16,0.0,0.0,6.837304669195332
169,399,4.698401718948595,0.0,11026.27180904758,2.5214023127068534,5.921189464667501e-16,0.0,0.0,6.837304669195332
170,397,4.698401718948595,0.0,11026.27180904758,2.5214434124733804,5.921189464667501e-16,0.0,0.0,6.837304669195332
171,396,4.698401718948595,0.0,11026.27180904758,2.5214432234446194,5.921189464667501e-16,0.0,0.0,6.837304669195332
172,395,4.698401718948595,0.0,11026.27180904758,2.5214518854623544,5.921189464667501e-16,0.0,0.0,6.837304669195332
173,394,4.698401718948595,0.0,11026.27180904758,2.5214777153050174,5.921189464667501e-16,0.0,0.0,6.837304669195332
174,393,4.698401718948595,0.0,11026.27180904758,2.5214800937732376,5.921189464667501e-16,0.0,0.0,6.837304669195332
175,391,4.698401718948595,0.0,11026.27180904758,2.5214868419200567,5.921189464667501e-16,0.0,0.0,6.837304669195332
176,390,4.698401718948595,0.0,11026.27180904758,2.5214914455162973,5.921189464667501e-16,0.0,0.0,6.837304669195332
177,389,4.698401718948595,0.0,11026.27180904758,2.5214813554280213,5.921189464667501e-16,0.0,0.0,6.837304669195332
178,388,4.698401718948595,0.0,11026.27180904758,2.521489977444441,5.921189464667501e-16,0.0,0.0,6.837304669195332
179,387,4.698401718948595,0.0,11026.27180904758,2.521489977444441,5.921189464667501e-16,0.0,0.0,6.837304669195332
180,385,4.698401718948595,0.0,11026.27180904758,2.521489977444441,5.921189464667501e-16,0.0,0.0,6.837304669195332
181,384,4.698401718948595,0.0,11026.27180904758,2.521489977444441,5.921189464667501e-16,0.0,0.0,6.837304669195332
182,383,4.698401718948595,0.0,11026.27180904758,2.5215130837213238,5.921189464667501e-16,0.0,0.0,6.837304669195332
183,382,4.698401718948595,0.0,11026.27180904758,2.521512610202039,5.921189464667501e-16,0.0,0.0,6.837304669195332
184,381,4.698401718948595,0.0,11026.27180904758,2.5215176300910445,5.921189464667501e-16,0.0,0.0,6.837304669195332
185,379,4.698401718948595,0.0,11026.27180904758,2.5215201001926375,5.921189464667501e-16,0.0,0.0,6.837304669195332
186,378,4.698401718948595,0.0,11026.27180904758,2.521524080911973,5.921189464667501e-16,0.0,0.0,6.837304669195332
187,377,4.698401718948595,0.0,11026.27180904758,2.521524316887394,5.921189464667501e-16,0.0,0.0,6.837304669195332
188,376,4.698401718948595,0.0,11026.27180904758,2.521523242982948,5.921189464667501e-16,0.0,0.0,6.837304669195332
189,375,4.698401718948595,0.0,11026.27180904758,2.521523242982948,5.921189464667501e-16,0.0,0.0,6.837304669195332
190,374,4.698401718948595,0.0,11026.27180904758,2.5215288317918603,5.921189464667501e-16,0.0,0.0,6.837304669195332
191,372,4.698401718948595,0.0,11026.27180904758,2.521530977477034,5.921189464667501e-16,0.0,0.0,6.837304669195332
192,371,4.698401718948595,0.0,11026.27180904758,2.5215329221300467,5.921189464667501e-16,0.0,0.0,6.837304669195332
193,370,4.698401718948595,0.0,11026.27180904758,2.5215326873282766,5.921189464667501e-16,0.0,0.0,6.837304669195332
194,369,4.698401718948595,0.0,11026.27180904758,2.5215335460788224,5.921189464667501e-16,0.0,0.0,6.837304669195332
195,368,4.698401718948595,0.0,11026.27180904758,2.521537095446889,5.921189464667501e-16,0.0,0.0,6.837304669195332
196,366,4.698401718948595,0.0,11026.27180904758,2.521537095446889,5.921189464667501e-16,0.0,0.0,6.837304669195332
197,365,4.698401718948595,0.0,11026.27180904758,2.521537095446889,5.921189464667501e-16,0.0,0.0,6.837304669195332
198,364,4.698401718948595,0.0,11026.27180904758,2.5215432664701813,5.921189464667501e-16,0.0,0.0,6.837304669195332
199,363,4.698401718948595,0.0,11026.27180904758,2.5215435740033594,5.921189464667501e-16,0.0,0.0,6.837304669195332
200,362,4.698401718948595,0.0,11026.27180904758,2.521546233926999,5.921189464667501e-16,0.0,0.0,6.837304669195332
201,360,4.698401718948595,0.0,11026.27180904758,2.521546309773278,5.921189464667501e-16,0.0,0.0,6.837304669195332
202,359,4.698401718948595,0.0,11026.27180904758,2.521546309773278,5.921189464667501e-16,0.0,0.0,6.837304669195332
203,358,4.698401718948595,0.0,11026.27180904758,2.5215482201676322,5.921189464667501e-16,0.0,0.0,6.837304669195332
204,357,4.698401718948595,0.0,11026.27180904758,2.5215490615400196,5.921189464667501e-16,0.0,0.0,6.837304669195332
205,356,4.698401718948595,0.0,11026.27180904758,2.5215490615400196,5.921189464667501e-16,0.0,0.0,6.837304669195332
206,354,4.698401718948595,0.0,11026.27180904758,2.5215490615400196,5.921189464667501e-16,0.0,0.0,6.837304669195332
207,353,4.698401718948595,0.0,11026.27180904758,2.521549897478434,5.921189464667501e-16,0.0,0.0,6.837304669195332
208,352,4.698401718948595,0.0,11026.27180904758,2.5215491942607966,5.921189464667501e-16,0.0,0.0,6.837304669195332
209,351,4.698401718948595,0.0,11026.27180904758,2.5215491942607966,5.921189464667501e-16,0.0,0.0,6.837304669195332
210,350,4.698401718948595,0.0,11026.27180904758,2.5215521599168236,5.921189464667501e-16,0.0,0.0,6.837304669195332
211,348,4.698401718948595,0.0,11026.27180904758,2.5215530668703328,5.921189464667501e-16,0.0,0.0,6.837304669195332
212,347,4.698401718948595,0.0,11026.27180904758,2.5215530668703328,5.921189464667501e-16,0.0,0.0,6.837304669195332
213,346,4.698401718948595,0.0,11026.27180904758,2.5215523659332963,5.921189464667501e-16,0.0,0.0,6.837304669195332
214,345,4.698401718948595,0.0,11026.27180904758,2.521554798638907,5.921189464667501e-16,0.0,0.0,6.837304669195332
215,344,4.698401718948595,0.0,11026.27180904758,2.5215550474609336,5.921189464667501e-16,0.0,0.0,6.837304669195332
216,343,4.698401718948595,0.0,11026.27180904758,2.5215557262740877,5.921189464667501e-16,0.0,0.0,6.837304669195332
217,341,4.698401718948595,0.0,11026.27180904758,2.5215557262740877,5.921189464667501e-16,0.0,0.0,6.837304669195332
218,340,4.698401718948595,0.0,11026.27180904758,2.5215565017390005,5.921189464667501e-16,0.0,0.0,6.837304669195332
219,339,4.698401718948595,0.0,11026.27180904758,2.5215562162184346,5.921189464667501e-16,0.0,0.0,6.837304669195332
220,338,4.698401718948595,0.0,11026.27180904758,2.5215562162184346,5.921189464667501e-16,0.0,0.0,6.837304669195332
221,337,4.698401718948595,0.0,11026.27180904758,2.5215562376684684,5.921189464667501e-16,0.0,0.0,6.837304669195332
222,335,4.698401718948595,0.0,11026.27180904758,2.5215571960572243,5.921189464667501e-16,0.0,0.0,6.837304669195332
223,334,4.698401718948595,0.0,11026.27180904758,2.5215572592007156,5.921189464667501e-16,0.0,0.0,6.837304669195332
224,333,4.698401718948595,0.0,11026.27180904758,2.5215571488948396,5.921189464667501e-16,0.0,0.0,6.837304669195332
225,332,4.698401718948595,0.0,11026.27180904758,2.5215572679838156,5.921189464667501e-16,0.0,0.0,6.837304669195332
226,331,4.698401718948595,0.0,11026.27180904758,2.52155735414103,5.921189464667501e-16,0.0,0.0,6.837304669195332
227,329,4.698401718948595,0.0,11026.27180904758,2.521557609263348,5.921189464667501e-16,0.0,0.0,6.837304669195332
228,328,4.698401718948595,0.0,11026.27180904758,2.5215582823467053,5.921189464667501e-16,0.0,0.0,6.837304669195332
229,327,4.698401718948595,0.0,11026.27180904758,2.521558302003084,5.921189464667501e-16,0.0,0.0,6.837304669195332
230,326,4.698401718948595,0.0,11026.27180904758,2.5215583434236275,5.921189464667501e-16,0.0,0.0,6.837304669195332
231,325,4.698401718948595,0.0,11026.27180904758,2.5215583379188824,5.921189464667501e-16,0.0,0.0,6.837304669195332
232,323,4.698401718948595,0.0,11026.27180904758,2.5215583379188824,5.921189464667501e-16,0.0,0.0,6.837304669195332
233,322,4.698401718948595,0.0,11026.27180904758,2.5215586286383447,5.921189464667501e-16,0.0,0.0,6.837304669195332
234,321,4.698401718948595,0.0,11026.27180904758,2.5215586529089693,5.921189464667501e-16,0.0,0.0,6.837304669195332
235,320,4.698401718948595,0.0,11026.27180904758,2.5215586529089693,5.921189464667501e-16,0.0,0.0,6.837304669195332
236,319,4.698401718948595,0.0,11026.27180904758,2.5215587316967385,5.921189464667501e-16,0.0,0.0,6.837304669195332
237,317,4.698401718948595,0.0,11026.27180904758,2.5215589659574946,5.921189464667501e-16,0.0,0.0,6.837304669195332
238,316,4.698401718948595,0.0,11026.27180904758,2.521559158089964,5.921189464667501e-16,0.0,0.0,6.837304669195332
239,315,4.698401718948595,0.0,11026.27180904758,2.521559158089964,5.921189464667501e-16,0.0,0.0,6.837304669195332
240,314,4.698401718948595,0.0,11026.27180904758,2.521559333954757,5.921189464667501e-16,0.0,0.0,6.837304669195332
241,313,4.698401718948595,0.0,11026.27180904758,2.521559523239671,5.921189464667501e-16,0.0,0.0,6.837304669195332
242,312,4.698401718948595,0.0,11026.27180904758,2.52155957605844,5.921189464667501e-16,0.0,0.0,6.837304669195332
243,310,4.698401718948595,0.0,11026.27180904758,2.521559720786804,5.921189464667501e-16,0.0,0.0,6.837304669195332
244,309,4.698401718948595,0.0,11026.27180904758,2.5215595623031137,5.921189464667501e-16,0.0,0.0,6.837304669195332
245,308,4.698401718948595,0.0,11026.27180904758,2.5215597912989747,5.921189464667501e-16,0.0,0.0,6.837304669195332
246,307,4.698401718948595,0.0,11026.27180904758,2.5215598234742456,5.921189464667501e-16,0.0,0.0,6.837304669195332
247,306,4.698401718948595,0.0,11026.27180904758,2.5215598562035084,5.921189464667501e-16,0.0,0.0,6.837304669195332
248,304,4.698401718948595,0.0,11026.27180904758,2.5215598562035084,5.921189464667501e-16,0.0,0.0,6.837304669195332
249,303,4.698401718948595,0.0,11026.27180904758,2.5215598562035084,5.921189464667501e-16,0.0,0.0,6.837304669195332
250,302,4.698401718948595,0.0,11026.27180904758,2.5215601346422596,5.921189464667501e-16,0.0,0.0,6.837304669195332
251,301,4.698401718948595,0.0,11026.27180904758,2.5215599723636632,5.921189464667501e-16,0.0,0.0,6.837304669195332
252,300,4.698401718948595,0.0,11026.27180904758,2.5215599723636632,5.921189464667501e-16,0.0,0.0,6.837304669195332
253,298,4.698401718948595,0.0,11026.27180904758,2.521560122173456,5.921189464667501e-16,0.0,0.0,6.837304669195332
254,297,4.698401718948595,0.0,11026.27180904758,2.521560122173456,5.921189464667501e-16,0.0,0.0,6.837304669195332
255,296,4.698401718948595,0.0,11026.27180904758,2.521560150945004,5.921189464667501e-16,0.0,0.0,6.837304669195332
256,295,4.698401718948595,0.0,11026.27180904758,2.521560202805018,5.921189464667501e-16,0.0,0.0,6.837304669195332
257,294,4.698401718948595,0.0,11026.27180904758,2.521560202805018,5.921189464667501e-16,0.0,0.0,6.837304669195332
258,292,4.698401718948595,0.0,11026.27180904758,2.5215603142314396,5.921189464667501e-16,0.0,0.0,6.837304669195332
259,291,4.698401718948595,0.0,11026.27180904758,2.5215602732155524,5.921189464667501e-16,0.0,0.0,6.837304669195332
260,290,4.698401718948595,0.0,11026.27180904758,2.5215603597779834,5.921189464667501e-16,0.0,0.0,6.837304669195332
261,289,4.698401718948595,0.0,11026.27180904758,2.521560356339151,5.921189464667501e-16,0.0,0.0,6.837304669195332
262,288,4.698401718948595,0.0,11026.27180904758,2.521560356339151,5.921189464667501e-16,0.0,0.0,6.837304669195332
263,287,4.698401718948595,0.0,11026.27180904758,2.5215604238234537,5.921189464667501e-16,0.0,0.0,6.837304669195332
264,285,4.698401718948595,0.0,11026.27180904758,2.5215604238234537,5.921189464667501e-16,0.0,0.0,6.837304669195332
265,284,4.698401718948595,0.0,11026.27180904758,2.5215604281325286,5.921189464667501e-16,0.0,0.0,6.837304669195332
266,283,4.698401718948595,0.0,11026.27180904758,2.5215604281325286,5.921189464667501e-16,0.0,0.0,6.837304669195332
267,282,4.698401718948595,0.0,11026.27180904758,2.5215604570881816,5.921189464667501e-16,0.0,0.0,6.837304669195332
268,281,4.698401718948595,0.0,11026.27180904758,2.5215605332187083,5.921189464667501e-16,0.0,0.0,6.837304669195332
269,279,4.698401718948595,0.0,11026.27180904758,2.521560524007743,5.921189464667501e-16,0.0,0.0,6.837304669195332
270,278,4.698401718948595,0.0,11026.27180904758,2.521560546429866,5.921189464667501e-16,0.0,0.0,6.837304669195332
271,277,4.698401718948595,0.0,11026.27180904758,2.521560546429866,5.921189464667501e-16,0.0,0.0,6.837304669195332
272,276,4.698401718948595,0.0,11026.27180904758,2.5215605268430794,5.921189464667501e-16,0.0,0.0,6.837304669195332
273,275,4.698401718948595,0.0,11026.27180904758,2.5215605653059523,5.921189464667501e-16,0.0,0.0,6.837304669195332
274,273,4.698401718948595,0.0,11026.27180904758,2.5215605653059523,5.921189464667501e-16,0.0,0.0,6.837304669195332
275,272,4.698401718948595,0.0,11026.27180904758,2.521560582920844,5.921189464667501e-16,0.0,0.0,6.837304669195332
276,271,4.698401718948595,0.0,11026.27180904758,2.521560594485251,5.921189464667501e-16,0.0,0.0,6.837304669195332
277,270,4.698401718948595,0.0,11026.27180904758,2.521560594485251,5.921189464667501e-16,0.0,0.0,6.837304669195332
278,269,4.698401718948595,0.0,11026.27180904758,2.5215606137039295,5.921189464667501e-16,0.0,0.0,6.837304669195332
279,267,4.698401718948595,0.0,11026.27180904758,2.5215606137039295,5.921189464667501e-16,0.0,0.0,6.837304669195332
280,266,4.698401718948595,0.0,11026.27180904758,2.5215606282922916,5.921189464667501e-16,0.0,0.0,6.837304669195332
281,265,4.698401718948595,0.0,11026.27180904758,2.5215606282922916,5.921189464667501e-16,0.0,0.0,6.837304669195332
282,264,4.698401718948595,0.0,11026.27180904758,2.5215606282922916,5.921189464667501e-16,0.0,0.0,6.837304669195332
283,263,4.698401718948595,0.0,11026.27180904758,2.5215606282922916,5.921189464667501e-16,0.0,0.0,6.837304669195332
284,261,4.698401718948595,0.0,11026.27180904758,2.5215606282922916,5.921189464667501e-16,0.0,0.0,6.837304669195332
285,260,4.698401718948595,0.0,11026.27180904758,2.5215606282922916,5.921189464667501e-16,0.0,0.0,6.837304669195332
286,259,4.698401718948595,0.0,11026.27180904758,2.5215606410343163,5.921189464667501e-16,0.0,0.0,6.837304669195332
287,258,4.698401718948595,0.0,11026.27180904758,2.5215606410343163,5.921189464667501e-16,0.0,0.0,6.837304669195332
288,257,4.698401718948595,0.0,11026.27180904758,2.5215606410343163,5.921189464667501e-16,0.0,0.0,6.837304669195332
289,256,4.698401718948595,0.0,11026.27180904758,2.5215606410343163,5.921189464667501e-16,0.0,0.0,6.837304669195332
290,254,4.698401718948595,0.0,11026.27180904758,2.5215606410343163,5.921189464667501e-16,0.0,0.0,6.837304669195332
291,253,4.698401718948595,0.0,11026.27180904758,2.52156065987654,5.921189464667501e-16,0.0,0.0,6.837304669195332
292,252,4.698401718948595,0.0,11026.27180904758,2.521560660433027,5.921189464667501e-16,0.0,0.0,6.837304669195332
293,251,4.698401718948595,0.0,11026.27180904758,2.521560660433027,5.921189464667501e-16,0.0,0.0,6.837304669195332
294,250,4.698401718948595,0.0,11026.27180904758,2.521560660869299,5.921189464667501e-16,0.0,0.0,6.837304669195332
295,248,4.698401718948595,0.0,11026.27180904758,2.521560660869299,5.921189464667501e-16,0.0,0.0,6.837304669195332
296,247,4.698401718948595,0.0,11026.27180904758,2.521560660869299,5.921189464667501e-16,0.0,0.0,6.837304669195332
297,246,4.698401718948595,0.0,11026.27180904758,2.521560660869299,5.921189464667501e-16,0.0,0.0,6.837304669195332
298,245,4.698401718948595,0.0,11026.27180904758,2.521560660869299,5.921189464667501e-16,0.0,0.0,6.837304669195332
299,244,4.698401718948595,0.0,11026.27180904758,2.521560661544007,5.921189464667501e-16,0.0,0.0,6.837304669195332
300,242,4.698401718948595,0.0,11026.27180904758,2.521560661544007,5.921189464667501e-16,0.0,0.0,6.837304669195332
301,241,4.698401718948595,0.0,11026.27180904758,2.521560661544007,5.921189464667501e-16,0.0,0.0,6.837304669195332
302,240,4.698401718948595,0.0,11026.27180904758,2.52156066493522,5.921189464667501e-16,0.0,0.0,6.837304669195332
303,239,4.698401718948595,0.0,11026.27180904758,2.52156066493522,5.921189464667501e-16,0.0,0.0,6.837304669195332
304,238,4.698401718948595,0.0,11026.27180904758,2.52156066493522,5.921189464667501e-16,0.0,0.0,6.837304669195332
305,236,4.698401718948595,0.0,11026.27180904758,2.52156066493522,5.921189464667501e-16,0.0,0.0,6.837304669195332
306,235,4.698401718948595,0.0,11026.27180904758,2.52156066493522,5.921189464667501e-16,0.0,0.0,6.837304669195332
307,234,4.698401718948595,0.0,11026.27180904758,2.52156066493522,5.921189464667501e-16,0.0,0.0,6.837304669195332
308,233,4.698401718948595,0.0,11026.27180904758,2.52156066493522,5.921189464667501e-16,0.0,0.0,6.837304669195332
309,232,4.698401718948595,0.0,11026.27180904758,2.52156066493522,5.921189464667501e-16,0.0,0.0,6.837304669195332
310,230,4.698401718948595,0.0,11026.27180904758,2.52156066493522,5.921189464667501e-16,0.0,0.0,6.837304669195332
311,229,4.698401718948595,0.0,11026.27180904758,2.52156066493522,5.921189464667501e-16,0.0,0.0,6.837304669195332
312,228,4.698401718948595,0.0,11026.27180904758,2.52156066493522,5.921189464667501e-16,0.0,0.0,6.837304669195332
313,227,4.698401718948595,0.0,11026.27180904758,2.52156066493522,5.921189464667501e-16,0.0,0.0,6.837304669195332
314,226,4.698401718948595,0.0,11026.27180904758,2.52156066493522,5.921189464667501e-16,0.0,0.0,6.837304669195332
315,225,4.698401718948595,0.0,11026.27180904758,2.52156066493522,5.921189464667501e-16,0.0,0.0,6.837304669195332
316,223,4.698401718948595,0.0,11026.27180904758,2.52156066493522,5.921189464667501e-16,0.0,0.0,6.837304669195332
317,222,4.698401718948595,0.0,11026.27180904758,2.52156066493522,5.921189464667501e-16,0.0,0.0,6.837304669195332
318,221,4.698401718948595,0.0,11026.27180904758,2.52156066493522,5.921189464667501e-16,0.0,0.0,6.837304669195332
319,220,4.698401718948595,0.0,11026.27180904758,2.52156066493522,5.921189464667501e-16,0.0,0.0,6.837304669195332
320,219,4.698401718948595,0.0,11026.27180904758,2.52156066493522,5.921189464667501e-16,0.0,0.0,6.837304669195332
321,217,4.698401718948595,0.0,11026.27180904758,2.52156066493522,5.921189464667501e-16,0.0,0.0,6.837304669195332
322,216,4.698401718948595,0.0,11026.27180904758,2.5215606787261833,5.921189464667501e-16,0.0,0.0,6.837304669195332
323,215,4.698401718948595,0.0,11026.27180904758,2.5215606787261833,5.921189464667501e-16,0.0,0.0,6.837304669195332
324,214,4.698401718948595,0.0,11026.27180904758,2.5215606787261833,5.921189464667501e-16,0.0,0.0,6.837304669195332
325,213,4.698401718948595,0.0,11026.27180904758,2.5215606787261833,5.921189464667501e-16,0.0,0.0,6.837304669195332
326,211,4.698401718948595,0.0,11026.27180904758,2.5215606787261833,5.921189464667501e-16,0.0,0.0,6.837304669195332
327,210,4.698401718948595,0.0,11026.27180904758,2.5215606787261833,5.921189464667501e-16,0.0,0.0,6.837304669195332
328,209,4.698401718948595,0.0,11026.27180904758,2.5215606787261833,5.921189464667501e-16,0.0,0.0,6.837304669195332
329,208,4.698401718948595,0.0,11026.27180904758,2.5215606787261833,5.921189464667501e-16,0.0,0.0,6.837304669195332
330,207,4.698401718948595,0.0,11026.27180904758,2.5215606787261833,5.921189464667501e-16,0.0,0.0,6.837304669195332
331,205,4.698401718948595,0.0,11026.27180904758,2.5215606787261833,5.921189464667501e-16,0.0,0.0,6.837304669195332
332,204,4.698401718948595,0.0,11026.27180904758,2.5215606787261833,5.921189464667501e-16,0.0,0.0,6.837304669195332
333,203,4.698401718948595,0.0,11026.27180904758,2.5215606787261833,5.921189464667501e-16,0.0,0.0,6.837304669195332
334,202,4.698401718948595,0.0,11026.27180904758,2.5215606787261833,5.921189464667501e-16,0.0,0.0,6.837304669195332
335,201,4.698401718948595,0.0,11026.27180904758,2.5215606787261833,5.921189464667501e-16,0.0,0.0,6.837304669195332
336,199,4.698401718948595,0.0,11026.27180904758,2.5215606787261833,5.921189464667501e-16,0.0,0.0,6.837304669195332
337,198,4.698401718948595,0.0,11026.27180904758,2.5215606787261833,5.921189464667501e-16,0.0,0.0,6.837304669195332
338,197,4.698401718948595,0.0,11026.27180904758,2.5215606787261833,5.921189464667501e-16,0.0,0.0,6.837304669195332
339,196,4.698401718948595,0.0,11026.27180904758,2.5215606787261833,5.921189464667501e-16,0.0,0.0,6.837304669195332
340,195,4.698401718948595,0.0,11026.27180904758,2.5215606787261833,5.921189464667501e-16,0.0,0.0,6.837304669195332
341,194,4.698401718948595,0.0,11026.27180904758,2.5215606787261833,5.921189464667501e-16,0.0,0.0,6.837304669195332
342,192,4.698401718948595,0.0,11026.27180904758,2.5215606787261833,5.921189464667501e-16,0.0,0.0,6.837304669195332
343,191,4.698401718948595,0.0,11026.27180904758,2.5215606787261833,5.921189464667501e-16,0.0,0.0,6.837304669195332
344,190,4.698401718948595,0.0,11026.27180904758,2.5215606787261833,5.921189464667501e-16,0.0,0.0,6.837304669195332
345,189,4.698401718948595,0.0,11026.27180904758,2.5215606787261833,5.921189464667501e-16,0.0,0.0,6.837304669195332
346,188,4.698401718948595,0.0,11026.27180904758,2.5215606787261833,5.921189464667501e-16,0.0,0.0,6.837304669195332
347,186,4.698401718948595,0.0,11026.27180904758,2.5215606787261833,5.921189464667501e-16,0.0,0.0,6.837304669195332
348,185,4.698401718948595,0.0,11026.27180904758,2.5215606787261833,5.921189464667501e-16,0.0,0.0,6.837304669195332
349,184,4.698401718948595,0.0,11026.27180904758,2.5215606787261833,5.921189464667501e-16,0.0,0.0,6.837304669195332
350,183,4.698401718948595,0.0,11026.27180904758,2.5215606787261833,5.921189464667501e-16,0.0,0.0,6.837304669195332
351,182,4.698401718948595,0.0,11026.27180904758,2.5215606787261833,5.921189464667501e-16,0.0,0.0,6.837304669195332
352,180,4.698401718948595,0.0,11026.27180904758,2.5215606787261833,5.921189464667501e-16,0.0,0.0,6.837304669195332
353,179,4.698401718948595,0.0,11026.27180904758,2.5215606787261833,5.921189464667501e-16,0.0,0.0,6.837304669195332
354,178,4.698401718948595,0.0,11026.27180904758,2.5215606787261833,5.921189464667501e-16,0.0,0.0,6.837304669195332
355,177,4.698401718948595,0.0,11026.27180904758,2.5215606787261833,5.921189464667501e-16,0.0,0.0,6.837304669195332
356,176,4.698401718948595,0.0,11026.27180904758,2.5215606787261833,5.921189464667501e-16,0.0,0.0,6.837304669195332
357,174,4.698401718948595,0.0,11026.27180904758,2.5215606787261833,5.921189464667501e-16,0.0,0.0,6.837304669195332
358,173,4.698401718948595,0.0,11026.27180904758,2.5215606787261833,5.921189464667501e-16,0.0,0.0,6.837304669195332
359,172,4.698401718948595,0.0,11026.27180904758,2.5215606787261833,5.921189464667501e-16,0.0,0.0,6.837304669195332
360,171,4.698401718948595,0.0,11026.27180904758,2.5215606787261833,5.921189464667501e-16,0.0,0.0,6.837304669195332
361,170,4.698401718948595,0.0,11026.27180904758,2.5215606787261833,5.921189464667501e-16,0.0,0.0,6.837304669195332
362,168,4.698401718948595,0.0,11026.27180904758,2.5215606787261833,5.921189464667501e-16,0.0,0.0,6.837304669195332
363,167,4.698401718948595,0.0,11026.27180904758,2.5215606787261833,5.921189464667501e-16,0.0,0.0,6.837304669195332
364,166,4.698401718948595,0.0,11026.27180904758,2.5215606787261833,5.921189464667501e-16,0.0,0.0,6.837304669195332
365,165,4.698401718948595,0.0,11026.27180904758,2.5215606787261833,5.921189464667501e-16,0.0,0.0,6.837304669195332
366,164,4.698401718948595,0.0,11026.27180904758,2.5215606787261833,5.921189464667501e-16,0.0,0.0,6.837304669195332
367,163,4.698401718948595,0.0,11026.27180904758,2.5215606787261833,5.921189464667501e-16,0.0,0.0,6.837304669195332
368,161,4.698401718948595,0.0,11026.27180904758,2.5215606787261833,5.921189464667501e-16,0.0,0.0,6.837304669195332
369,160,4.698401718948595,0.0,11026.27180904758,2.5215606787261833,5.921189464667501e-16,0.0,0.0,6.837304669195332
370,159,4.698401718948595,0.0,11026.27180904758,2.5215606787261833,5.921189464667501e-16,0.0,0.0,6.837304669195332
371,158,4.698401718948595,0.0,11026.27180904758,2.5215606787261833,5.921189464667501e-16,0.0,0.0,6.837304669195332
372,157,4.698401718948595,0.0,11026.27180904758,2.5215606787261833,5.921189464667501e-16,0.0,0.0,6.837304669195332
373,155,4.698401718948595,0.0,11026.27180904758,2.5215606787261833,5.921189464667501e-16,0.0,0.0,6.837304669195332
374,154,4.698401718948595,0.0,11026.27180904758,2.5215606787261833,5.921189464667501e-16,0.0,0.0,6.837304669195332
375,153,4.698401718948595,0.0,11026.27180904758,2.5215606787261833,5.921189464667501e-16,0.0,0.0,6.837304669195332
376,152,4.698401718948595,0.0,11026.27180904758,2.5215606787261833,5.921189464667501e-16,0.0,0.0,6.837304669195332
377,151,4.698401718948595,0.0,11026.27180904758,2.5215606787261833,5.921189464667501e-16,0.0,0.0,6.837304669195332
378,149,4.698401718948595,0.0,11026.27180904758,2.5215606787261833,5.921189464667501e-16,0.0,0.0,6.837304669195332
379,148,4.698401718948595,0.0,11026.27180904758,2.5215606787261833,5.921189464667501e-16,0.0,0.0,6.837304669195332
380,147,4.698401718948595,0.0,11026.27180904758,2.5215606787261833,5.921189464667501e-16,0.0,0.0,6.837304669195332
381,146,4.698401718948595,0.0,11026.27180904758,2.5215606787261833,5.921189464667501e-16,0.0,0.0,6.837304669195332
382,145,4.698401718948595,0.0,11026.27180904758,2.5215606787261833,5.921189464667501e-16,0.0,0.0,6.837304669195332
383,143,4.698401718948595,0.0,11026.27180904758,2.5215606787261833,5.921189464667501e-16,0.0,0.0,6.837304669195332
384,142,4.698401718948595,0.0,11026.27180904758,2.5215606787261833,5.921189464667501e-16,0.0,0.0,6.837304669195332
385,141,4.698401718948595,0.0,11026.27180904758,2.5215606787261833,5.921189464667501e-16,0.0,0.0,6.837304669195332
386,140,4.698401718948595,0.0,11026.27180904758,2.5215606787261833,5.921189464667501e-16,0.0,0.0,6.837304669195332
387,139,4.698401718948595,0.0,11026.27180904758,2.5215606787261833,5.921189464667501e-16,0.0,0.0,6.837304669195332
388,138,4.698401718948595,0.0,11026.27180904758,2.5215606787261833,5.921189464667501e-16,0.0,0.0,6.837304669195332
389,136,4.698401718948595,0.0,11026.27180904758,2.5215606809528834,5.921189464667501e-16,0.0,0.0,6.837304669195332
390,135,4.698401718948595,0.0,11026.27180904758,2.5215606809528834,5.921189464667501e-16,0.0,0.0,6.837304669195332
391,134,4.698401718948595,0.0,11026.27180904758,2.5215606809528834,5.921189464667501e-16,0.0,0.0,6.837304669195332
392,133,4.698401718948595,0.0,11026.27180904758,2.5215606809528834,5.921189464667501e-16,0.0,0.0,6.837304669195332
393,132,4.698401718948595,0.0,11026.27180904758,2.5215606809528834,5.921189464667501e-16,0.0,0.0,6.837304669195332
394,130,4.698401718948595,0.0,11026.27180904758,2.5215606809528834,5.921189464667501e-16,0.0,0.0,6.837304669195332
395,129,4.698401718948595,0.0,11026.27180904758,2.5215606809528834,5.921189464667501e-16,0.0,0.0,6.837304669195332
396,128,4.698401718948595,0.0,11026.27180904758,2.5215606809528834,5.921189464667501e-16,0.0,0.0,6.837304669195332
397,127,4.698401718948595,0.0,11026.27180904758,2.5215606809528834,5.921189464667501e-16,0.0,0.0,6.837304669195332
398,126,4.698401718948595,0.0,11026.27180904758,2.5215606809528834,5.921189464667501e-16,0.0,0.0,6.837304669195332
399,124,4.698401718948595,0.0,11026.27180904758,2.5215606809528834,5.921189464667501e-16,0.0,0.0,6.837304669195332
400,123,0.0,0.0,11026.27180904758,2.5215606020055974,5.921189464667501e-16,0.0,0.0,6.837304669195332
401,122,0.0,0.0,11026.27180904758,2.521560550323654,5.921189464667501e-16,0.0,0.0,6.837304669195332
402,121,0.0,0.0,11026.27180904758,2.521560540996485,5.921189464667501e-16,0.0,0.0,6.837304669195332
403,120,0.0,0.0,11026.27180904758,2.5215604581323645,5.921189464667501e-16,0.0,0.0,6.837304669195332
404,118,0.0,0.0,11026.27180904758,2.5215603382753473,5.921189464667501e-16,0.0,0.0,6.837304669195332
405,117,0.0,0.0,11026.27180904758,2.521560097808886,5.921189464667501e-16,0.0,0.0,6.837304669195332
406,116,0.0,0.0,11026.27180904758,2.5215596909373517,5.921189464667501e-16,0.0,0.0,6.837304669195332
407,115,0.0,0.0,11026.27180904758,2.521559154096813,5.921189464667501e-16,0.0,0.0,6.837304669195332
408,114,0.0,0.0,11026.27180904758,2.5215582594733927,5.921189464667501e-16,0.0,0.0,6.837304669195332
409,112,0.0,0.0,11026.27180904758,2.5215570224434725,5.921189464667501e-16,0.0,0.0,6.837304669195332
410,111,0.0,0.0,11026.27180904758,2.5215554267972147,5.921189464667501e-16,0.0,0.0,6.837304669195332
411,110,0.0,0.0,11026.27180904758,2.5215513353791836,5.921189464667501e-16,0.0,0.0,6.837304669195332
412,109,0.0,0.0,11026.27180904758,2.5215479505381406,5.921189464667501e-16,0.0,0.0,6.837304669195332
413,108,0.0,0.0,11026.27180904758,2.521541886728081,5.921189464667501e-16,0.0,0.0,6.837304669195332
414,107,0.0,0.0,11026.27180904758,2.5215265241235443,5.921189464667501e-16,0.0,0.0,6.837304669195332
415,105,0.0,0.0,11026.27180904758,2.521507474471222,5.921189464667501e-16,0.0,0.0,6.837304669195332
416,104,0.0,0.0,11026.27180904758,2.521483478322463,5.921189464667501e-16,0.0,0.0,6.837304669195332
417,103,0.0,0.0,11026.27180904758,2.521416237054832,5.921189464667501e-16,0.0,0.0,6.837304669195332
418,102,0.0,0.0,11026.27180904758,2.5213766341057235,5.921189464667501e-16,0.0,0.0,6.837304669195332
419,101,0.0,0.0,11026.27180904758,2.521265635262931,5.921189464667501e-16,0.0,0.0,6.837304669195332
420,99,0.0,0.0,11026.27180904758,2.5211130107894135,5.921189464667501e-16,0.0,0.0,6.837304669195332
421,98,0.0,0.0,11026.27180904758,2.520736495689039,5.921189464667501e-16,0.0,0.0,6.837304669195332
422,97,0.0,0.0,11026.27180904758,2.5203242473698353,5.921189464667501e-16,0.0,0.0,6.837304669195332
423,96,0.0,0.0,11026.27180904758,2.5198020325064623,5.921189464667501e-16,0.0,0.0,6.837304669195332
424,95,0.0,0.0,11026.27180904758,2.5187565387841877,5.921189464667501e-16,0.0,0.0,6.837304669195332
425,93,0.0,0.0,11026.27180904758,2.5170164009157885,5.921189464667501e-16,0.0,0.0,6.837304669195332
426,92,0.0,0.0,11026.27180904758,2.5141498060630583,5.921189464667501e-16,0.0,0.0,6.837304669195332
427,91,0.0,0.0,11026.27180904758,2.5106730411286113,5.921189464667501e-16,0.0,0.0,6.837304669195332
428,90,0.0,0.0,11026.27180904758,2.502665286977493,5.921189464667501e-16,0.0,0.0,6.837304669195332
429,89,0.0,0.0,11026.27180904758,2.492693309501391,5.921189464667501e-16,0.0,0.0,6.837304669195332
430,87,0.0,0.0,11026.27180904758,2.4774104370293752,5.921189464667501e-16,0.0,0.0,6.837304669195332
431,86,0.0,0.0,11026.27180904758,2.443840312961829,5.921189464667501e-16,0.0,0.0,6.837304669195332
432,85,0.0,0.0,11026.27180904758,2.383981540962474,5.921189464667501e-16,0.0,0.0,6.837304669195332
433,84,0.0,0.0,11026.27180904758,2.3174486977647355,5.921189464667501e-16,0.0,0.0,6.837304669195332
434,83,0.0,0.0,11026.27180904758,2.3011415970480376,5.921189464667501e-16,0.0,0.0,6.837304669195332
435,81,0.0,0.0,11026.27180904758,2.3011415970480376,5.921189464667501e-16,0.0,0.0,6.837304669195332
436,80,0.0,0.0,11026.27180904758,2.286755528688197,5.921189464667501e-16,0.0,0.0,6.837304669195332
437,79,0.0,0.0,11026.27180904758,2.286755528688197,5.921189464667501e-16,0.0,0.0,6.837304669195332
438,78,0.0,0.0,11026.27180904758,2.2849568573514563,5.921189464667501e-16,0.0,0.0,6.837304669195332
439,77,0.0,0.0,11026.27180904758,2.268381152295959,5.921189464667501e-16,0.0,0.0,6.837304669195332
440,76,0.0,0.0,11026.27180904758,2.2567435825108033,5.921189464667501e-16,0.0,0.0,6.837304669195332
441,74,0.0,0.0,11026.27180904758,2.218689547968104,5.921189464667501e-16,0.0,0.0,6.837304669195332
442,73,0.0,0.0,11026.27180904758,2.1824631319523315,5.921189464667501e-16,0.0,0.0,6.837304669195332
443,72,0.0,0.0,11026.27180904758,2.136475028485766,5.921189464667501e-16,0.0,0.0,6.837304669195332
444,71,0.0,0.0,11026.27180904758,2.136475028485766,5.921189464667501e-16,0.0,0.0,6.837304669195332
445,70,0.0,0.0,11026.27180904758,2.136475028485766,5.921189464667501e-16,0.0,0.0,6.837304669195332
446,68,0.0,0.0,11026.27180904758,2.1360675099256357,5.921189464667501e-16,0.0,0.0,6.837304669195332
447,67,0.0,0.0,11026.27180904758,2.1360675099256357,5.921189464667501e-16,0.0,0.0,6.837304669195332
448,66,0.0,0.0,11026.27180904758,2.1296768485432125,5.921189464667501e-16,0.0,0.0,6.837304669195332
449,65,0.0,0.0,11026.27180904758,2.1296768485432125,5.921189464667501e-16,0.0,0.0,6.837304669195332
450,64,0.0,0.0,11026.27180904758,2.126851724965202,5.921189464667501e-16,0.0,0.0,6.837304669195332
451,62,0.0,0.0,11026.27180904758,2.126851724965202,5.921189464667501e-16,0.0,0.0,6.837304669195332
452,61,0.0,0.0,11026.27180904758,2.1232334961791155,5.921189464667501e-16,0.0,0.0,6.837304669195332
453,60,0.0,0.0,11026.27180904758,2.1232334961791155,5.921189464667501e-16,0.0,0.0,6.837304669195332
454,59,0.0,0.0,11026.27180904758,2.1163179729532784,5.921189464667501e-16,0.0,0.0,6.837304669195332
455,58,0.0,0.0,11026.27180904758,2.1094687822161826,5.921189464667501e-16,0.0,0.0,6.837304669195332
456,56,0.0,0.0,11026.27180904758,2.1049525264582667,5.921189464667501e-16,0.0,0.0,6.837304669195332
457,55,0.0,0.0,11026.27180904758,2.0813652915423395,5.921189464667501e-16,0.0,0.0,6.837304669195332
458,54,0.0,0.0,11026.27180904758,2.070000234838994,5.921189464667501e-16,0.0,0.0,6.837304669195332
459,53,0.0,0.0,11026.27180904758,2.0271322579795243,5.921189464667501e-16,0.0,0.0,6.837304669195332
460,52,0.0,0.0,11026.27180904758,2.0025131828256537,5.921189464667501e-16,0.0,0.0,6.837304669195332
461,50,0.0,0.0,11026.27180904758,1.93728044587195,5.921189464667501e-16,0.0,0.0,6.837304669195332
462,49,0.0,0.0,11026.27180904758,1.8428169003899426,5.921189464667501e-16,0.0,0.0,6.837304669195332
463,48,0.0,0.0,11026.27180904758,1.7286457511492386,5.921189464667501e-16,0.0,0.0,6.837304669195332
464,47,0.0,0.0,11026.27180904758,1.4631767735938306,5.921189464667501e-16,0.0,0.0,6.837304669195332
465,46,0.0,0.0,11026.27180904758,1.3425911919359432,5.921189464667501e-16,0.0,0.0,6.837304669195332
466,45,0.0,0.0,11026.27180904758,1.3142493880376007,5.921189464667501e-16,0.0,0.0,6.837304669195332
467,43,0.0,0.0,11026.27180904758,0.9949196708538508,5.921189464667501e-16,0.0,0.0,6.837304669195332
468,42,0.0,0.0,11026.27180904758,0.8173933422057056,5.921189464667501e-16,0.0,0.0,6.837304669195332
469,41,0.0,0.0,11026.27180904758,0.754856596151992,5.921189464667501e-16,0.0,0.0,6.837304669195332
470,40,0.0,0.0,11026.27180904758,0.754856596151992,5.921189464667501e-16,0.0,0.0,6.837304669195332
471,39,0.0,0.0,11026.27180904758,0.7113057643731104,5.921189464667501e-16,0.0,0.0,6.837304669195332
472,37,0.0,0.0,11026.27180904758,0.7113057643731104,5.921189464667501e-16,0.0,0.0,6.837304669195332
473,36,0.0,0.0,11026.27180904758,0.6786195727947109,5.921189464667501e-16,0.0,0.0,6.837304669195332
474,35,0.0,0.0,11026.27180904758,0.6786195727947109,5.921189464667501e-16,0.0,0.0,6.837304669195332
475,34,0.0,0.0,11026.27180904758,0.6786195727947109,5.921189464667501e-16,0.0,0.0,6.837304669195332
476,33,0.0,0.0,11026.27180904758,0.6758325824219237,5.921189464667501e-16,0.0,0.0,6.837304669195332
477,31,0.0,0.0,11026.27180904758,0.6758325824219237,5.921189464667501e-16,0.0,0.0,6.837304669195332
478,30,0.0,0.0,11026.27180904758,0.6758325824219237,5.921189464667501e-16,0.0,0.0,6.837304669195332
479,29,0.0,0.0,11026.27180904758,0.6641584099530509,5.921189464667501e-16,0.0,0.0,6.837304669195332
480,28,0.0,0.0,11026.27180904758,0.6539862422776106,5.921189464667501e-16,0.0,0.0,6.837304669195332
481,27,0.0,0.0,11026.27180904758,0.6539862422776106,5.921189464667501e-16,0.0,0.0,6.837304669195332
482,25,0.0,0.0,11026.27180904758,0.6350703187764197,5.921189464667501e-16,0.0,0.0,6.837304669195332
483,24,0.0,0.0,11026.27180904758,0.6350703187764197,5.921189464667501e-16,0.0,0.0,6.837304669195332
484,23,0.0,0.0,11026.27180904758,0.6350703187764197,5.921189464667501e-16,0.0,0.0,6.837304669195332
485,22,0.0,0.0,11026.27180904758,0.6158565604458003,5.921189464667501e-16,0.0,0.0,6.837304669195332
486,21,0.0,0.0,11026.27180904758,0.6158565604458003,5.921189464667501e-16,0.0,0.0,6.837304669195332
487,19,0.0,0.0,11026.27180904758,0.6158565604458003,5.921189464667501e-16,0.0,0.0,6.837304669195332
488,18,0.0,0.0,11026.27180904758,0.6158565604458003,5.921189464667501e-16,0.0,0.0,6.837304669195332
489,17,0.0,0.0,11026.27180904758,0.6158565604458003,5.921189464667501e-16,0.0,0.0,6.837304669195332
490,16,0.0,0.0,11026.27180904758,0.6158565604458003,5.921189464667501e-16,0.0,0.0,6.837304669195332
491,15,0.0,0.0,11026.27180904758,0.6158565604458003,5.921189464667501e-16,0.0,0.0,6.837304669195332
492,14,0.0,0.0,11026.27180904758,0.6091055546713606,5.921189464667501e-16,0.0,0.0,6.837304669195332
493,12,0.0,0.0,11026.27180904758,0.6091055546713606,5.921189464667501e-16,0.0,0.0,6.837304669195332
494,11,0.0,0.0,11026.27180904758,0.6091055546713606,5.921189464667501e-16,0.0,0.0,6.837304669195332
495,10,0.0,0.0,11026.27180904758,0.6091055546713606,5.921189464667501e-16,0.0,0.0,6.837304669195332
496,9,0.0,0.0,11026.27180904758,0.6091055546713606,5.921189464667501e-16,0.0,0.0,6.837304669195332
497,8,0.0,0.0,11026.27180904758,0.6091055546713606,5.921189464667501e-16,0.0,0.0,6.837304669195332
498,6,0.0,0.0,11026.27180904758,0.6077253959135939,5.921189464667501e-16,0.0,0.0,6.837304669195332
499,5,0.0,0.0,11026.27180904758,0.6077253959135939,5.921189464667501e-16,0.0,0.0,6.837304669195332
500,4,0.0,0.0,11026.27180904758,0.6077253959135939,5.921189464667501e-16,0.0,0.0,6.837304669195332
