iteration,population,epsilon,feasible_ratio,best_cost,minimum_cv
0,600,0.0,0.8433333333333334,44909.35950906413,0.0
1,599,0.0,0.8898163606010017,44909.35950906413,0.0
2,598,0.0,0.9364548494983278,44871.808191766366,0.0
3,596,0.0,0.9614093959731543,44867.82121122925,0.0
4,595,0.0,0.9764705882352941,44833.61388208539,0.0
5,594,0.0,0.9831649831649831,44833.61388208539,0.0
6,593,0.0,0.9865092748735245,44833.61388208539,0.0
7,592,0.0,0.9949324324324325,44826.212206299286,0.0
8,590,0.0,1.0,44819.564648528816,0.0
9,589,0.0,1.0,44816.07504008322,0.0
10,588,0.0,1.0,44802.950238005535,0.0
11,587,0.0,1.0,44784.92657410395,0.0
12,586,0.0,1.0,44784.92657410395,0.0
13,585,0.0,1.0,44784.92657410395,0.0
14,583,0.0,1.0,44784.92657410395,0.0
15,582,0.0,1.0,44784.92657410395,0.0
16,581,0.0,1.0,44779.46850411729,0.0
17,580,0.0,1.0,44775.03761441015,0.0
18,579,0.0,1.0,44774.28270745566,0.0
19,577,0.0,1.0,44768.80765112272,0.0
20,576,0.0,1.0,44739.80813596933,0.0
21,575,0.0,1.0,44739.80813596933,0.0
22,574,0.0,1.0,44739.80813596933,0.0
23,573,0.0,1.0,44739.80813596933,0.0
24,571,0.0,1.0,44739.80813596933,0.0
25,570,0.0,1.0,44739.80813596933,0.0
26,569,0.0,1.0,44739.80813596933,0.0
27,568,0.0,1.0,44739.40289550119,0.0
28,567,0.0,1.0,44739.40289550119,0.0
29,565,0.0,1.0,44727.26517218754,0.0
30,564,0.0,1.0,44720.4417575796,0.0
31,563,0.0,1.0,44720.4417575796,0.0
32,562,0.0,1.0,44720.4417575796,0.0
33,561,0.0,1.0,44720.4417575796,0.0
34,559,0.0,1.0,44716.57572945781,0.0
35,558,0.0,1.0,44709.60872495723,0.0
36,557,0.0,1.0,44709.60872495723,0.0
37,556,0.0,1.0,44703.37406673636,0.0
38,555,0.0,1.0,44697.485310493386,0.0
39,554,0.0,1.0,44688.48208810971,0.0
40,552,0.0,1.0,44688.48208810971,0.0
41,551,0.0,1.0,44686.194242589176,0.0
42,550,0.0,1.0,44686.194242589176,0.0
43,549,0.0,1.0,44686.194242589176,0.0
44,548,0.0,1.0,44686.194242589176,0.0
45,546,0.0,1.0,44686.194242589176,0.0
46,545,0.0,1.0,44680.69491622592,0.0
47,544,0.0,1.0,44680.69491622592,0.0
48,543,0.0,1.0,44678.347964734705,0.0
49,542,0.0,1.0,44678.347964734705,0.0
50,540,0.0,1.0,44676.182107530505,0.0
51,539,0.0,1.0,44673.5920738594,0.0
52,538,0.0,1.0,44673.5920738594,0.0
53,537,0.0,1.0,44671.25623456984,0.0
54,536,0.0,1.0,44664.80261137492,0.0
55,534,0.0,1.0,44657.938222310266,0.0
56,533,0.0,1.0,44657.938222310266,0.0
57,532,0.0,1.0,44657.938222310266,0.0
58,531,0.0,1.0,44657.938222310266,0.0
59,530,0.0,1.0,44656.93860129892,0.0
60,528,0.0,1.0,44651.731502287075,0.0
61,527,0.0,1.0,44651.731502287075,0.0
62,526,0.0,1.0,44651.731502287075,0.0
63,525,0.0,1.0,44650.62789739958,0.0
64,524,0.0,1.0,44650.62789739958,0.0
65,523,0.0,1.0,44646.7951135334,0.0
66,521,0.0,1.0,44643.811442191145,0.0
67,520,0.0,1.0,44643.811442191145,0.0
68,519,0.0,1.0,44642.99033212624,0.0
69,518,0.0,1.0,44642.10049744905,0.0
70,517,0.0,1.0,44639.564625711566,0.0
71,515,0.0,1.0,44639.38196464343,0.0
72,514,0.0,1.0,44639.38196464343,0.0
73,513,0.0,1.0,44637.3338091035,0.0
74,512,0.0,1.0,44635.74933993672,0.0
75,511,0.0,1.0,44634.67874822619,0.0
76,509,0.0,1.0,44632.88851838137,0.0
77,508,0.0,1.0,44631.39548980746,0.0
78,507,0.0,1.0,44631.12224664149,0.0
79,506,0.0,1.0,44630.41753216861,0.0
80,505,0.0,1.0,44630.41753216861,0.0
81,503,0.0,1.0,44630.41753216861,0.0
82,502,0.0,1.0,44629.37264425415,0.0
83,501,0.0,1.0,44627.995633314626,0.0
84,500,0.0,1.0,44627.71729895416,0.0
85,499,0.0,1.0,44627.072590695694,0.0
86,497,0.0,1.0,44626.92728705506,0.0
87,496,0.0,1.0,44626.094855019335,0.0
88,495,0.0,1.0,44625.58154911909,0.0
89,494,0.0,1.0,44625.41520978,0.0
90,493,0.0,1.0,44625.037206446155,0.0
91,492,0.0,1.0,44624.03534973561,0.0
92,490,0.0,1.0,44623.59007308404,0.0
93,489,0.0,1.0,44623.58005051697,0.0
94,488,0.0,1.0,44622.777753631075,0.0
95,487,0.0,1.0,44622.777753631075,0.0
96,486,0.0,1.0,44621.88990801,0.0
97,484,0.0,1.0,44621.48468932354,0.0
98,483,0.0,1.0,44621.48468932354,0.0
99,482,0.0,1.0,44620.69128636544,0.0
100,481,0.0,1.0,44620.69128636544,0.0
101,480,0.0,1.0,44620.342804986125,0.0
102,478,0.0,1.0,44620.11068243932,0.0
103,477,0.0,1.0,44619.954190509474,0.0
104,476,0.0,1.0,44619.66275322088,0.0
105,475,0.0,1.0,44619.2934665612,0.0
106,474,0.0,1.0,44619.01945319243,0.0
107,472,0.0,1.0,44619.01945319243,0.0
108,471,0.0,1.0,44618.52872390159,0.0
109,470,0.0,1.0,44618.234210850234,0.0
110,469,0.0,1.0,44618.234210850234,0.0
111,468,0.0,1.0,44617.8820266558,0.0
112,466,0.0,1.0,44617.85326678233,0.0
113,465,0.0,1.0,44617.68822369648,0.0
114,464,0.0,1.0,44617.43848931267,0.0
115,463,0.0,1.0,44617.43848931267,0.0
116,462,0.0,1.0,44617.07046826578,0.0
117,461,0.0,1.0,44616.66286294481,0.0
118,459,0.0,1.0,44616.66286294481,0.0
119,458,0.0,1.0,44616.65605535498,0.0
120,457,0.0,1.0,44616.65605535498,0.0
121,456,0.0,1.0,44616.16904560237,0.0
122,455,0.0,1.0,44616.16904560237,0.0
123,453,0.0,1.0,44616.02263798116,0.0
124,452,0.0,1.0,44616.02263798116,0.0
125,451,0.0,1.0,44615.936554636704,0.0
126,450,0.0,1.0,44615.7977351709,0.0
127,449,0.0,1.0,44615.62525849436,0.0
128,447,0.0,1.0,44615.40205335735,0.0
129,446,0.0,1.0,44615.40205335735,0.0
130,445,0.0,1.0,44615.08497141267,0.0
131,444,0.0,1.0,44615.052293705485,0.0
132,443,0.0,1.0,44614.54232552112,0.0
133,441,0.0,1.0,44614.54232552112,0.0
134,440,0.0,1.0,44614.54232552112,0.0
135,439,0.0,1.0,44614.54232552112,0.0
136,438,0.0,1.0,44614.35796798533,0.0
137,437,0.0,1.0,44614.21802587255,0.0
138,436,0.0,1.0,44613.69358715303,0.0
139,434,0.0,1.0,44613.69358715303,0.0
140,433,0.0,1.0,44613.5401045459,0.0
141,432,0.0,1.0,44613.5401045459,0.0
142,431,0.0,1.0,44613.5401045459,0.0
143,430,0.0,1.0,44613.529276737885,0.0
144,428,0.0,1.0,44613.338894153174,0.0
145,427,0.0,1.0,44613.146384570195,0.0
146,426,0.0,1.0,44613.030019564496,0.0
147,425,0.0,1.0,44612.970962767526,0.0
148,424,0.0,1.0,44612.872107886935,0.0
149,422,0.0,1.0,44612.65613748162,0.0
150,421,0.0,1.0,44612.63341246806,0.0
151,420,0.0,1.0,44612.4538514968,0.0
152,419,0.0,1.0,44612.44151544212,0.0
153,418,0.0,1.0,44612.27930240235,0.0
154,416,0.0,1.0,44612.178013635,0.0
155,415,0.0,1.0,44612.03504918818,0.0
156,414,0.0,1.0,44611.951239896225,0.0
157,413,0.0,1.0,44611.81035702603,0.0
158,412,0.0,1.0,44611.75367596968,0.0
159,410,0.0,1.0,44611.70587445063,0.0
160,409,0.0,1.0,44611.66290264798,0.0
161,408,0.0,1.0,44611.545755725456,0.0
162,407,0.0,1.0,44611.50670106576,0.0
163,406,0.0,1.0,44611.36466998154,0.0
164,405,0.0,1.0,44611.236347851955,0.0
165,403,0.0,1.0,44611.14846950967,0.0
166,402,0.0,1.0,44611.09004745638,0.0
167,401,0.0,1.0,44611.09004745638,0.0
168,400,0.0,1.0,44611.00927056208,0.0
169,399,0.0,1.0,44611.00927056208,0.0
170,397,0.0,1.0,44610.90854718069,0.0
171,396,0.0,1.0,44610.8187093615,0.0
172,395,0.0,1.0,44610.72225093625,0.0
173,394,0.0,1.0,44610.696822211576,0.0
174,393,0.0,1.0,44610.64195463572,0.0
175,391,0.0,1.0,44610.574445392536,0.0
176,390,0.0,1.0,44610.574445392536,0.0
177,389,0.0,1.0,44610.53236992147,0.0
178,388,0.0,1.0,44610.501545992694,0.0
179,387,0.0,1.0,44610.43139662518,0.0
180,385,0.0,1.0,44610.23436507495,0.0
181,384,0.0,1.0,44610.23436507495,0.0
182,383,0.0,1.0,44610.23038662549,0.0
183,382,0.0,1.0,44610.20640634938,0.0
184,381,0.0,1.0,44610.139593129716,0.0
185,379,0.0,1.0,44610.13716512531,0.0
186,378,0.0,1.0,44610.023418711164,0.0
187,377,0.0,1.0,44610.0224390716,0.0
188,376,0.0,1.0,44609.97254641792,0.0
189,375,0.0,1.0,44609.868350822275,0.0
190,374,0.0,1.0,44609.868350822275,0.0
191,372,0.0,1.0,44609.836764219544,0.0
192,371,0.0,1.0,44609.77809069224,0.0
193,370,0.0,1.0,44609.75098509746,0.0
194,369,0.0,1.0,44609.73861657125,0.0
195,368,0.0,1.0,44609.64762040826,0.0
196,366,0.0,1.0,44609.64762040826,0.0
197,365,0.0,1.0,44609.64762040826,0.0
198,364,0.0,1.0,44609.522106408906,0.0
199,363,0.0,1.0,44609.522106408906,0.0
200,362,0.0,1.0,44609.522106408906,0.0
201,360,0.0,1.0,44609.46182051393,0.0
202,359,0.0,1.0,44609.46182051393,0.0
203,358,0.0,1.0,44609.46182051393,0.0
204,357,0.0,1.0,44609.426386182895,0.0
205,356,0.0,1.0,44609.39231856319,0.0
206,354,0.0,1.0,44609.36413093528,0.0
207,353,0.0,1.0,44609.355945123985,0.0
208,352,0.0,1.0,44609.29866225031,0.0
209,351,0.0,1.0,44609.29866225031,0.0
210,350,0.0,1.0,44609.24999198088,0.0
211,348,0.0,1.0,44609.17207303064,0.0
212,347,0.0,1.0,44609.14577943807,0.0
213,346,0.0,1.0,44609.11123316207,0.0
214,345,0.0,1.0,44609.10243182774,0.0
215,344,0.0,1.0,44609.10243182774,0.0
216,343,0.0,1.0,44609.06973624059,0.0
217,341,0.0,1.0,44609.05913618706,0.0
218,340,0.0,1.0,44609.0093041996,0.0
219,339,0.0,1.0,44609.0093041996,0.0
220,338,0.0,1.0,44608.9789092184,0.0
221,337,0.0,1.0,44608.97787290688,0.0
222,335,0.0,1.0,44608.92880130753,0.0
223,334,0.0,1.0,44608.92880130753,0.0
224,333,0.0,1.0,44608.908847178114,0.0
225,332,0.0,1.0,44608.908847178114,0.0
226,331,0.0,1.0,44608.87953852756,0.0
227,329,0.0,1.0,44608.85556004822,0.0
228,328,0.0,1.0,44608.85556004822,0.0
229,327,0.0,1.0,44608.83431125182,0.0
230,326,0.0,1.0,44608.80616718105,0.0
231,325,0.0,1.0,44608.80616718105,0.0
232,323,0.0,1.0,44608.80616718105,0.0
233,322,0.0,1.0,44608.79913300513,0.0
234,321,0.0,1.0,44608.797215733655,0.0
235,320,0.0,1.0,44608.76361001226,0.0
236,319,0.0,1.0,44608.75857460813,0.0
237,317,0.0,1.0,44608.747844264464,0.0
238,316,0.0,1.0,44608.7253588855,0.0
239,315,0.0,1.0,44608.68916660252,0.0
240,314,0.0,1.0,44608.679727825845,0.0
241,313,0.0,1.0,44608.67320773723,0.0
242,312,0.0,1.0,44608.66731175511,0.0
243,310,0.0,1.0,44608.648866902266,0.0
244,309,0.0,1.0,44608.63756313018,0.0
245,308,0.0,1.0,44608.63756313018,0.0
246,307,0.0,1.0,44608.62770729019,0.0
247,306,0.0,1.0,44608.61096396379,0.0
248,304,0.0,1.0,44608.60681245785,0.0
249,303,0.0,1.0,44608.58568482126,0.0
250,302,0.0,1.0,44608.58508831155,0.0
251,301,0.0,1.0,44608.570634701246,0.0
252,300,0.0,1.0,44608.570634701246,0.0
253,298,0.0,1.0,44608.55493743418,0.0
254,297,0.0,1.0,44608.55493743418,0.0
255,296,0.0,1.0,44608.55253493125,0.0
256,295,0.0,1.0,44608.54950525904,0.0
257,294,0.0,1.0,44608.5426214401,0.0
258,292,0.0,1.0,44608.53493797546,0.0
259,291,0.0,1.0,44608.526897470525,0.0
260,290,0.0,1.0,44608.51754384853,0.0
261,289,0.0,1.0,44608.51754384853,0.0
262,288,0.0,1.0,44608.517425255784,0.0
263,287,0.0,1.0,44608.51130864635,0.0
264,285,0.0,1.0,44608.50800297434,0.0
265,284,0.0,1.0,44608.50647247326,0.0
266,283,0.0,1.0,44608.49913904779,0.0
267,282,0.0,1.0,44608.49701124316,0.0
268,281,0.0,1.0,44608.493532354114,0.0
269,279,0.0,1.0,44608.492670024,0.0
270,278,0.0,1.0,44608.48569438929,0.0
271,277,0.0,1.0,44608.48533373855,0.0
272,276,0.0,1.0,44608.47951499162,0.0
273,275,0.0,1.0,44608.47788176454,0.0
274,273,0.0,1.0,44608.47670773075,0.0
275,272,0.0,1.0,44608.47670773075,0.0
276,271,0.0,1.0,44608.461439132865,0.0
277,270,0.0,1.0,44608.461439132865,0.0
278,269,0.0,1.0,44608.460947769454,0.0
279,267,0.0,1.0,44608.45944531485,0.0
280,266,0.0,1.0,44608.45244038124,0.0
281,265,0.0,1.0,44608.448855409915,0.0
282,264,0.0,1.0,44608.448855409915,0.0
283,263,0.0,1.0,44608.44494816262,0.0
284,261,0.0,1.0,44608.44284046152,0.0
285,260,0.0,1.0,44608.43387813141,0.0
286,259,0.0,1.0,44608.431202868465,0.0
287,258,0.0,1.0,44608.42730593661,0.0
288,257,0.0,1.0,44608.42278215921,0.0
289,256,0.0,1.0,44608.42167362194,0.0
290,254,0.0,1.0,44608.41310126393,0.0
291,253,0.0,1.0,44608.41085777755,0.0
292,252,0.0,1.0,44608.405361232675,0.0
293,251,0.0,1.0,44608.402666819806,0.0
294,250,0.0,1.0,44608.39446670126,0.0
295,248,0.0,1.0,44608.39253440079,0.0
296,247,0.0,1.0,44608.39253440079,0.0
297,246,0.0,1.0,44608.39253440079,0.0
298,245,0.0,1.0,44608.39076641883,0.0
299,244,0.0,1.0,44608.38875103681,0.0
300,242,0.0,1.0,44608.38875103681,0.0
301,241,0.0,1.0,44608.38873340431,0.0
302,240,0.0,1.0,44608.38701318791,0.0
303,239,0.0,1.0,44608.38591198556,0.0
304,238,0.0,1.0,44608.3843913426,0.0
305,236,0.0,1.0,44608.3843913426,0.0
306,235,0.0,1.0,44608.38342176903,0.0
307,234,0.0,1.0,44608.38342176903,0.0
308,233,0.0,1.0,44608.38295323411,0.0
309,232,0.0,1.0,44608.38144288883,0.0
310,230,0.0,1.0,44608.378939730705,0.0
311,229,0.0,1.0,44608.378939730705,0.0
312,228,0.0,1.0,44608.378939730705,0.0
313,227,0.0,1.0,44608.37466854963,0.0
314,226,0.0,1.0,44608.37466854963,0.0
315,225,0.0,1.0,44608.3743762988,0.0
316,223,0.0,1.0,44608.373463750584,0.0
317,222,0.0,1.0,44608.371382650694,0.0
318,221,0.0,1.0,44608.3690987991,0.0
319,220,0.0,1.0,44608.36585777301,0.0
320,219,0.0,1.0,44608.36585777301,0.0
321,217,0.0,1.0,44608.36585777301,0.0
322,216,0.0,1.0,44608.361952227526,0.0
323,215,0.0,1.0,44608.36124093333,0.0
324,214,0.0,1.0,44608.358195009234,0.0
325,213,0.0,1.0,44608.35548183521,0.0
326,211,0.0,1.0,44608.35113241972,0.0
327,210,0.0,1.0,44608.35113241972,0.0
328,209,0.0,1.0,44608.35113241972,0.0
329,208,0.0,1.0,44608.35113241972,0.0
330,207,0.0,1.0,44608.34919028643,0.0
331,205,0.0,1.0,44608.3488242303,0.0
332,204,0.0,1.0,44608.34787304023,0.0
333,203,0.0,1.0,44608.345125673324,0.0
334,202,0.0,1.0,44608.345125673324,0.0
335,201,0.0,1.0,44608.34363797655,0.0
336,199,0.0,1.0,44608.3427808582,0.0
337,198,0.0,1.0,44608.340823892424,0.0
338,197,0.0,1.0,44608.340823892424,0.0
339,196,0.0,1.0,44608.33977325091,0.0
340,195,0.0,1.0,44608.33897550852,0.0
341,194,0.0,1.0,44608.33640959181,0.0
342,192,0.0,1.0,44608.33466092744,0.0
343,191,0.0,1.0,44608.33370903913,0.0
344,190,0.0,1.0,44608.33129081195,0.0
345,189,0.0,1.0,44608.3306873169,0.0
346,188,0.0,1.0,44608.32746650725,0.0
347,186,0.0,1.0,44608.32746650725,0.0
348,185,0.0,1.0,44608.323916629,0.0
349,184,0.0,1.0,44608.32319251458,0.0
350,183,0.0,1.0,44608.321710428034,0.0
351,182,0.0,1.0,44608.32079004318,0.0
352,180,0.0,1.0,44608.31819998681,0.0
353,179,0.0,1.0,44608.31604293622,0.0
354,178,0.0,1.0,44608.31604293622,0.0
355,177,0.0,1.0,44608.314466305594,0.0
356,176,0.0,1.0,44608.314466305594,0.0
357,174,0.0,1.0,44608.31309832452,0.0
358,173,0.0,1.0,44608.310053766436,0.0
359,172,0.0,1.0,44608.30714934767,0.0
360,171,0.0,1.0,44608.304095244595,0.0
361,170,0.0,1.0,44608.304095244595,0.0
362,168,0.0,1.0,44608.29894929468,0.0
363,167,0.0,1.0,44608.29894929468,0.0
364,166,0.0,1.0,44608.298388529554,0.0
365,165,0.0,1.0,44608.295824607994,0.0
366,164,0.0,1.0,44608.291889266395,0.0
367,163,0.0,1.0,44608.29125227376,0.0
368,161,0.0,1.0,44608.286593664285,0.0
369,160,0.0,1.0,44608.28651438739,0.0
370,159,0.0,1.0,44608.281726226705,0.0
371,158,0.0,1.0,44608.28165259792,0.0
372,157,0.0,1.0,44608.28165259792,0.0
373,155,0.0,1.0,44608.28045714184,0.0
374,154,0.0,1.0,44608.278027165245,0.0
375,153,0.0,1.0,44608.27756082291,0.0
376,152,0.0,1.0,44608.276514747005,0.0
377,151,0.0,1.0,44608.276514747005,0.0
378,149,0.0,1.0,44608.276085109195,0.0
379,148,0.0,1.0,44608.27407363737,0.0
380,147,0.0,1.0,44608.27278375608,0.0
381,146,0.0,1.0,44608.27216313769,0.0
382,145,0.0,1.0,44608.271195660134,0.0
383,143,0.0,1.0,44608.268636891225,0.0
384,142,0.0,1.0,44608.268636891225,0.0
385,141,0.0,1.0,44608.268636891225,0.0
386,140,0.0,1.0,44608.26754671227,0.0
387,139,0.0,1.0,44608.26727871421,0.0
388,138,0.0,1.0,44608.26727871421,0.0
389,136,0.0,1.0,44608.26695884658,0.0
390,135,0.0,1.0,44608.26554417792,0.0
391,134,0.0,1.0,44608.265397947835,0.0
392,133,0.0,1.0,44608.263580018174,0.0
393,132,0.0,1.0,44608.26329085079,0.0
394,130,0.0,1.0,44608.26171684799,0.0
395,129,0.0,1.0,44608.26168032974,0.0
396,128,0.0,1.0,44608.260381583954,0.0
397,127,0.0,1.0,44608.257629890155,0.0
398,126,0.0,1.0,44608.257629890155,0.0
399,124,0.0,1.0,44608.257629890155,0.0
400,123,0.0,1.0,44608.256100279956,0.0
401,122,0.0,1.0,44608.256100279956,0.0
402,121,0.0,1.0,44608.25440981427,0.0
403,120,0.0,1.0,44608.25303059738,0.0
404,118,0.0,1.0,44608.2521328046,0.0
405,117,0.0,1.0,44608.2521328046,0.0
406,116,0.0,1.0,44608.25180855345,0.0
407,115,0.0,1.0,44608.251650063474,0.0
408,114,0.0,1.0,44608.251650063474,0.0
409,112,0.0,1.0,44608.24940549617,0.0
410,111,0.0,1.0,44608.247691266646,0.0
411,110,0.0,1.0,44608.247691266646,0.0
412,109,0.0,1.0,44608.24734020134,0.0
413,108,0.0,1.0,44608.24660055093,0.0
414,107,0.0,1.0,44608.246351963215,0.0
415,105,0.0,1.0,44608.24588618084,0.0
416,104,0.0,1.0,44608.24558730594,0.0
417,103,0.0,1.0,44608.24537240778,0.0
418,102,0.0,1.0,44608.24462735448,0.0
419,101,0.0,1.0,44608.24429262974,0.0
420,99,0.0,1.0,44608.24429262974,0.0
421,98,0.0,1.0,44608.243842715856,0.0
422,97,0.0,1.0,44608.24360805936,0.0
423,96,0.0,1.0,44608.24360805936,0.0
424,95,0.0,1.0,44608.24360805936,0.0
425,93,0.0,1.0,44608.243062745794,0.0
426,92,0.0,1.0,44608.243062745794,0.0
427,91,0.0,1.0,44608.242138040325,0.0
428,90,0.0,1.0,44608.241680428284,0.0
429,89,0.0,1.0,44608.24133401159,0.0
430,87,0.0,1.0,44608.24133401159,0.0
431,86,0.0,1.0,44608.24067177426,0.0
432,85,0.0,1.0,44608.23955297984,0.0
433,84,0.0,1.0,44608.23874514631,0.0
434,83,0.0,1.0,44608.23874514631,0.0
435,81,0.0,1.0,44608.238379155824,0.0
436,80,0.0,1.0,44608.23778219461,0.0
437,79,0.0,1.0,44608.23730901966,0.0
438,78,0.0,1.0,44608.23635840751,0.0
439,77,0.0,1.0,44608.23574699854,0.0
440,76,0.0,1.0,44608.235604588794,0.0
441,74,0.0,1.0,44608.23460254024,0.0
442,73,0.0,1.0,44608.23460254024,0.0
443,72,0.0,1.0,44608.23358207845,0.0
444,71,0.0,1.0,44608.2325635297,0.0
445,70,0.0,1.0,44608.23119369974,0.0
446,68,0.0,1.0,44608.23119369974,0.0
447,67,0.0,1.0,44608.23119369974,0.0
448,66,0.0,1.0,44608.230129957024,0.0
449,65,0.0,1.0,44608.230129957024,0.0
450,64,0.0,1.0,44608.230129957024,0.0
451,62,0.0,1.0,44608.230129957024,0.0
452,61,0.0,1.0,44608.22914816094,0.0
453,60,0.0,1.0,44608.22914816094,0.0
454,59,0.0,1.0,44608.22914816094,0.0
455,58,0.0,1.0,44608.228306222794,0.0
456,56,0.0,1.0,44608.228306222794,0.0
457,55,0.0,1.0,44608.227585014545,0.0
458,54,0.0,1.0,44608.22683574838,0.0
459,53,0.0,1.0,44608.22683574838,0.0
460,52,0.0,1.0,44608.22574846972,0.0
461,50,0.0,1.0,44608.225562785294,0.0
462,49,0.0,1.0,44608.225562785294,0.0
463,48,0.0,1.0,44608.22501687959,0.0
464,47,0.0,1.0,44608.22501687959,0.0
465,46,0.0,1.0,44608.22460994977,0.0
466,45,0.0,1.0,44608.22375240144,0.0
467,43,0.0,1.0,44608.22375240144,0.0
468,42,0.0,1.0,44608.22230732527,0.0
469,41,0.0,1.0,44608.22230732527,0.0
470,40,0.0,1.0,44608.220591229256,0.0
471,39,0.0,1.0,44608.2201166673,0.0
472,37,0.0,1.0,44608.219332416316,0.0
473,36,0.0,1.0,44608.218728360334,0.0
474,35,0.0,1.0,44608.216581238295,0.0
475,34,0.0,1.0,44608.216581238295,0.0
476,33,0.0,1.0,44608.215385671676,0.0
477,31,0.0,1.0,44608.215385671676,0.0
478,30,0.0,1.0,44608.215385671676,0.0
479,29,0.0,1.0,44608.21479003001,0.0
480,28,0.0,1.0,44608.21479003001,0.0
481,27,0.0,1.0,44608.21479003001,0.0
482,25,0.0,1.0,44608.21461733469,0.0
483,24,0.0,1.0,44608.21391506665,0.0
484,23,0.0,1.0,44608.21291644378,0.0
485,22,0.0,1.0,44608.21291644378,0.0
486,21,0.0,1.0,44608.21291644378,0.0
487,19,0.0,1.0,44608.2127297125,0.0
488,18,0.0,1.0,44608.212442208765,0.0
489,17,0.0,1.0,44608.212442208765,0.0
490,16,0.0,1.0,44608.211515902105,0.0
491,15,0.0,1.0,44608.21116783681,0.0
492,14,0.0,1.0,44608.21079222931,0.0
493,12,0.0,1.0,44608.210749263424,0.0
494,11,0.0,1.0,44608.21054232806,0.0
495,10,0.0,1.0,44608.2102478486,0.0
496,9,0.0,1.0,44608.2102478486,0.0
497,8,0.0,1.0,44608.2102478486,0.0
498,6,0.0,1.0,44608.2102478486,0.0
499,5,0.0,1.0,44608.2102478486,0.0
500,4,0.0,1.0,44608.21015024047,0.0
