iteration,best_cost,best_cv,best_fitness,feasible
0,48574.428267153,2.533523765910e+01,25383812.087366216,0
1,47028.290347115,1.288828991500e+01,12935318.205347987,0
2,47028.290347115,1.288828991500e+01,12935318.205347987,0
3,47161.429952788,8.497316260987e+00,8544477.690940263,0
4,47293.772210903,6.798215682794e+00,6845509.455004931,0
5,47293.772210903,6.798215682794e+00,6845509.455004931,0
6,47174.620044515,5.446237786448e+00,5493412.406492588,0
7,47174.620044515,5.446237786448e+00,5493412.406492588,0
8,46693.309279420,3.807689881268e+00,3854383.190547870,0
9,46597.027988219,2.855212833979e+00,2901809.861967401,0
10,47297.970985006,2.829910148442e+00,2877208.119427396,0
11,46849.814380809,2.222499669924e+00,2269349.484305132,0
12,46971.397656269,1.805565802073e+00,1852537.199729609,0
13,46785.209431394,8.220046994205e-01,868789.908851925,0
14,46785.209431394,8.220046994205e-01,868789.908851925,0
15,46750.166062191,5.479497630280e-01,594699.929090212,0
16,46745.579507828,3.134719813638e-01,360217.560871630,0
17,46745.579507828,3.134719813638e-01,360217.560871630,0
18,46745.579507828,3.134719813638e-01,360217.560871630,0
19,46697.130683024,8.436567105520e-02,131062.801738222,0
20,46697.130683024,8.436567105520e-02,131062.801738222,0
21,46418.328952679,5.184305004746e-02,98261.379000141,0
22,46401.119203486,7.087253221647e-03,53488.372425133,0
23,46401.119203486,7.087253221647e-03,53488.372425133,0
24,46422.532679811,0.000000000000e+00,46422.532679811,1
25,46422.532679811,0.000000000000e+00,46422.532679811,1
26,46422.532679811,0.000000000000e+00,46422.532679811,1
27,46275.863274261,0.000000000000e+00,46275.863274261,1
28,46113.929417203,0.000000000000e+00,46113.929417203,1
29,45699.041756457,0.000000000000e+00,45699.041756457,1
30,45699.041756457,0.000000000000e+00,45699.041756457,1
31,45492.319324503,0.000000000000e+00,45492.319324503,1
32,45347.383695450,0.000000000000e+00,45347.383695450,1
33,45347.383695450,0.000000000000e+00,45347.383695450,1
34,45157.357869494,0.000000000000e+00,45157.357869494,1
35,45157.357869494,0.000000000000e+00,45157.357869494,1
36,45157.357869494,0.000000000000e+00,45157.357869494,1
37,45109.790930705,0.000000000000e+00,45109.790930705,1
38,45109.790930705,0.000000000000e+00,45109.790930705,1
39,45073.413084718,0.000000000000e+00,45073.413084718,1
40,45045.569207512,0.000000000000e+00,45045.569207512,1
41,45016.753005546,0.000000000000e+00,45016.753005546,1
42,45016.753005546,0.000000000000e+00,45016.753005546,1
43,44988.605920907,0.000000000000e+00,44988.605920907,1
44,44930.142955964,0.000000000000e+00,44930.142955964,1
45,44884.324399648,0.000000000000e+00,44884.324399648,1
46,44884.324399648,0.000000000000e+00,44884.324399648,1
47,44876.741676629,0.000000000000e+00,44876.741676629,1
48,44855.758505948,0.000000000000e+00,44855.758505948,1
49,44855.758505948,0.000000000000e+00,44855.758505948,1
50,44837.305961847,0.000000000000e+00,44837.305961847,1
51,44825.043243286,0.000000000000e+00,44825.043243286,1
52,44764.976685277,0.000000000000e+00,44764.976685277,1
53,44733.918855616,0.000000000000e+00,44733.918855616,1
54,44619.603766638,0.000000000000e+00,44619.603766638,1
55,44619.603766638,0.000000000000e+00,44619.603766638,1
56,44576.493337862,0.000000000000e+00,44576.493337862,1
57,44576.493337862,0.000000000000e+00,44576.493337862,1
58,44539.598072064,0.000000000000e+00,44539.598072064,1
59,44538.502730780,0.000000000000e+00,44538.502730780,1
60,44538.502730780,0.000000000000e+00,44538.502730780,1
61,44538.502730780,0.000000000000e+00,44538.502730780,1
62,44526.252929607,0.000000000000e+00,44526.252929607,1
63,44524.556243584,0.000000000000e+00,44524.556243584,1
64,44486.397069026,0.000000000000e+00,44486.397069026,1
65,44484.460821251,0.000000000000e+00,44484.460821251,1
66,44455.125611014,0.000000000000e+00,44455.125611014,1
67,44434.854286935,0.000000000000e+00,44434.854286935,1
68,44434.854286935,0.000000000000e+00,44434.854286935,1
69,44389.884748517,0.000000000000e+00,44389.884748517,1
70,44389.884748517,0.000000000000e+00,44389.884748517,1
71,44389.884748517,0.000000000000e+00,44389.884748517,1
72,44354.421832359,0.000000000000e+00,44354.421832359,1
73,44351.875508170,0.000000000000e+00,44351.875508170,1
74,44289.967758472,0.000000000000e+00,44289.967758472,1
75,44241.802225801,0.000000000000e+00,44241.802225801,1
76,44220.167878988,0.000000000000e+00,44220.167878988,1
77,44198.669980438,0.000000000000e+00,44198.669980438,1
78,44198.669980438,0.000000000000e+00,44198.669980438,1
79,44181.952174265,0.000000000000e+00,44181.952174265,1
80,44162.964772877,0.000000000000e+00,44162.964772877,1
81,44133.805582321,0.000000000000e+00,44133.805582321,1
82,44129.286157348,0.000000000000e+00,44129.286157348,1
83,44081.087297796,0.000000000000e+00,44081.087297796,1
84,44056.526782160,0.000000000000e+00,44056.526782160,1
85,44039.319707282,0.000000000000e+00,44039.319707282,1
86,44001.738519090,0.000000000000e+00,44001.738519090,1
87,44001.738519090,0.000000000000e+00,44001.738519090,1
88,43974.331034407,0.000000000000e+00,43974.331034407,1
89,43962.381832735,0.000000000000e+00,43962.381832735,1
90,43930.230634546,0.000000000000e+00,43930.230634546,1
91,43881.388831824,0.000000000000e+00,43881.388831824,1
92,43830.024916681,0.000000000000e+00,43830.024916681,1
93,43806.471891347,0.000000000000e+00,43806.471891347,1
94,43785.169981975,0.000000000000e+00,43785.169981975,1
95,43751.495735247,0.000000000000e+00,43751.495735247,1
96,43661.296708797,0.000000000000e+00,43661.296708797,1
97,43602.565431156,0.000000000000e+00,43602.565431156,1
98,43582.642954072,0.000000000000e+00,43582.642954072,1
99,43556.663196333,0.000000000000e+00,43556.663196333,1
100,43545.235432012,0.000000000000e+00,43545.235432012,1
101,43545.235432012,0.000000000000e+00,43545.235432012,1
102,43538.882999574,0.000000000000e+00,43538.882999574,1
103,43498.120482004,0.000000000000e+00,43498.120482004,1
104,43428.350372906,0.000000000000e+00,43428.350372906,1
105,43419.340817536,0.000000000000e+00,43419.340817536,1
106,43416.489925615,0.000000000000e+00,43416.489925615,1
107,43412.463680701,0.000000000000e+00,43412.463680701,1
108,43402.690196669,0.000000000000e+00,43402.690196669,1
109,43392.433448874,0.000000000000e+00,43392.433448874,1
110,43385.791119283,0.000000000000e+00,43385.791119283,1
111,43377.831015442,0.000000000000e+00,43377.831015442,1
112,43364.524016327,0.000000000000e+00,43364.524016327,1
113,43348.172498407,0.000000000000e+00,43348.172498407,1
114,43338.886599827,0.000000000000e+00,43338.886599827,1
115,43338.886599827,0.000000000000e+00,43338.886599827,1
116,43326.977800695,0.000000000000e+00,43326.977800695,1
117,43324.539830486,0.000000000000e+00,43324.539830486,1
118,43317.284282649,0.000000000000e+00,43317.284282649,1
119,43317.284282649,0.000000000000e+00,43317.284282649,1
120,43317.284282649,0.000000000000e+00,43317.284282649,1
121,43316.875003658,0.000000000000e+00,43316.875003658,1
122,43310.126116781,0.000000000000e+00,43310.126116781,1
123,43310.112505866,0.000000000000e+00,43310.112505866,1
124,43307.670083794,0.000000000000e+00,43307.670083794,1
125,43302.721447142,0.000000000000e+00,43302.721447142,1
126,43295.835972567,0.000000000000e+00,43295.835972567,1
127,43294.670811900,0.000000000000e+00,43294.670811900,1
128,43294.516185207,0.000000000000e+00,43294.516185207,1
129,43292.897942853,0.000000000000e+00,43292.897942853,1
130,43287.811754155,0.000000000000e+00,43287.811754155,1
131,43285.106318114,0.000000000000e+00,43285.106318114,1
132,43282.182432309,0.000000000000e+00,43282.182432309,1
133,43277.648740891,0.000000000000e+00,43277.648740891,1
134,43274.598563012,0.000000000000e+00,43274.598563012,1
135,43269.760507678,0.000000000000e+00,43269.760507678,1
136,43268.318399004,0.000000000000e+00,43268.318399004,1
137,43267.894966600,0.000000000000e+00,43267.894966600,1
138,43266.918991144,0.000000000000e+00,43266.918991144,1
139,43262.534595264,0.000000000000e+00,43262.534595264,1
140,43260.723731879,0.000000000000e+00,43260.723731879,1
141,43257.588306594,0.000000000000e+00,43257.588306594,1
142,43256.726259086,0.000000000000e+00,43256.726259086,1
143,43254.318816988,0.000000000000e+00,43254.318816988,1
144,43252.303378011,0.000000000000e+00,43252.303378011,1
145,43250.386343519,0.000000000000e+00,43250.386343519,1
146,43249.533774219,0.000000000000e+00,43249.533774219,1
147,43248.185778096,0.000000000000e+00,43248.185778096,1
148,43248.119233791,0.000000000000e+00,43248.119233791,1
149,43248.119233791,0.000000000000e+00,43248.119233791,1
150,43247.499008796,0.000000000000e+00,43247.499008796,1
151,43246.803848862,0.000000000000e+00,43246.803848862,1
152,43242.556115777,0.000000000000e+00,43242.556115777,1
153,43241.459823168,0.000000000000e+00,43241.459823168,1
154,43241.459823168,0.000000000000e+00,43241.459823168,1
155,43239.650477817,0.000000000000e+00,43239.650477817,1
156,43236.846401491,0.000000000000e+00,43236.846401491,1
157,43234.533626008,0.000000000000e+00,43234.533626008,1
158,43234.533626008,0.000000000000e+00,43234.533626008,1
159,43234.062892345,0.000000000000e+00,43234.062892345,1
160,43228.214597709,0.000000000000e+00,43228.214597709,1
161,43217.333266444,0.000000000000e+00,43217.333266444,1
162,43205.667604219,0.000000000000e+00,43205.667604219,1
163,43196.720655992,0.000000000000e+00,43196.720655992,1
164,43195.645174576,0.000000000000e+00,43195.645174576,1
165,43191.495091699,0.000000000000e+00,43191.495091699,1
166,43186.423327173,0.000000000000e+00,43186.423327173,1
167,43182.140423664,0.000000000000e+00,43182.140423664,1
168,43178.202602505,0.000000000000e+00,43178.202602505,1
169,43173.038403867,0.000000000000e+00,43173.038403867,1
170,43169.455360653,0.000000000000e+00,43169.455360653,1
171,43168.326906204,0.000000000000e+00,43168.326906204,1
172,43160.911702806,0.000000000000e+00,43160.911702806,1
173,43151.806804150,0.000000000000e+00,43151.806804150,1
174,43134.631900696,0.000000000000e+00,43134.631900696,1
175,43123.626230060,0.000000000000e+00,43123.626230060,1
176,43116.282715414,0.000000000000e+00,43116.282715414,1
177,43107.862646414,0.000000000000e+00,43107.862646414,1
178,43104.672197306,0.000000000000e+00,43104.672197306,1
179,43101.077602377,0.000000000000e+00,43101.077602377,1
180,43100.364654198,0.000000000000e+00,43100.364654198,1
181,43096.530019891,0.000000000000e+00,43096.530019891,1
182,43092.727539451,0.000000000000e+00,43092.727539451,1
183,43090.207330784,0.000000000000e+00,43090.207330784,1
184,43086.734419662,0.000000000000e+00,43086.734419662,1
185,43084.716517833,0.000000000000e+00,43084.716517833,1
186,43084.716517833,0.000000000000e+00,43084.716517833,1
187,43084.420144993,0.000000000000e+00,43084.420144993,1
188,43083.903770933,0.000000000000e+00,43083.903770933,1
189,43082.123483069,0.000000000000e+00,43082.123483069,1
190,43081.735917045,0.000000000000e+00,43081.735917045,1
191,43079.583891549,0.000000000000e+00,43079.583891549,1
192,43077.375973668,0.000000000000e+00,43077.375973668,1
193,43077.375973668,0.000000000000e+00,43077.375973668,1
194,43076.197735299,0.000000000000e+00,43076.197735299,1
195,43075.649584726,0.000000000000e+00,43075.649584726,1
196,43074.180309053,0.000000000000e+00,43074.180309053,1
197,43074.042519907,0.000000000000e+00,43074.042519907,1
198,43072.166998676,0.000000000000e+00,43072.166998676,1
199,43070.505917431,0.000000000000e+00,43070.505917431,1
200,43069.057611133,0.000000000000e+00,43069.057611133,1
201,43065.974591594,0.000000000000e+00,43065.974591594,1
202,43064.068273891,0.000000000000e+00,43064.068273891,1
203,43062.788504293,0.000000000000e+00,43062.788504293,1
204,43061.753852913,0.000000000000e+00,43061.753852913,1
205,43060.727801038,0.000000000000e+00,43060.727801038,1
206,43060.671123582,0.000000000000e+00,43060.671123582,1
207,43060.614117098,0.000000000000e+00,43060.614117098,1
208,43059.398361426,0.000000000000e+00,43059.398361426,1
209,43058.952973506,0.000000000000e+00,43058.952973506,1
210,43058.056629203,0.000000000000e+00,43058.056629203,1
211,43057.239027288,0.000000000000e+00,43057.239027288,1
212,43056.314399984,0.000000000000e+00,43056.314399984,1
213,43054.690692669,0.000000000000e+00,43054.690692669,1
214,43053.999260375,0.000000000000e+00,43053.999260375,1
215,43053.111405602,0.000000000000e+00,43053.111405602,1
216,43052.189581533,0.000000000000e+00,43052.189581533,1
217,43051.027287757,0.000000000000e+00,43051.027287757,1
218,43048.702267584,0.000000000000e+00,43048.702267584,1
219,43042.485179531,0.000000000000e+00,43042.485179531,1
220,43036.394945883,0.000000000000e+00,43036.394945883,1
221,43030.512085205,0.000000000000e+00,43030.512085205,1
222,43028.092486628,0.000000000000e+00,43028.092486628,1
223,43024.481301391,0.000000000000e+00,43024.481301391,1
224,43019.157474277,0.000000000000e+00,43019.157474277,1
225,43014.936975030,0.000000000000e+00,43014.936975030,1
226,43007.777355869,0.000000000000e+00,43007.777355869,1
227,42997.449754831,0.000000000000e+00,42997.449754831,1
228,42997.449754831,0.000000000000e+00,42997.449754831,1
229,42995.791999109,0.000000000000e+00,42995.791999109,1
230,42995.150675384,0.000000000000e+00,42995.150675384,1
231,42993.353974328,0.000000000000e+00,42993.353974328,1
232,42991.975330392,0.000000000000e+00,42991.975330392,1
233,42984.040720912,0.000000000000e+00,42984.040720912,1
234,42984.040720912,0.000000000000e+00,42984.040720912,1
235,42983.951639131,0.000000000000e+00,42983.951639131,1
236,42981.651895193,0.000000000000e+00,42981.651895193,1
237,42981.517320419,0.000000000000e+00,42981.517320419,1
238,42980.098585795,0.000000000000e+00,42980.098585795,1
239,42977.352149278,0.000000000000e+00,42977.352149278,1
240,42973.958077626,0.000000000000e+00,42973.958077626,1
241,42973.273504496,0.000000000000e+00,42973.273504496,1
242,42972.219735760,0.000000000000e+00,42972.219735760,1
243,42971.733354967,0.000000000000e+00,42971.733354967,1
244,42971.733354967,0.000000000000e+00,42971.733354967,1
245,42971.227513141,0.000000000000e+00,42971.227513141,1
246,42971.227513141,0.000000000000e+00,42971.227513141,1
247,42970.066750190,0.000000000000e+00,42970.066750190,1
248,42970.024435260,0.000000000000e+00,42970.024435260,1
249,42968.744840012,0.000000000000e+00,42968.744840012,1
250,42967.989149722,0.000000000000e+00,42967.989149722,1
251,42967.117491915,0.000000000000e+00,42967.117491915,1
252,42965.426534677,0.000000000000e+00,42965.426534677,1
253,42964.024130929,0.000000000000e+00,42964.024130929,1
254,42964.024130929,0.000000000000e+00,42964.024130929,1
255,42963.084327921,0.000000000000e+00,42963.084327921,1
256,42961.634855438,0.000000000000e+00,42961.634855438,1
257,42960.548310066,0.000000000000e+00,42960.548310066,1
258,42958.559234075,0.000000000000e+00,42958.559234075,1
259,42957.647708051,0.000000000000e+00,42957.647708051,1
260,42956.243874435,0.000000000000e+00,42956.243874435,1
261,42955.669460268,0.000000000000e+00,42955.669460268,1
262,42950.981632756,0.000000000000e+00,42950.981632756,1
263,42947.982507889,0.000000000000e+00,42947.982507889,1
264,42946.301437329,0.000000000000e+00,42946.301437329,1
265,42943.634808781,0.000000000000e+00,42943.634808781,1
266,42940.948337680,0.000000000000e+00,42940.948337680,1
267,42938.211406637,0.000000000000e+00,42938.211406637,1
268,42938.211406637,0.000000000000e+00,42938.211406637,1
269,42937.350405640,0.000000000000e+00,42937.350405640,1
270,42934.911065393,0.000000000000e+00,42934.911065393,1
271,42932.676617122,0.000000000000e+00,42932.676617122,1
272,42932.184853779,0.000000000000e+00,42932.184853779,1
273,42929.979862772,0.000000000000e+00,42929.979862772,1
274,42926.117806997,0.000000000000e+00,42926.117806997,1
275,42923.757470805,0.000000000000e+00,42923.757470805,1
276,42921.721209056,0.000000000000e+00,42921.721209056,1
277,42919.238512088,0.000000000000e+00,42919.238512088,1
278,42916.732237501,0.000000000000e+00,42916.732237501,1
279,42914.122287942,0.000000000000e+00,42914.122287942,1
280,42909.060524591,0.000000000000e+00,42909.060524591,1
281,42904.454585764,0.000000000000e+00,42904.454585764,1
282,42899.153471856,0.000000000000e+00,42899.153471856,1
283,42895.571593409,0.000000000000e+00,42895.571593409,1
284,42893.723866613,0.000000000000e+00,42893.723866613,1
285,42891.902957067,0.000000000000e+00,42891.902957067,1
286,42890.025925099,0.000000000000e+00,42890.025925099,1
287,42886.121861827,0.000000000000e+00,42886.121861827,1
288,42880.958384830,0.000000000000e+00,42880.958384830,1
289,42875.105229319,0.000000000000e+00,42875.105229319,1
290,42868.877048741,0.000000000000e+00,42868.877048741,1
291,42862.118362980,0.000000000000e+00,42862.118362980,1
292,42853.612970662,0.000000000000e+00,42853.612970662,1
293,42842.873289868,0.000000000000e+00,42842.873289868,1
294,42836.237464094,0.000000000000e+00,42836.237464094,1
295,42831.497170648,0.000000000000e+00,42831.497170648,1
296,42829.371368416,0.000000000000e+00,42829.371368416,1
297,42823.660084968,0.000000000000e+00,42823.660084968,1
298,42820.047468191,0.000000000000e+00,42820.047468191,1
299,42811.516969207,0.000000000000e+00,42811.516969207,1
300,42804.886341636,0.000000000000e+00,42804.886341636,1
301,42797.762966077,0.000000000000e+00,42797.762966077,1
302,42790.236836212,0.000000000000e+00,42790.236836212,1
303,42785.841128899,0.000000000000e+00,42785.841128899,1
304,42783.903390614,0.000000000000e+00,42783.903390614,1
305,42776.507517599,0.000000000000e+00,42776.507517599,1
306,42768.632452349,0.000000000000e+00,42768.632452349,1
307,42763.966160931,0.000000000000e+00,42763.966160931,1
308,42756.203446968,0.000000000000e+00,42756.203446968,1
309,42755.505170638,0.000000000000e+00,42755.505170638,1
310,42750.435995456,0.000000000000e+00,42750.435995456,1
311,42749.386677255,0.000000000000e+00,42749.386677255,1
312,42745.780654641,0.000000000000e+00,42745.780654641,1
313,42741.322030424,0.000000000000e+00,42741.322030424,1
314,42739.147143926,0.000000000000e+00,42739.147143926,1
315,42737.563384542,0.000000000000e+00,42737.563384542,1
316,42735.206218085,0.000000000000e+00,42735.206218085,1
317,42730.038604678,0.000000000000e+00,42730.038604678,1
318,42729.752429435,0.000000000000e+00,42729.752429435,1
319,42727.246010695,0.000000000000e+00,42727.246010695,1
320,42724.645380010,0.000000000000e+00,42724.645380010,1
321,42717.463046827,0.000000000000e+00,42717.463046827,1
322,42712.837223132,0.000000000000e+00,42712.837223132,1
323,42704.614793192,0.000000000000e+00,42704.614793192,1
324,42700.632465829,0.000000000000e+00,42700.632465829,1
325,42696.583624908,0.000000000000e+00,42696.583624908,1
326,42693.198795958,0.000000000000e+00,42693.198795958,1
327,42689.130970700,0.000000000000e+00,42689.130970700,1
328,42686.914463001,0.000000000000e+00,42686.914463001,1
329,42681.062068768,0.000000000000e+00,42681.062068768,1
330,42677.557997194,0.000000000000e+00,42677.557997194,1
331,42671.262484170,0.000000000000e+00,42671.262484170,1
332,42665.372516274,0.000000000000e+00,42665.372516274,1
333,42661.692735813,0.000000000000e+00,42661.692735813,1
334,42655.015004764,0.000000000000e+00,42655.015004764,1
335,42651.644352148,0.000000000000e+00,42651.644352148,1
336,42651.644352148,0.000000000000e+00,42651.644352148,1
337,42650.845021669,0.000000000000e+00,42650.845021669,1
338,42647.278769803,0.000000000000e+00,42647.278769803,1
339,42645.800889029,0.000000000000e+00,42645.800889029,1
340,42643.637239266,0.000000000000e+00,42643.637239266,1
341,42642.225783267,0.000000000000e+00,42642.225783267,1
342,42642.225783267,0.000000000000e+00,42642.225783267,1
343,42641.744126945,0.000000000000e+00,42641.744126945,1
344,42640.871193822,0.000000000000e+00,42640.871193822,1
345,42639.622298454,0.000000000000e+00,42639.622298454,1
346,42639.224844026,0.000000000000e+00,42639.224844026,1
347,42637.691159186,0.000000000000e+00,42637.691159186,1
348,42636.052296105,0.000000000000e+00,42636.052296105,1
349,42634.583890303,0.000000000000e+00,42634.583890303,1
350,42633.600406409,0.000000000000e+00,42633.600406409,1
351,42633.037748116,0.000000000000e+00,42633.037748116,1
352,42631.972201407,0.000000000000e+00,42631.972201407,1
353,42631.960694037,0.000000000000e+00,42631.960694037,1
354,42630.557522749,0.000000000000e+00,42630.557522749,1
355,42628.864348968,0.000000000000e+00,42628.864348968,1
356,42626.603701482,0.000000000000e+00,42626.603701482,1
357,42623.695779498,0.000000000000e+00,42623.695779498,1
358,42619.869516734,0.000000000000e+00,42619.869516734,1
359,42615.436565129,0.000000000000e+00,42615.436565129,1
360,42611.178875000,0.000000000000e+00,42611.178875000,1
361,42609.287528228,0.000000000000e+00,42609.287528228,1
362,42606.811770731,0.000000000000e+00,42606.811770731,1
363,42603.705392702,0.000000000000e+00,42603.705392702,1
364,42600.716260638,0.000000000000e+00,42600.716260638,1
365,42591.844129099,0.000000000000e+00,42591.844129099,1
366,42588.166753180,0.000000000000e+00,42588.166753180,1
367,42578.588188048,0.000000000000e+00,42578.588188048,1
368,42572.659879423,0.000000000000e+00,42572.659879423,1
369,42563.018251876,0.000000000000e+00,42563.018251876,1
370,42555.641028371,0.000000000000e+00,42555.641028371,1
371,42551.666627614,0.000000000000e+00,42551.666627614,1
372,42549.376582198,0.000000000000e+00,42549.376582198,1
373,42549.376582198,0.000000000000e+00,42549.376582198,1
374,42548.703226487,0.000000000000e+00,42548.703226487,1
375,42547.949496813,0.000000000000e+00,42547.949496813,1
376,42546.571694303,0.000000000000e+00,42546.571694303,1
377,42543.402071958,0.000000000000e+00,42543.402071958,1
378,42541.523548359,0.000000000000e+00,42541.523548359,1
379,42539.973409127,0.000000000000e+00,42539.973409127,1
380,42538.837667790,0.000000000000e+00,42538.837667790,1
381,42536.690522259,0.000000000000e+00,42536.690522259,1
382,42534.123124235,0.000000000000e+00,42534.123124235,1
383,42531.243190030,0.000000000000e+00,42531.243190030,1
384,42529.375749907,0.000000000000e+00,42529.375749907,1
385,42527.478947120,0.000000000000e+00,42527.478947120,1
386,42524.801345369,0.000000000000e+00,42524.801345369,1
387,42522.091876050,0.000000000000e+00,42522.091876050,1
388,42519.697596051,0.000000000000e+00,42519.697596051,1
389,42518.688319172,0.000000000000e+00,42518.688319172,1
390,42515.990081019,0.000000000000e+00,42515.990081019,1
391,42514.563658461,0.000000000000e+00,42514.563658461,1
392,42511.586053145,0.000000000000e+00,42511.586053145,1
393,42511.001454454,0.000000000000e+00,42511.001454454,1
394,42507.855286497,0.000000000000e+00,42507.855286497,1
395,42503.493978556,0.000000000000e+00,42503.493978556,1
396,42501.328642927,0.000000000000e+00,42501.328642927,1
397,42499.561508627,0.000000000000e+00,42499.561508627,1
398,42497.156374619,0.000000000000e+00,42497.156374619,1
399,42494.205162198,0.000000000000e+00,42494.205162198,1
400,42491.276426981,0.000000000000e+00,42491.276426981,1
401,42488.245610873,0.000000000000e+00,42488.245610873,1
402,42484.927084340,0.000000000000e+00,42484.927084340,1
403,42482.121453962,0.000000000000e+00,42482.121453962,1
404,42482.121453962,0.000000000000e+00,42482.121453962,1
405,42478.883094288,0.000000000000e+00,42478.883094288,1
406,42478.724238532,0.000000000000e+00,42478.724238532,1
407,42476.844064525,0.000000000000e+00,42476.844064525,1
408,42475.145395994,0.000000000000e+00,42475.145395994,1
409,42473.987250773,0.000000000000e+00,42473.987250773,1
410,42473.716249637,0.000000000000e+00,42473.716249637,1
411,42473.540937843,0.000000000000e+00,42473.540937843,1
412,42473.132035850,0.000000000000e+00,42473.132035850,1
413,42472.547266143,0.000000000000e+00,42472.547266143,1
414,42472.221056035,0.000000000000e+00,42472.221056035,1
415,42471.210367308,0.000000000000e+00,42471.210367308,1
416,42470.941261869,0.000000000000e+00,42470.941261869,1
417,42470.717719843,0.000000000000e+00,42470.717719843,1
418,42470.024779974,0.000000000000e+00,42470.024779974,1
419,42469.366561216,0.000000000000e+00,42469.366561216,1
420,42468.642923315,0.000000000000e+00,42468.642923315,1
421,42468.137103584,0.000000000000e+00,42468.137103584,1
422,42466.985988993,0.000000000000e+00,42466.985988993,1
423,42466.549670100,0.000000000000e+00,42466.549670100,1
424,42465.897228697,0.000000000000e+00,42465.897228697,1
425,42465.150184171,0.000000000000e+00,42465.150184171,1
426,42464.686037430,0.000000000000e+00,42464.686037430,1
427,42464.352799007,0.000000000000e+00,42464.352799007,1
428,42463.203268905,0.000000000000e+00,42463.203268905,1
429,42462.416653254,0.000000000000e+00,42462.416653254,1
430,42461.940142743,0.000000000000e+00,42461.940142743,1
431,42460.525973518,0.000000000000e+00,42460.525973518,1
432,42459.736009217,0.000000000000e+00,42459.736009217,1
433,42458.254502909,0.000000000000e+00,42458.254502909,1
434,42457.071952120,0.000000000000e+00,42457.071952120,1
435,42456.166638327,0.000000000000e+00,42456.166638327,1
436,42455.441301652,0.000000000000e+00,42455.441301652,1
437,42454.304214167,0.000000000000e+00,42454.304214167,1
438,42454.236169762,0.000000000000e+00,42454.236169762,1
439,42453.860940932,0.000000000000e+00,42453.860940932,1
440,42452.995012642,0.000000000000e+00,42452.995012642,1
441,42452.062991948,0.000000000000e+00,42452.062991948,1
442,42452.062991948,0.000000000000e+00,42452.062991948,1
443,42451.903402457,0.000000000000e+00,42451.903402457,1
444,42451.025769079,0.000000000000e+00,42451.025769079,1
445,42450.848813161,0.000000000000e+00,42450.848813161,1
446,42449.305760439,0.000000000000e+00,42449.305760439,1
447,42448.499808628,0.000000000000e+00,42448.499808628,1
448,42448.237335289,0.000000000000e+00,42448.237335289,1
449,42448.013117480,0.000000000000e+00,42448.013117480,1
450,42447.524112402,0.000000000000e+00,42447.524112402,1
451,42446.884411606,0.000000000000e+00,42446.884411606,1
452,42446.765769880,0.000000000000e+00,42446.765769880,1
453,42446.264666278,0.000000000000e+00,42446.264666278,1
454,42445.843367880,0.000000000000e+00,42445.843367880,1
455,42445.607316330,0.000000000000e+00,42445.607316330,1
456,42444.612447902,0.000000000000e+00,42444.612447902,1
457,42444.318232625,0.000000000000e+00,42444.318232625,1
458,42443.897975812,0.000000000000e+00,42443.897975812,1
459,42443.086592176,0.000000000000e+00,42443.086592176,1
460,42442.424100705,0.000000000000e+00,42442.424100705,1
461,42441.537513960,0.000000000000e+00,42441.537513960,1
462,42440.769240689,0.000000000000e+00,42440.769240689,1
463,42440.106529056,0.000000000000e+00,42440.106529056,1
464,42439.632257734,0.000000000000e+00,42439.632257734,1
465,42439.632257734,0.000000000000e+00,42439.632257734,1
466,42439.428927539,0.000000000000e+00,42439.428927539,1
467,42439.157042439,0.000000000000e+00,42439.157042439,1
468,42438.856444225,0.000000000000e+00,42438.856444225,1
469,42438.428868156,0.000000000000e+00,42438.428868156,1
470,42438.130977329,0.000000000000e+00,42438.130977329,1
471,42437.908200576,0.000000000000e+00,42437.908200576,1
472,42437.801333145,0.000000000000e+00,42437.801333145,1
473,42437.658356722,0.000000000000e+00,42437.658356722,1
474,42437.330913452,0.000000000000e+00,42437.330913452,1
475,42436.938368566,0.000000000000e+00,42436.938368566,1
476,42436.608943712,0.000000000000e+00,42436.608943712,1
477,42436.369912890,0.000000000000e+00,42436.369912890,1
478,42436.369912890,0.000000000000e+00,42436.369912890,1
479,42436.369912890,0.000000000000e+00,42436.369912890,1
480,42436.139839739,0.000000000000e+00,42436.139839739,1
481,42435.777313882,0.000000000000e+00,42435.777313882,1
482,42435.641390227,0.000000000000e+00,42435.641390227,1
483,42435.234721767,0.000000000000e+00,42435.234721767,1
484,42434.922427761,0.000000000000e+00,42434.922427761,1
485,42434.570398946,0.000000000000e+00,42434.570398946,1
486,42434.216342249,0.000000000000e+00,42434.216342249,1
487,42434.027158328,0.000000000000e+00,42434.027158328,1
488,42434.027158328,0.000000000000e+00,42434.027158328,1
489,42434.027158328,0.000000000000e+00,42434.027158328,1
490,42433.980100705,0.000000000000e+00,42433.980100705,1
491,42433.905264273,0.000000000000e+00,42433.905264273,1
492,42433.796985566,0.000000000000e+00,42433.796985566,1
493,42433.796985566,0.000000000000e+00,42433.796985566,1
494,42433.737510312,0.000000000000e+00,42433.737510312,1
495,42433.674005504,0.000000000000e+00,42433.674005504,1
496,42433.674005504,0.000000000000e+00,42433.674005504,1
497,42433.659370717,0.000000000000e+00,42433.659370717,1
498,42433.524195154,0.000000000000e+00,42433.524195154,1
499,42433.481689124,0.000000000000e+00,42433.481689124,1
500,42433.447716477,0.000000000000e+00,42433.447716477,1
