ess_capacity_mwh,ess_power_max_mw,g2_max_mw,g2_ramp_mw_per_h,g1_fault_max_mw,strategy,seed,normal_cost,normal_cv_base,normal_cv_res,reserve_energy_max_mwh,reserve_power_max_mw,fault_pre_soc,fault_end_soc,fault_ess_output_mwh,fault_g2_max_mw,shed_energy_mwh,load_retention
10.0,3.0,15.0,3.0,6.0,dynamic_reserve,20260826,44813.408854703026,0.0,0.0,0.0,0.0,0.6178638135164627,0.1999999999999753,3.969706228406629,9.96372128951583,2.0697547851179348e-17,1.0
10.0,3.0,15.0,3.0,6.0,no_reserve,20260826,44813.21279296562,0.0,0.0,0.0,0.0,0.5953815401228901,0.19999999999997634,3.7561246311676806,9.998611088040036,6.86245897423598e-16,1.0
10.0,3.0,15.0,3.0,2.0,dynamic_reserve,20260826,44822.69108289055,0.0,0.0,2.24853785456979,2.1361109618413003,0.6290811976315576,0.20000000000001075,4.076271377499695,13.626118707481497,4.3183188070687027e-13,0.9999999999999651
10.0,3.0,15.0,3.0,2.0,no_reserve,20260826,44813.21279296562,0.0,0.0,2.289241090559388,2.1747790360314188,0.5953815401228901,0.19999999999999923,3.756124631167477,13.770351092163045,0.0,1.0
10.0,3.0,15.0,3.0,0.0,dynamic_reserve,20260826,45397.35793083863,0.0,0.0,4.476459653987941,2.7840330662311086,0.8245092308286155,0.1999999999999999,5.932837692871848,14.97891000918715,1.4792750594061691e-16,1.0
10.0,3.0,15.0,3.0,0.0,no_reserve,20260826,44813.21279296562,0.0,0.0,6.476238753442361,4.174779036031419,0.5953815401228901,0.19999999999999937,3.7561246311674656,15.0,2.844077729484408,0.7706388927835155
10.0,3.0,16.0,3.0,6.0,dynamic_reserve,20260826,44813.408854703026,0.0,0.0,0.0,0.0,0.6178638135164627,0.1999999999999753,3.969706228406629,9.96372128951583,2.0697547851179348e-17,1.0
10.0,3.0,16.0,3.0,6.0,no_reserve,20260826,44813.21279296562,0.0,0.0,0.0,0.0,0.5953815401228901,0.19999999999997634,3.7561246311676806,9.998611088040036,6.86245897423598e-16,1.0
10.0,3.0,16.0,3.0,2.0,dynamic_reserve,20260826,44821.769430423505,0.0,0.0,2.24695060303868,2.134603072886746,0.6329692863391705,0.2000000000000064,4.113208220222058,13.621624563192865,0.0,1.0
10.0,3.0,16.0,3.0,2.0,no_reserve,20260826,44813.21279296562,0.0,0.0,2.289241090559388,2.1747790360314188,0.5953815401228901,0.19999999999999923,3.756124631167477,13.770351092163045,0.0,1.0
10.0,3.0,16.0,3.0,0.0,dynamic_reserve,20260826,45338.118790765264,0.0,0.0,3.9299860544727703,2.9968008397882766,0.8542796764601072,0.19999999999999368,6.215656926371077,15.033185578498856,9.566252193026655e-13,0.9999999999999228
10.0,3.0,16.0,3.0,0.0,no_reserve,20260826,44813.21279296562,0.0,0.0,6.269286644546223,4.174779036031419,0.5953815401228901,0.2000000000000012,3.7561246311674448,15.447775544881605,2.199697681151672,0.8226050257135749
10.0,3.0,17.0,3.0,6.0,dynamic_reserve,20260826,44813.408854703026,0.0,0.0,0.0,0.0,0.6178638135164627,0.1999999999999753,3.969706228406629,9.96372128951583,2.0697547851179348e-17,1.0
10.0,3.0,17.0,3.0,6.0,no_reserve,20260826,44813.21279296562,0.0,0.0,0.0,0.0,0.5953815401228901,0.19999999999997634,3.7561246311676806,9.998611088040036,6.86245897423598e-16,1.0
10.0,3.0,17.0,3.0,2.0,dynamic_reserve,20260826,44821.769430423505,0.0,0.0,2.24695060303868,2.134603072886746,0.6329692863391705,0.2000000000000064,4.113208220222058,13.621624563192865,0.0,1.0
10.0,3.0,17.0,3.0,2.0,no_reserve,20260826,44813.21279296562,0.0,0.0,2.289241090559388,2.1747790360314188,0.5953815401228901,0.19999999999999923,3.756124631167477,13.770351092163045,0.0,1.0
10.0,3.0,17.0,3.0,0.0,dynamic_reserve,20260826,45506.955993378026,0.0,0.0,4.531530291950952,2.980061663027694,0.7206612272721495,0.2000000000000001,4.946281659085419,15.073494631659731,0.0,1.0
10.0,3.0,17.0,3.0,0.0,no_reserve,20260826,44813.21279296562,0.0,0.0,6.269286644546223,4.174779036031419,0.5953815401228901,0.20000000000000195,3.7561246311674377,15.447775544881525,2.1996976811518745,0.8226050257135585
10.0,3.0,18.0,3.0,6.0,dynamic_reserve,20260826,44813.408854703026,0.0,0.0,0.0,0.0,0.6178638135164627,0.1999999999999753,3.969706228406629,9.96372128951583,2.0697547851179348e-17,1.0
10.0,3.0,18.0,3.0,6.0,no_reserve,20260826,44813.21279296562,0.0,0.0,0.0,0.0,0.5953815401228901,0.19999999999997634,3.7561246311676806,9.998611088040036,6.86245897423598e-16,1.0
10.0,3.0,18.0,3.0,2.0,dynamic_reserve,20260826,44821.769430423505,0.0,0.0,2.24695060303868,2.134603072886746,0.6329692863391705,0.2000000000000064,4.113208220222058,13.621624563192865,0.0,1.0
10.0,3.0,18.0,3.0,2.0,no_reserve,20260826,44813.21279296562,0.0,0.0,2.289241090559388,2.1747790360314188,0.5953815401228901,0.19999999999999923,3.756124631167477,13.770351092163045,0.0,1.0
10.0,3.0,18.0,3.0,0.0,dynamic_reserve,20260827,45371.620706558526,0.0,0.0,3.2576241411817293,2.982593988562904,0.7539049898241881,0.19999999999995052,5.262097403330257,15.242930717479638,4.159743155132307e-13,0.9999999999999665
10.0,3.0,18.0,3.0,0.0,no_reserve,20260826,44813.21279296562,0.0,0.0,6.269286644546223,4.174779036031419,0.5953815401228901,0.20000000000000254,3.7561246311674337,15.447775544881555,2.199697681151775,0.8226050257135665
10.0,3.0,19.0,3.0,6.0,dynamic_reserve,20260826,44813.408854703026,0.0,0.0,0.0,0.0,0.6178638135164627,0.1999999999999753,3.969706228406629,9.96372128951583,2.0697547851179348e-17,1.0
10.0,3.0,19.0,3.0,6.0,no_reserve,20260826,44813.21279296562,0.0,0.0,0.0,0.0,0.5953815401228901,0.19999999999997634,3.7561246311676806,9.998611088040036,6.86245897423598e-16,1.0
10.0,3.0,19.0,3.0,2.0,dynamic_reserve,20260826,44821.769430423505,0.0,0.0,2.24695060303868,2.134603072886746,0.6329692863391705,0.2000000000000064,4.113208220222058,13.621624563192865,0.0,1.0
10.0,3.0,19.0,3.0,2.0,no_reserve,20260826,44813.21279296562,0.0,0.0,2.289241090559388,2.1747790360314188,0.5953815401228901,0.19999999999999923,3.756124631167477,13.770351092163045,0.0,1.0
10.0,3.0,19.0,3.0,0.0,dynamic_reserve,20260827,45371.620706558526,0.0,0.0,3.2576241411817293,2.982593988562904,0.7539049898241881,0.2000000000000015,5.262097403329771,15.242943749481915,0.0,1.0
10.0,3.0,19.0,3.0,0.0,no_reserve,20260826,44813.21279296562,0.0,0.0,6.269286644546223,4.174779036031419,0.5953815401228901,0.2000000000000009,3.7561246311674474,15.447775544881614,2.199697681151651,0.8226050257135765
10.0,3.0,20.0,3.0,6.0,dynamic_reserve,20260826,44813.408854703026,0.0,0.0,0.0,0.0,0.6178638135164627,0.1999999999999753,3.969706228406629,9.96372128951583,2.0697547851179348e-17,1.0
10.0,3.0,20.0,3.0,6.0,no_reserve,20260826,44813.21279296562,0.0,0.0,0.0,0.0,0.5953815401228901,0.19999999999997634,3.7561246311676806,9.998611088040036,6.86245897423598e-16,1.0
10.0,3.0,20.0,3.0,2.0,dynamic_reserve,20260826,44821.769430423505,0.0,0.0,2.24695060303868,2.134603072886746,0.6329692863391705,0.2000000000000064,4.113208220222058,13.621624563192865,0.0,1.0
10.0,3.0,20.0,3.0,2.0,no_reserve,20260826,44813.21279296562,0.0,0.0,2.289241090559388,2.1747790360314188,0.5953815401228901,0.19999999999999923,3.756124631167477,13.770351092163045,0.0,1.0
10.0,3.0,20.0,3.0,0.0,dynamic_reserve,20260827,45371.620706558526,0.0,0.0,3.2576241411817293,2.982593988562904,0.7539049898241881,0.2000000000000015,5.262097403329771,15.242943749481915,0.0,1.0
10.0,3.0,20.0,3.0,0.0,no_reserve,20260826,44813.21279296562,0.0,0.0,6.269286644546223,4.174779036031419,0.5953815401228901,0.2000000000000021,3.756124631167436,15.44777554488153,2.1996976811518354,0.8226050257135616
12.0,3.0,15.0,3.0,6.0,dynamic_reserve,20260826,44731.19690045164,0.0,0.0,0.0,0.0,0.5655937931052438,0.20000000000000026,4.1677692413997764,9.929167343463691,1.6420473777562276e-15,0.9999999999999999
12.0,3.0,15.0,3.0,6.0,no_reserve,20260826,44730.72712701974,0.0,0.0,0.0,0.0,0.5702641297906836,0.19999999999994267,4.221011079614447,9.92540527990271,1.4531265123942779e-15,0.9999999999999999
12.0,3.0,15.0,3.0,2.0,dynamic_reserve,20260826,44738.47797579145,0.0,0.0,2.2653868774582078,2.1521175335852973,0.6023549044030165,0.1999999999999932,4.586845910194466,13.487420286122878,1.987456503186088e-13,0.999999999999984
12.0,3.0,15.0,3.0,2.0,no_reserve,20260826,44730.72712701974,0.0,0.0,2.3788120717133094,2.254552113167426,0.5702641297906836,0.19999999999999987,4.2210110796137945,13.65389141690843,0.0,1.0
12.0,3.0,15.0,3.0,0.0,dynamic_reserve,20260826,45246.29819381779,0.0,0.0,5.263950455057962,2.997916162273592,0.7207855849699477,0.1999999999999995,5.936955668657408,14.999999999999856,6.296766804033712e-13,0.9999999999999493
12.0,3.0,15.0,3.0,0.0,no_reserve,20260826,44730.72712701974,0.0,0.0,6.589338387502783,4.254552113167426,0.5702641297906836,0.20000000000000048,4.2210110796137865,14.999999999999993,2.4836237101526066,0.7997077653102737
12.0,3.0,16.0,3.0,6.0,dynamic_reserve,20260826,44731.19690045164,0.0,0.0,0.0,0.0,0.5655937931052438,0.20000000000000026,4.1677692413997764,9.929167343463691,1.6420473777562276e-15,0.9999999999999999
12.0,3.0,16.0,3.0,6.0,no_reserve,20260826,44730.72712701974,0.0,0.0,0.0,0.0,0.5702641297906836,0.19999999999994267,4.221011079614447,9.92540527990271,1.4531265123942779e-15,0.9999999999999999
12.0,3.0,16.0,3.0,2.0,dynamic_reserve,20260826,44739.30922883854,0.0,0.0,2.3176659108819133,2.2017826153378177,0.5980032071614717,0.2000000000000001,4.537236561640775,13.482550764621,2.384690888293837e-13,0.9999999999999808
12.0,3.0,16.0,3.0,2.0,no_reserve,20260826,44730.72712701974,0.0,0.0,2.373212750702554,2.254552113167426,0.5702641297906836,0.19999999999999307,4.221011079613873,13.653892292191323,0.0,1.0
12.0,3.0,16.0,3.0,0.0,dynamic_reserve,20260826,45313.789864145874,0.0,0.0,3.8245335645483016,2.8648884023798082,0.7735870076058631,0.2000000000000531,6.538891886706233,14.809468477952716,5.423491769363679e-13,0.9999999999999563
12.0,3.0,16.0,3.0,0.0,no_reserve,20260826,44730.72712701974,0.0,0.0,6.4721209637368,4.254552113167426,0.5702641297906836,0.1999999999999987,4.2210110796138585,15.444763321638835,1.9275038359361192,0.8445561422632162
12.0,3.0,17.0,3.0,6.0,dynamic_reserve,20260826,44731.19690045164,0.0,0.0,0.0,0.0,0.5655937931052438,0.20000000000000026,4.1677692413997764,9.929167343463691,1.6420473777562276e-15,0.9999999999999999
12.0,3.0,17.0,3.0,6.0,no_reserve,20260826,44730.72712701974,0.0,0.0,0.0,0.0,0.5702641297906836,0.19999999999994267,4.221011079614447,9.92540527990271,1.4531265123942779e-15,0.9999999999999999
12.0,3.0,17.0,3.0,2.0,dynamic_reserve,20260826,44739.30922883854,0.0,0.0,2.3176659108819133,2.2017826153378177,0.5980032071614717,0.2000000000000001,4.537236561640775,13.482550764621,2.384690888293837e-13,0.9999999999999808
12.0,3.0,17.0,3.0,2.0,no_reserve,20260826,44730.72712701974,0.0,0.0,2.373212750702554,2.254552113167426,0.5702641297906836,0.19999999999999307,4.221011079613873,13.653892292191323,0.0,1.0
12.0,3.0,17.0,3.0,0.0,dynamic_reserve,20260826,45243.13815980311,0.0,0.0,3.9413495072619775,2.933551313185502,0.716590128120688,0.2000000000000001,5.889127460575843,15.103712291548684,2.832577729110249e-13,0.9999999999999771
12.0,3.0,17.0,3.0,0.0,no_reserve,20260826,44730.72712701974,0.0,0.0,6.4721209637368,4.254552113167426,0.5702641297906836,0.20000000000000284,4.221011079613764,15.444763321638664,1.9275038359363026,0.8445561422632014
12.0,3.0,18.0,3.0,6.0,dynamic_reserve,20260826,44731.19690045164,0.0,0.0,0.0,0.0,0.5655937931052438,0.20000000000000026,4.1677692413997764,9.929167343463691,1.6420473777562276e-15,0.9999999999999999
12.0,3.0,18.0,3.0,6.0,no_reserve,20260826,44730.72712701974,0.0,0.0,0.0,0.0,0.5702641297906836,0.19999999999994267,4.221011079614447,9.92540527990271,1.4531265123942779e-15,0.9999999999999999
12.0,3.0,18.0,3.0,2.0,dynamic_reserve,20260826,44739.30922883854,0.0,0.0,2.3176659108819133,2.2017826153378177,0.5980032071614717,0.2000000000000001,4.537236561640775,13.482550764621,2.384690888293837e-13,0.9999999999999808
12.0,3.0,18.0,3.0,2.0,no_reserve,20260826,44730.72712701974,0.0,0.0,2.373212750702554,2.254552113167426,0.5702641297906836,0.19999999999999307,4.221011079613873,13.653892292191323,0.0,1.0
12.0,3.0,18.0,3.0,0.0,dynamic_reserve,20260826,45243.13815980311,0.0,0.0,3.9413495072619775,2.933551313185502,0.716590128120688,0.20000000000000165,5.889127460575825,15.103712004316744,7.412129911975411e-13,0.9999999999999403
12.0,3.0,18.0,3.0,0.0,no_reserve,20260826,44730.72712701974,0.0,0.0,6.4721209637368,4.254552113167426,0.5702641297906836,0.20000000000000165,4.221011079613774,15.444763321638556,1.9275038359365224,0.8445561422631837
12.0,3.0,19.0,3.0,6.0,dynamic_reserve,20260826,44731.19690045164,0.0,0.0,0.0,0.0,0.5655937931052438,0.20000000000000026,4.1677692413997764,9.929167343463691,1.6420473777562276e-15,0.9999999999999999
12.0,3.0,19.0,3.0,6.0,no_reserve,20260826,44730.72712701974,0.0,0.0,0.0,0.0,0.5702641297906836,0.19999999999994267,4.221011079614447,9.92540527990271,1.4531265123942779e-15,0.9999999999999999
12.0,3.0,19.0,3.0,2.0,dynamic_reserve,20260826,44739.30922883854,0.0,0.0,2.3176659108819133,2.2017826153378177,0.5980032071614717,0.2000000000000001,4.537236561640775,13.482550764621,2.384690888293837e-13,0.9999999999999808
12.0,3.0,19.0,3.0,2.0,no_reserve,20260826,44730.72712701974,0.0,0.0,2.373212750702554,2.254552113167426,0.5702641297906836,0.19999999999999307,4.221011079613873,13.653892292191323,0.0,1.0
12.0,3.0,19.0,3.0,0.0,dynamic_reserve,20260826,45243.13815980311,0.0,0.0,3.9413495072619775,2.933551313185502,0.716590128120688,0.20000000000000107,5.889127460575831,15.103719206768801,5.115123633819881e-13,0.9999999999999587
12.0,3.0,19.0,3.0,0.0,no_reserve,20260826,44730.72712701974,0.0,0.0,6.4721209637368,4.254552113167426,0.5702641297906836,0.19999999999999515,4.221011079613955,15.444763321639,1.9275038359360204,0.8445561422632242
12.0,3.0,20.0,3.0,6.0,dynamic_reserve,20260826,44731.19690045164,0.0,0.0,0.0,0.0,0.5655937931052438,0.20000000000000026,4.1677692413997764,9.929167343463691,1.6420473777562276e-15,0.9999999999999999
12.0,3.0,20.0,3.0,6.0,no_reserve,20260826,44730.72712701974,0.0,0.0,0.0,0.0,0.5702641297906836,0.19999999999994267,4.221011079614447,9.92540527990271,1.4531265123942779e-15,0.9999999999999999
12.0,3.0,20.0,3.0,2.0,dynamic_reserve,20260826,44739.30922883854,0.0,0.0,2.3176659108819133,2.2017826153378177,0.5980032071614717,0.2000000000000001,4.537236561640775,13.482550764621,2.384690888293837e-13,0.9999999999999808
12.0,3.0,20.0,3.0,2.0,no_reserve,20260826,44730.72712701974,0.0,0.0,2.373212750702554,2.254552113167426,0.5702641297906836,0.19999999999999307,4.221011079613873,13.653892292191323,0.0,1.0
12.0,3.0,20.0,3.0,0.0,dynamic_reserve,20260826,45243.13815980311,0.0,0.0,3.9413495072619775,2.933551313185502,0.716590128120688,0.20000000000000107,5.889127460575831,15.103719206768801,5.115123633819881e-13,0.9999999999999587
12.0,3.0,20.0,3.0,0.0,no_reserve,20260826,44730.72712701974,0.0,0.0,6.4721209637368,4.254552113167426,0.5702641297906836,0.19999999999999343,4.221011079613868,15.444763321638506,1.9275038359366587,0.8445561422631727
14.0,3.0,15.0,3.0,6.0,dynamic_reserve,20260826,44649.12177001927,0.0,0.0,0.0,0.0,0.5371242612602649,0.2000000000000209,4.483752674761245,9.87211218640527,1.8924398990248145e-15,0.9999999999999999
14.0,3.0,15.0,3.0,6.0,no_reserve,20260826,44649.249363037285,0.0,0.0,0.0,0.0,0.5491450827787713,0.1999999999999925,4.643629600957757,9.850599876731755,4.264405372401904e-16,1.0
14.0,3.0,15.0,3.0,2.0,dynamic_reserve,20260826,44656.9474263598,0.0,0.0,2.2744524389876433,2.160729817038261,0.5824938817823285,0.20000000000000323,5.0871686277049255,13.325401282864608,1.0733576127252672e-12,0.9999999999999134
14.0,3.0,15.0,3.0,2.0,no_reserve,20260826,44649.249363037285,0.0,0.0,2.4241722203229723,2.3029636093068238,0.5491450827787713,0.20000000000000004,4.643629600957657,13.489789538404219,2.2002343686386317e-14,0.9999999999999982
14.0,3.0,15.0,3.0,0.0,dynamic_reserve,20260826,45126.04952761312,0.0,0.0,4.683026022337765,2.9516882348145277,0.5916033374791684,0.2000000000000026,5.208324388472905,14.99999999999978,9.17879678634476e-13,0.999999999999926
14.0,3.0,15.0,3.0,0.0,no_reserve,20260826,44649.249363037285,0.0,0.0,6.512477771355059,4.302963609306824,0.5491450827787713,0.1999999999999988,4.643629600957713,15.0,1.9895380736718493,0.839553381155496
14.0,3.0,16.0,3.0,6.0,dynamic_reserve,20260826,44649.12177001927,0.0,0.0,0.0,0.0,0.5371242612602649,0.2000000000000209,4.483752674761245,9.87211218640527,1.8924398990248145e-15,0.9999999999999999
14.0,3.0,16.0,3.0,6.0,no_reserve,20260826,44649.249363037285,0.0,0.0,0.0,0.0,0.5491450827787713,0.1999999999999925,4.643629600957757,9.850599876731755,4.264405372401904e-16,1.0
14.0,3.0,16.0,3.0,2.0,dynamic_reserve,20260826,44657.00779534961,0.0,0.0,2.292406205289285,2.1777858950248206,0.5773443195029001,0.1999999999999989,5.018679449388586,13.352764310153155,0.0,1.0
14.0,3.0,16.0,3.0,2.0,no_reserve,20260826,44649.249363037285,0.0,0.0,2.4241722203229723,2.3029636093068238,0.5491450827787713,0.20000000000000004,4.643629600957657,13.489789538404219,2.2002343686386317e-14,0.9999999999999982
14.0,3.0,16.0,3.0,0.0,dynamic_reserve,20260826,45059.71323543151,0.0,0.0,4.2372607202888615,2.9849850948253778,0.6363520240434816,0.20000000000000126,5.803481919778287,15.159529261300897,0.0,1.0
14.0,3.0,16.0,3.0,0.0,no_reserve,20260826,44649.249363037285,0.0,0.0,6.304424859961752,4.302963609306824,0.5491450827787713,0.2000000000000026,4.6436296009576346,15.446313791842204,1.3455740160061622,0.891485966451116
14.0,3.0,17.0,3.0,6.0,dynamic_reserve,20260826,44649.12177001927,0.0,0.0,0.0,0.0,0.5371242612602649,0.2000000000000209,4.483752674761245,9.87211218640527,1.8924398990248145e-15,0.9999999999999999
14.0,3.0,17.0,3.0,6.0,no_reserve,20260826,44649.249363037285,0.0,0.0,0.0,0.0,0.5491450827787713,0.1999999999999925,4.643629600957757,9.850599876731755,4.264405372401904e-16,1.0
14.0,3.0,17.0,3.0,2.0,dynamic_reserve,20260826,44657.00779534961,0.0,0.0,2.292406205289285,2.1777858950248206,0.5773443195029001,0.1999999999999989,5.018679449388586,13.352764310153155,0.0,1.0
14.0,3.0,17.0,3.0,2.0,no_reserve,20260826,44649.249363037285,0.0,0.0,2.4241722203229723,2.3029636093068238,0.5491450827787713,0.20000000000000004,4.643629600957657,13.489789538404219,2.2002343686386317e-14,0.9999999999999982
14.0,3.0,17.0,3.0,0.0,dynamic_reserve,20260826,45076.47923553389,0.0,0.0,3.924291638688677,2.9926337118473256,0.7052201122377235,0.1999999999999989,6.719427492761737,14.829786347108115,0.0,1.0
14.0,3.0,17.0,3.0,0.0,no_reserve,20260826,44649.249363037285,0.0,0.0,6.304424859961752,4.302963609306824,0.5491450827787713,0.20000000000000145,4.6436296009576425,15.446313791842178,1.3455740160061977,0.8914859664511131
14.0,3.0,18.0,3.0,6.0,dynamic_reserve,20260826,44649.12177001927,0.0,0.0,0.0,0.0,0.5371242612602649,0.2000000000000209,4.483752674761245,9.87211218640527,1.8924398990248145e-15,0.9999999999999999
14.0,3.0,18.0,3.0,6.0,no_reserve,20260826,44649.249363037285,0.0,0.0,0.0,0.0,0.5491450827787713,0.1999999999999925,4.643629600957757,9.850599876731755,4.264405372401904e-16,1.0
14.0,3.0,18.0,3.0,2.0,dynamic_reserve,20260826,44657.00779534961,0.0,0.0,2.292406205289285,2.1777858950248206,0.5773443195029001,0.1999999999999989,5.018679449388586,13.352764310153155,0.0,1.0
14.0,3.0,18.0,3.0,2.0,no_reserve,20260826,44649.249363037285,0.0,0.0,2.4241722203229723,2.3029636093068238,0.5491450827787713,0.20000000000000004,4.643629600957657,13.489789538404219,2.2002343686386317e-14,0.9999999999999982
14.0,3.0,18.0,3.0,0.0,dynamic_reserve,20260826,45174.05941428049,0.0,0.0,3.4174582599197407,2.966833250380967,0.7344985988738968,0.1999999999999998,7.10883136502283,14.542179893597684,0.0,1.0
14.0,3.0,18.0,3.0,0.0,no_reserve,20260826,44649.249363037285,0.0,0.0,6.304424859961752,4.302963609306824,0.5491450827787713,0.20000000000000348,4.6436296009576346,15.446313791842183,1.3455740160061898,0.8914859664511138
14.0,3.0,19.0,3.0,6.0,dynamic_reserve,20260826,44649.12177001927,0.0,0.0,0.0,0.0,0.5371242612602649,0.2000000000000209,4.483752674761245,9.87211218640527,1.8924398990248145e-15,0.9999999999999999
14.0,3.0,19.0,3.0,6.0,no_reserve,20260826,44649.249363037285,0.0,0.0,0.0,0.0,0.5491450827787713,0.1999999999999925,4.643629600957757,9.850599876731755,4.264405372401904e-16,1.0
14.0,3.0,19.0,3.0,2.0,dynamic_reserve,20260826,44657.00779534961,0.0,0.0,2.292406205289285,2.1777858950248206,0.5773443195029001,0.1999999999999989,5.018679449388586,13.352764310153155,0.0,1.0
14.0,3.0,19.0,3.0,2.0,no_reserve,20260826,44649.249363037285,0.0,0.0,2.4241722203229723,2.3029636093068238,0.5491450827787713,0.20000000000000004,4.643629600957657,13.489789538404219,2.2002343686386317e-14,0.9999999999999982
14.0,3.0,19.0,3.0,0.0,dynamic_reserve,20260826,45174.05941428049,0.0,0.0,3.4174582599197407,2.966833250380967,0.7344985988738968,0.1999999999999998,7.10883136502283,14.542179893597684,0.0,1.0
14.0,3.0,19.0,3.0,0.0,no_reserve,20260826,44649.249363037285,0.0,0.0,6.304424859961752,4.302963609306824,0.5491450827787713,0.19999999999999865,4.643629600957704,15.446313791842332,1.3455740160059604,0.8914859664511322
14.0,3.0,20.0,3.0,6.0,dynamic_reserve,20260826,44649.12177001927,0.0,0.0,0.0,0.0,0.5371242612602649,0.2000000000000209,4.483752674761245,9.87211218640527,1.8924398990248145e-15,0.9999999999999999
14.0,3.0,20.0,3.0,6.0,no_reserve,20260826,44649.249363037285,0.0,0.0,0.0,0.0,0.5491450827787713,0.1999999999999925,4.643629600957757,9.850599876731755,4.264405372401904e-16,1.0
14.0,3.0,20.0,3.0,2.0,dynamic_reserve,20260826,44657.00779534961,0.0,0.0,2.292406205289285,2.1777858950248206,0.5773443195029001,0.1999999999999989,5.018679449388586,13.352764310153155,0.0,1.0
14.0,3.0,20.0,3.0,2.0,no_reserve,20260826,44649.249363037285,0.0,0.0,2.4241722203229723,2.3029636093068238,0.5491450827787713,0.20000000000000004,4.643629600957657,13.489789538404219,2.2002343686386317e-14,0.9999999999999982
14.0,3.0,20.0,3.0,0.0,dynamic_reserve,20260826,45174.05941428049,0.0,0.0,3.4174582599197407,2.966833250380967,0.7344985988738968,0.1999999999999998,7.10883136502283,14.542179893597684,0.0,1.0
14.0,3.0,20.0,3.0,0.0,no_reserve,20260826,44649.249363037285,0.0,0.0,6.304424859961752,4.302963609306824,0.5491450827787713,0.20000000000000467,4.6436296009576115,15.44631379184205,1.3455740160065173,0.8914859664510874
16.0,3.0,15.0,3.0,6.0,dynamic_reserve,20260826,44567.81140128734,0.0,0.0,0.0,0.0,0.513668941404303,0.20000000000001888,4.767767909345118,9.825871254708966,2.399580812100389e-16,1.0
16.0,3.0,15.0,3.0,6.0,no_reserve,20260826,44567.71612329954,0.0,0.0,0.0,0.0,0.5168740566551948,0.20000000000000023,4.816485661158957,9.815556475717552,4.989187377867971e-16,1.0
16.0,3.0,15.0,3.0,2.0,dynamic_reserve,20260826,44574.38324957799,0.0,0.0,2.390409611625244,2.2708891310439814,0.5382705111458869,0.19999999999999957,5.141711769417486,13.342651944998032,0.0,1.0
16.0,3.0,15.0,3.0,2.0,no_reserve,20260826,44567.71612329954,0.0,0.0,2.4689441990202132,2.3454969890692023,0.5168740566551948,0.20000000000000007,4.81648566115896,13.478747396479822,0.0,1.0
16.0,3.0,15.0,3.0,0.0,dynamic_reserve,20260826,45111.21635153408,0.0,0.0,4.5216893711056825,2.8134878809734634,0.6123651467633325,0.1999999999999974,6.267950230802694,14.906525200678178,0.0,1.0
16.0,3.0,15.0,3.0,0.0,no_reserve,20260826,44567.71612329954,0.0,0.0,6.669176680924307,4.345496989069202,0.5168740566551948,0.19999999999999868,4.81648566115907,15.0,1.9700569691656864,0.8411244379705092
16.0,3.0,16.0,3.0,6.0,dynamic_reserve,20260826,44567.81140128734,0.0,0.0,0.0,0.0,0.513668941404303,0.20000000000001888,4.767767909345118,9.825871254708966,2.399580812100389e-16,1.0
16.0,3.0,16.0,3.0,6.0,no_reserve,20260826,44567.71612329954,0.0,0.0,0.0,0.0,0.5168740566551948,0.20000000000000023,4.816485661158957,9.815556475717552,4.989187377867971e-16,1.0
16.0,3.0,16.0,3.0,2.0,dynamic_reserve,20260826,44574.59731082015,0.0,0.0,2.4038282307429544,2.2836368192058067,0.5495892455325416,0.19999999999999923,5.313756532094644,13.28569930951257,0.0,1.0
16.0,3.0,16.0,3.0,2.0,no_reserve,20260826,44567.71612329954,0.0,0.0,2.4689441990202132,2.3454969890692023,0.5168740566551948,0.20000000000000007,4.81648566115896,13.478747396479822,0.0,1.0
16.0,3.0,16.0,3.0,0.0,dynamic_reserve,20260826,45102.23765625579,0.0,0.0,4.037064862927319,2.985554888917534,0.6761943061916655,0.19999999999999085,7.238153454113454,14.549001067532288,0.0,1.0
16.0,3.0,16.0,3.0,0.0,no_reserve,20260826,44567.71612329954,0.0,0.0,6.618134761725382,4.345496989069202,0.5168740566551948,0.20000000000000462,4.816485661158921,15.450824783446498,1.4707423624805662,0.8813917449612446
16.0,3.0,17.0,3.0,6.0,dynamic_reserve,20260826,44567.81140128734,0.0,0.0,0.0,0.0,0.513668941404303,0.20000000000001888,4.767767909345118,9.825871254708966,2.399580812100389e-16,1.0
16.0,3.0,17.0,3.0,6.0,no_reserve,20260826,44567.71612329954,0.0,0.0,0.0,0.0,0.5168740566551948,0.20000000000000023,4.816485661158957,9.815556475717552,4.989187377867971e-16,1.0
16.0,3.0,17.0,3.0,2.0,dynamic_reserve,20260826,44574.59731082015,0.0,0.0,2.4038282307429544,2.2836368192058067,0.5495892455325416,0.19999999999999923,5.313756532094644,13.28569930951257,0.0,1.0
16.0,3.0,17.0,3.0,2.0,no_reserve,20260826,44567.71612329954,0.0,0.0,2.4689441990202132,2.3454969890692023,0.5168740566551948,0.20000000000000007,4.81648566115896,13.478747396479822,0.0,1.0
16.0,3.0,17.0,3.0,0.0,dynamic_reserve,20260826,45067.862179543125,0.0,0.0,3.944349404220654,2.8160592509697917,0.5957695552683747,0.2000000000000019,6.015697240079266,14.8963027443114,0.0,1.0
16.0,3.0,17.0,3.0,0.0,no_reserve,20260826,44567.71612329954,0.0,0.0,6.618134761725382,4.345496989069202,0.5168740566551948,0.20000000000000495,4.816485661158904,15.45082478344644,1.4707423624807114,0.881391744961233
16.0,3.0,18.0,3.0,6.0,dynamic_reserve,20260826,44567.81140128734,0.0,0.0,0.0,0.0,0.513668941404303,0.20000000000001888,4.767767909345118,9.825871254708966,2.399580812100389e-16,1.0
16.0,3.0,18.0,3.0,6.0,no_reserve,20260826,44567.71612329954,0.0,0.0,0.0,0.0,0.5168740566551948,0.20000000000000023,4.816485661158957,9.815556475717552,4.989187377867971e-16,1.0
16.0,3.0,18.0,3.0,2.0,dynamic_reserve,20260826,44574.59731082015,0.0,0.0,2.4038282307429544,2.2836368192058067,0.5495892455325416,0.19999999999999923,5.313756532094644,13.28569930951257,0.0,1.0
16.0,3.0,18.0,3.0,2.0,no_reserve,20260826,44567.71612329954,0.0,0.0,2.4689441990202132,2.3454969890692023,0.5168740566551948,0.20000000000000007,4.81648566115896,13.478747396479822,0.0,1.0
16.0,3.0,18.0,3.0,0.0,dynamic_reserve,20260826,45067.862179543125,0.0,0.0,3.944349404220654,2.8160592509697917,0.5957695552683747,0.2,6.015697240079295,14.896295957439941,2.785291326703048e-17,1.0
16.0,3.0,18.0,3.0,0.0,no_reserve,20260826,44567.71612329954,0.0,0.0,6.618134761725382,4.345496989069202,0.5168740566551948,0.20000000000000007,4.816485661158961,15.450824783446661,1.4707423624801532,0.8813917449612779
16.0,3.0,19.0,3.0,6.0,dynamic_reserve,20260826,44567.81140128734,0.0,0.0,0.0,0.0,0.513668941404303,0.20000000000001888,4.767767909345118,9.825871254708966,2.399580812100389e-16,1.0
16.0,3.0,19.0,3.0,6.0,no_reserve,20260826,44567.71612329954,0.0,0.0,0.0,0.0,0.5168740566551948,0.20000000000000023,4.816485661158957,9.815556475717552,4.989187377867971e-16,1.0
16.0,3.0,19.0,3.0,2.0,dynamic_reserve,20260826,44574.59731082015,0.0,0.0,2.4038282307429544,2.2836368192058067,0.5495892455325416,0.19999999999999923,5.313756532094644,13.28569930951257,0.0,1.0
16.0,3.0,19.0,3.0,2.0,no_reserve,20260826,44567.71612329954,0.0,0.0,2.4689441990202132,2.3454969890692023,0.5168740566551948,0.20000000000000007,4.81648566115896,13.478747396479822,0.0,1.0
16.0,3.0,19.0,3.0,0.0,dynamic_reserve,20260826,45067.862179543125,0.0,0.0,3.944349404220654,2.8160592509697917,0.5957695552683747,0.20000000000000373,6.015697240079239,14.896294975529317,0.0,1.0
16.0,3.0,19.0,3.0,0.0,no_reserve,20260826,44567.71612329954,0.0,0.0,6.618134761725382,4.345496989069202,0.5168740566551948,0.20000000000000157,4.816485661158944,15.450824783446587,1.4707423624803377,0.881391744961263
16.0,3.0,20.0,3.0,6.0,dynamic_reserve,20260826,44567.81140128734,0.0,0.0,0.0,0.0,0.513668941404303,0.20000000000001888,4.767767909345118,9.825871254708966,2.399580812100389e-16,1.0
16.0,3.0,20.0,3.0,6.0,no_reserve,20260826,44567.71612329954,0.0,0.0,0.0,0.0,0.5168740566551948,0.20000000000000023,4.816485661158957,9.815556475717552,4.989187377867971e-16,1.0
16.0,3.0,20.0,3.0,2.0,dynamic_reserve,20260826,44574.59731082015,0.0,0.0,2.4038282307429544,2.2836368192058067,0.5495892455325416,0.19999999999999923,5.313756532094644,13.28569930951257,0.0,1.0
16.0,3.0,20.0,3.0,2.0,no_reserve,20260826,44567.71612329954,0.0,0.0,2.4689441990202132,2.3454969890692023,0.5168740566551948,0.20000000000000007,4.81648566115896,13.478747396479822,0.0,1.0
16.0,3.0,20.0,3.0,0.0,dynamic_reserve,20260826,45067.862179543125,0.0,0.0,3.944349404220654,2.8160592509697917,0.5957695552683747,0.20000000000000012,6.0156972400792945,14.896294973045519,4.331118727507273e-16,1.0
16.0,3.0,20.0,3.0,0.0,no_reserve,20260826,44567.71612329954,0.0,0.0,6.618134761725382,4.345496989069202,0.5168740566551948,0.1999999999999995,4.816485661159003,15.450824783446754,1.4707423624801297,0.8813917449612798
18.0,3.0,15.0,3.0,6.0,dynamic_reserve,20260826,44486.9450306871,0.0,0.0,0.0,0.0,0.5100285024514473,0.19999999999999574,5.30148739191982,9.735967048379532,1.148582605707462e-15,0.9999999999999999
18.0,3.0,15.0,3.0,6.0,no_reserve,20260826,44486.9450306871,0.0,0.0,0.0,0.0,0.5100285024514473,0.19999999999999574,5.30148739191982,9.735967048379532,1.148582605707462e-15,0.9999999999999999
18.0,3.0,15.0,3.0,2.0,dynamic_reserve,20260826,44493.03580906264,0.0,0.0,2.3947030811415884,2.274967927084509,0.5299521077446808,0.20000000000000004,5.642181042434041,13.177088878506462,1.5728159515523261e-16,1.0
18.0,3.0,15.0,3.0,2.0,no_reserve,20260826,44486.9450306871,0.0,0.0,2.4991864719840664,2.370437502753516,0.5100285024514473,0.20000000000000082,5.301487391919732,13.336874936877171,8.221370233201156e-13,0.9999999999999337
18.0,3.0,15.0,3.0,0.0,dynamic_reserve,20260826,44997.4807444808,0.0,0.0,4.748185067572005,2.8768504492066285,0.6011951953561662,0.200000000000025,6.860437840590014,14.746939139576538,0.0,1.0
18.0,3.0,15.0,3.0,0.0,no_reserve,20260826,44486.9450306871,0.0,0.0,6.70971278777354,4.370437502753516,0.5100285024514473,0.2000000000000015,5.3014873919197205,14.999999999999906,1.541099629875459,0.8757177717842372
18.0,3.0,16.0,3.0,6.0,dynamic_reserve,20260826,44486.9450306871,0.0,0.0,0.0,0.0,0.5100285024514473,0.19999999999999574,5.30148739191982,9.735967048379532,1.148582605707462e-15,0.9999999999999999
18.0,3.0,16.0,3.0,6.0,no_reserve,20260826,44486.9450306871,0.0,0.0,0.0,0.0,0.5100285024514473,0.19999999999999574,5.30148739191982,9.735967048379532,1.148582605707462e-15,0.9999999999999999
18.0,3.0,16.0,3.0,2.0,dynamic_reserve,20260826,44492.73745481169,0.0,0.0,2.4838876556316056,2.3596932728500253,0.5190595797494979,0.20000000000000343,5.455918813716354,13.264341244390957,0.0,1.0
18.0,3.0,16.0,3.0,2.0,no_reserve,20260826,44486.9450306871,0.0,0.0,2.495197371319491,2.370437502753516,0.5100285024514473,0.20000000000000082,5.301487391919732,13.336874936877171,8.221370233201156e-13,0.9999999999999337
18.0,3.0,16.0,3.0,0.0,dynamic_reserve,20260826,44870.38443539971,0.0,0.0,4.344931922748858,2.980892872489992,0.5265040610826713,0.2000000000000094,5.583219444513519,15.233787904414323,0.0,1.0
18.0,3.0,16.0,3.0,0.0,no_reserve,20260826,44486.9450306871,0.0,0.0,6.692575134524829,4.370437502753516,0.5100285024514473,0.2000000000000005,5.301487391919745,15.15438135653529,1.3704375027535092,0.8894808465521363
18.0,3.0,17.0,3.0,6.0,dynamic_reserve,20260826,44486.9450306871,0.0,0.0,0.0,0.0,0.5100285024514473,0.19999999999999574,5.30148739191982,9.735967048379532,1.148582605707462e-15,0.9999999999999999
18.0,3.0,17.0,3.0,6.0,no_reserve,20260826,44486.9450306871,0.0,0.0,0.0,0.0,0.5100285024514473,0.19999999999999574,5.30148739191982,9.735967048379532,1.148582605707462e-15,0.9999999999999999
18.0,3.0,17.0,3.0,2.0,dynamic_reserve,20260826,44492.73745481169,0.0,0.0,2.4838876556316056,2.3596932728500253,0.5190595797494979,0.20000000000000343,5.455918813716354,13.264341244390957,0.0,1.0
18.0,3.0,17.0,3.0,2.0,no_reserve,20260826,44486.9450306871,0.0,0.0,2.495197371319491,2.370437502753516,0.5100285024514473,0.20000000000000082,5.301487391919732,13.336874936877171,8.221370233201156e-13,0.9999999999999337
18.0,3.0,17.0,3.0,0.0,dynamic_reserve,20260826,44952.05527811294,0.0,0.0,3.5277449651128325,2.910286369838552,0.6316360442748769,0.19999999999997145,7.380976357100881,14.633411831585459,0.0,1.0
18.0,3.0,17.0,3.0,0.0,no_reserve,20260826,44486.9450306871,0.0,0.0,6.692575134524829,4.370437502753516,0.5100285024514473,0.20000000000002327,5.301487391919745,15.154381356535309,1.3704375027535047,0.8894808465521367
18.0,3.0,18.0,3.0,6.0,dynamic_reserve,20260826,44486.9450306871,0.0,0.0,0.0,0.0,0.5100285024514473,0.19999999999999574,5.30148739191982,9.735967048379532,1.148582605707462e-15,0.9999999999999999
18.0,3.0,18.0,3.0,6.0,no_reserve,20260826,44486.9450306871,0.0,0.0,0.0,0.0,0.5100285024514473,0.19999999999999574,5.30148739191982,9.735967048379532,1.148582605707462e-15,0.9999999999999999
18.0,3.0,18.0,3.0,2.0,dynamic_reserve,20260826,44492.73745481169,0.0,0.0,2.4838876556316056,2.3596932728500253,0.5190595797494979,0.20000000000000343,5.455918813716354,13.264341244390957,0.0,1.0
18.0,3.0,18.0,3.0,2.0,no_reserve,20260826,44486.9450306871,0.0,0.0,2.495197371319491,2.370437502753516,0.5100285024514473,0.20000000000000082,5.301487391919732,13.336874936877171,8.221370233201156e-13,0.9999999999999337
18.0,3.0,18.0,3.0,0.0,dynamic_reserve,20260826,44952.05527811294,0.0,0.0,3.5277449651128325,2.910286369838552,0.6316360442748769,0.19999999999997145,7.380976357100881,14.633411831585459,0.0,1.0
18.0,3.0,18.0,3.0,0.0,no_reserve,20260826,44486.9450306871,0.0,0.0,6.692575134524829,4.370437502753516,0.5100285024514473,0.2000000000000012,5.3014873919197285,15.15438135653521,1.3704375027536946,0.8894808465521215
18.0,3.0,19.0,3.0,6.0,dynamic_reserve,20260826,44486.9450306871,0.0,0.0,0.0,0.0,0.5100285024514473,0.19999999999999574,5.30148739191982,9.735967048379532,1.148582605707462e-15,0.9999999999999999
18.0,3.0,19.0,3.0,6.0,no_reserve,20260826,44486.9450306871,0.0,0.0,0.0,0.0,0.5100285024514473,0.19999999999999574,5.30148739191982,9.735967048379532,1.148582605707462e-15,0.9999999999999999
18.0,3.0,19.0,3.0,2.0,dynamic_reserve,20260826,44492.73745481169,0.0,0.0,2.4838876556316056,2.3596932728500253,0.5190595797494979,0.20000000000000343,5.455918813716354,13.264341244390957,0.0,1.0
18.0,3.0,19.0,3.0,2.0,no_reserve,20260826,44486.9450306871,0.0,0.0,2.495197371319491,2.370437502753516,0.5100285024514473,0.20000000000000082,5.301487391919732,13.336874936877171,8.221370233201156e-13,0.9999999999999337
18.0,3.0,19.0,3.0,0.0,dynamic_reserve,20260826,44952.05527811294,0.0,0.0,3.5277449651128325,2.910286369838552,0.6316360442748769,0.19999999999997145,7.380976357100881,14.633411831585459,0.0,1.0
18.0,3.0,19.0,3.0,0.0,no_reserve,20260826,44486.9450306871,0.0,0.0,6.692575134524829,4.370437502753516,0.5100285024514473,0.20000000000000195,5.301487391919714,15.154381356535204,1.3704375027537392,0.8894808465521178
18.0,3.0,20.0,3.0,6.0,dynamic_reserve,20260826,44486.9450306871,0.0,0.0,0.0,0.0,0.5100285024514473,0.19999999999999574,5.30148739191982,9.735967048379532,1.148582605707462e-15,0.9999999999999999
18.0,3.0,20.0,3.0,6.0,no_reserve,20260826,44486.9450306871,0.0,0.0,0.0,0.0,0.5100285024514473,0.19999999999999574,5.30148739191982,9.735967048379532,1.148582605707462e-15,0.9999999999999999
18.0,3.0,20.0,3.0,2.0,dynamic_reserve,20260826,44492.73745481169,0.0,0.0,2.4838876556316056,2.3596932728500253,0.5190595797494979,0.20000000000000343,5.455918813716354,13.264341244390957,0.0,1.0
18.0,3.0,20.0,3.0,2.0,no_reserve,20260826,44486.9450306871,0.0,0.0,2.495197371319491,2.370437502753516,0.5100285024514473,0.20000000000000082,5.301487391919732,13.336874936877171,8.221370233201156e-13,0.9999999999999337
18.0,3.0,20.0,3.0,0.0,dynamic_reserve,20260826,44952.05527811294,0.0,0.0,3.5277449651128325,2.910286369838552,0.6316360442748769,0.19999999999997145,7.380976357100881,14.633411831585459,0.0,1.0
18.0,3.0,20.0,3.0,0.0,no_reserve,20260826,44486.9450306871,0.0,0.0,6.692575134524829,4.370437502753516,0.5100285024514473,0.20000000000000195,5.301487391919714,15.154381356535204,1.3704375027537392,0.8894808465521178
20.0,3.0,15.0,3.0,6.0,dynamic_reserve,20260826,44407.00018601001,0.0,0.0,0.0,0.0,0.4998046086162649,0.19999999999998125,5.696287563709388,9.663065724284936,0.0,1.0
20.0,3.0,15.0,3.0,6.0,no_reserve,20260826,44407.00018601001,0.0,0.0,0.0,0.0,0.4998046086162649,0.19999999999998125,5.696287563709388,9.663065724284936,0.0,1.0
20.0,3.0,15.0,3.0,2.0,dynamic_reserve,20260826,44411.97114255512,0.0,0.0,2.4757564287827467,2.3519686073436095,0.52069488735026,0.20000000000000334,6.093202859654879,13.01503898973655,1.4216638061602188e-12,0.9999999999998853
20.0,3.0,15.0,3.0,2.0,no_reserve,20260826,44407.00018601001,0.0,0.0,2.4948367491628263,2.370094911704685,0.4998046086162649,0.1999999999999979,5.696287563709072,13.199926134393115,0.0,1.0
20.0,3.0,15.0,3.0,0.0,dynamic_reserve,20260826,44867.452050462125,0.0,0.0,4.753571941543101,2.9974893702518983,0.5598768749764316,0.19999999999999937,6.8376606245522105,14.83386724672562,0.0,1.0
20.0,3.0,15.0,3.0,0.0,no_reserve,20260826,44407.00018601001,0.0,0.0,6.703744629844934,4.370094911704685,0.4998046086162649,0.20000000000000312,5.696287563708974,15.0,1.3700949117045966,0.8895084748625326
20.0,3.0,16.0,3.0,6.0,dynamic_reserve,20260826,44407.00018601001,0.0,0.0,0.0,0.0,0.4998046086162649,0.19999999999998125,5.696287563709388,9.663065724284936,0.0,1.0
20.0,3.0,16.0,3.0,6.0,no_reserve,20260826,44407.00018601001,0.0,0.0,0.0,0.0,0.4998046086162649,0.19999999999998125,5.696287563709388,9.663065724284936,0.0,1.0
20.0,3.0,16.0,3.0,2.0,dynamic_reserve,20260826,44411.802748424525,0.0,0.0,2.4390658275921298,2.317112536212523,0.5180859812233488,0.1999999999999984,6.043633643243657,13.056582818154036,0.0,1.0
20.0,3.0,16.0,3.0,2.0,no_reserve,20260826,44407.00018601001,0.0,0.0,2.4948367491628263,2.370094911704685,0.4998046086162649,0.1999999999999979,5.696287563709072,13.199926134393115,0.0,1.0
20.0,3.0,16.0,3.0,0.0,dynamic_reserve,20260826,44850.863367155216,0.0,0.0,3.704647830402404,2.926402505591991,0.563125652684304,0.2000000000000358,6.8993874010010945,14.690359800354695,9.260297904958476e-13,0.9999999999999253
20.0,3.0,16.0,3.0,0.0,no_reserve,20260826,44407.00018601001,0.0,0.0,6.67456980263956,4.370094911704685,0.4998046086162649,0.20000000000000034,5.696287563709025,15.027716085845034,1.3700949117049768,0.8895084748625018
20.0,3.0,17.0,3.0,6.0,dynamic_reserve,20260826,44407.00018601001,0.0,0.0,0.0,0.0,0.4998046086162649,0.19999999999998125,5.696287563709388,9.663065724284936,0.0,1.0
20.0,3.0,17.0,3.0,6.0,no_reserve,20260826,44407.00018601001,0.0,0.0,0.0,0.0,0.4998046086162649,0.19999999999998125,5.696287563709388,9.663065724284936,0.0,1.0
20.0,3.0,17.0,3.0,2.0,dynamic_reserve,20260826,44411.802748424525,0.0,0.0,2.4390658275921298,2.317112536212523,0.5180859812233488,0.1999999999999984,6.043633643243657,13.056582818154036,0.0,1.0
20.0,3.0,17.0,3.0,2.0,no_reserve,20260826,44407.00018601001,0.0,0.0,2.4948367491628263,2.370094911704685,0.4998046086162649,0.1999999999999979,5.696287563709072,13.199926134393115,0.0,1.0
20.0,3.0,17.0,3.0,0.0,dynamic_reserve,20260826,44894.37838273126,0.0,0.0,3.796850734722853,2.9957697446413345,0.6245873119679237,0.20000000000000054,8.067158927390539,14.444138401255241,0.0,1.0
20.0,3.0,17.0,3.0,0.0,no_reserve,20260826,44407.00018601001,0.0,0.0,6.67456980263956,4.370094911704685,0.4998046086162649,0.2000000000000007,5.696287563709019,15.027716085844967,1.3700949117052699,0.8895084748624782
20.0,3.0,18.0,3.0,6.0,dynamic_reserve,20260826,44407.00018601001,0.0,0.0,0.0,0.0,0.4998046086162649,0.19999999999998125,5.696287563709388,9.663065724284936,0.0,1.0
20.0,3.0,18.0,3.0,6.0,no_reserve,20260826,44407.00018601001,0.0,0.0,0.0,0.0,0.4998046086162649,0.19999999999998125,5.696287563709388,9.663065724284936,0.0,1.0
20.0,3.0,18.0,3.0,2.0,dynamic_reserve,20260826,44411.802748424525,0.0,0.0,2.4390658275921298,2.317112536212523,0.5180859812233488,0.1999999999999984,6.043633643243657,13.056582818154036,0.0,1.0
20.0,3.0,18.0,3.0,2.0,no_reserve,20260826,44407.00018601001,0.0,0.0,2.4948367491628263,2.370094911704685,0.4998046086162649,0.1999999999999979,5.696287563709072,13.199926134393115,0.0,1.0
20.0,3.0,18.0,3.0,0.0,dynamic_reserve,20260826,44894.37838273126,0.0,0.0,3.796850734722853,2.9957697446413345,0.6245873119679237,0.2000000000000001,8.06715892739055,14.444142144486195,0.0,1.0
20.0,3.0,18.0,3.0,0.0,no_reserve,20260826,44407.00018601001,0.0,0.0,6.67456980263956,4.370094911704685,0.4998046086162649,0.20000000000000026,5.696287563709028,15.027716085845087,1.3700949117047625,0.8895084748625192
20.0,3.0,19.0,3.0,6.0,dynamic_reserve,20260826,44407.00018601001,0.0,0.0,0.0,0.0,0.4998046086162649,0.19999999999998125,5.696287563709388,9.663065724284936,0.0,1.0
20.0,3.0,19.0,3.0,6.0,no_reserve,20260826,44407.00018601001,0.0,0.0,0.0,0.0,0.4998046086162649,0.19999999999998125,5.696287563709388,9.663065724284936,0.0,1.0
20.0,3.0,19.0,3.0,2.0,dynamic_reserve,20260826,44411.802748424525,0.0,0.0,2.4390658275921298,2.317112536212523,0.5180859812233488,0.1999999999999984,6.043633643243657,13.056582818154036,0.0,1.0
20.0,3.0,19.0,3.0,2.0,no_reserve,20260826,44407.00018601001,0.0,0.0,2.4948367491628263,2.370094911704685,0.4998046086162649,0.1999999999999979,5.696287563709072,13.199926134393115,0.0,1.0
20.0,3.0,19.0,3.0,0.0,dynamic_reserve,20260826,44894.37838273126,0.0,0.0,3.796850734722853,2.9957697446413345,0.6245873119679237,0.2000000000000001,8.06715892739055,14.444142144486195,0.0,1.0
20.0,3.0,19.0,3.0,0.0,no_reserve,20260826,44407.00018601001,0.0,0.0,6.67456980263956,4.370094911704685,0.4998046086162649,0.20000000000000157,5.696287563709004,15.027716085845174,1.3700949117046366,0.8895084748625293
20.0,3.0,20.0,3.0,6.0,dynamic_reserve,20260826,44407.00018601001,0.0,0.0,0.0,0.0,0.4998046086162649,0.19999999999998125,5.696287563709388,9.663065724284936,0.0,1.0
20.0,3.0,20.0,3.0,6.0,no_reserve,20260826,44407.00018601001,0.0,0.0,0.0,0.0,0.4998046086162649,0.19999999999998125,5.696287563709388,9.663065724284936,0.0,1.0
20.0,3.0,20.0,3.0,2.0,dynamic_reserve,20260826,44411.802748424525,0.0,0.0,2.4390658275921298,2.317112536212523,0.5180859812233488,0.1999999999999984,6.043633643243657,13.056582818154036,0.0,1.0
20.0,3.0,20.0,3.0,2.0,no_reserve,20260826,44407.00018601001,0.0,0.0,2.4948367491628263,2.370094911704685,0.4998046086162649,0.1999999999999979,5.696287563709072,13.199926134393115,0.0,1.0
20.0,3.0,20.0,3.0,0.0,dynamic_reserve,20260826,44894.37838273126,0.0,0.0,3.796850734722853,2.9957697446413345,0.6245873119679237,0.2000000000000001,8.06715892739055,14.444142144486195,0.0,1.0
20.0,3.0,20.0,3.0,0.0,no_reserve,20260826,44407.00018601001,0.0,0.0,6.67456980263956,4.370094911704685,0.4998046086162649,0.20000000000000157,5.696287563709004,15.027716085845174,1.3700949117046366,0.8895084748625293
