ess_capacity_mwh,g2_max_mw,g1_fault_max_mw,no_reserve_cost,dynamic_reserve_cost,cost_increase_pct,no_reserve_pre_soc,dynamic_reserve_pre_soc,no_reserve_shed_mwh,dynamic_reserve_shed_mwh,shed_reduction_mwh
10.0,15.0,6.0,44813.21279296562,44813.408854703026,0.0004375087729414076,0.5953815401228901,0.6178638135164627,6.86245897423598e-16,2.0697547851179348e-17,6.655483495724187e-16
10.0,15.0,2.0,44813.21279296562,44822.69108289055,0.021150659223479886,0.5953815401228901,0.6290811976315576,0.0,4.3183188070687027e-13,-4.3183188070687027e-13
10.0,15.0,0.0,44813.21279296562,45397.35793083863,1.3035109546189612,0.5953815401228901,0.8245092308286155,2.844077729484408,1.4792750594061691e-16,2.844077729484408
10.0,16.0,6.0,44813.21279296562,44813.408854703026,0.0004375087729414076,0.5953815401228901,0.6178638135164627,6.86245897423598e-16,2.0697547851179348e-17,6.655483495724187e-16
10.0,16.0,2.0,44813.21279296562,44821.769430423505,0.019094005817917915,0.5953815401228901,0.6329692863391705,0.0,0.0,0.0
10.0,16.0,0.0,44813.21279296562,45338.118790765264,1.1713197181926644,0.5953815401228901,0.8542796764601072,2.199697681151672,9.566252193026655e-13,2.1996976811507154
10.0,17.0,6.0,44813.21279296562,44813.408854703026,0.0004375087729414076,0.5953815401228901,0.6178638135164627,6.86245897423598e-16,2.0697547851179348e-17,6.655483495724187e-16
10.0,17.0,2.0,44813.21279296562,44821.769430423505,0.019094005817917915,0.5953815401228901,0.6329692863391705,0.0,0.0,0.0
10.0,17.0,0.0,44813.21279296562,45506.955993378026,1.5480773574915463,0.5953815401228901,0.7206612272721495,2.1996976811518745,0.0,2.1996976811518745
10.0,18.0,6.0,44813.21279296562,44813.408854703026,0.0004375087729414076,0.5953815401228901,0.6178638135164627,6.86245897423598e-16,2.0697547851179348e-17,6.655483495724187e-16
10.0,18.0,2.0,44813.21279296562,44821.769430423505,0.019094005817917915,0.5953815401228901,0.6329692863391705,0.0,0.0,0.0
10.0,18.0,0.0,44813.21279296562,45371.620706558526,1.2460787316738868,0.5953815401228901,0.7539049898241881,2.199697681151775,4.159743155132307e-13,2.199697681151359
10.0,19.0,6.0,44813.21279296562,44813.408854703026,0.0004375087729414076,0.5953815401228901,0.6178638135164627,6.86245897423598e-16,2.0697547851179348e-17,6.655483495724187e-16
10.0,19.0,2.0,44813.21279296562,44821.769430423505,0.019094005817917915,0.5953815401228901,0.6329692863391705,0.0,0.0,0.0
10.0,19.0,0.0,44813.21279296562,45371.620706558526,1.2460787316738868,0.5953815401228901,0.7539049898241881,2.199697681151651,0.0,2.199697681151651
10.0,20.0,6.0,44813.21279296562,44813.408854703026,0.0004375087729414076,0.5953815401228901,0.6178638135164627,6.86245897423598e-16,2.0697547851179348e-17,6.655483495724187e-16
10.0,20.0,2.0,44813.21279296562,44821.769430423505,0.019094005817917915,0.5953815401228901,0.6329692863391705,0.0,0.0,0.0
10.0,20.0,0.0,44813.21279296562,45371.620706558526,1.2460787316738868,0.5953815401228901,0.7539049898241881,2.1996976811518354,0.0,2.1996976811518354
12.0,15.0,6.0,44730.72712701974,44731.19690045164,0.0010502253419024524,0.5702641297906836,0.5655937931052438,1.4531265123942779e-15,1.6420473777562276e-15,-1.8892086536194966e-16
12.0,15.0,2.0,44730.72712701974,44738.47797579145,0.017327795163497986,0.5702641297906836,0.6023549044030165,0.0,1.987456503186088e-13,-1.987456503186088e-13
12.0,15.0,0.0,44730.72712701974,45246.29819381779,1.1526105205802044,0.5702641297906836,0.7207855849699477,2.4836237101526066,6.296766804033712e-13,2.483623710151977
12.0,16.0,6.0,44730.72712701974,44731.19690045164,0.0010502253419024524,0.5702641297906836,0.5655937931052438,1.4531265123942779e-15,1.6420473777562276e-15,-1.8892086536194966e-16
12.0,16.0,2.0,44730.72712701974,44739.30922883854,0.019186144223476774,0.5702641297906836,0.5980032071614717,0.0,2.384690888293837e-13,-2.384690888293837e-13
12.0,16.0,0.0,44730.72712701974,45313.789864145874,1.3034948782979547,0.5702641297906836,0.7735870076058631,1.9275038359361192,5.423491769363679e-13,1.9275038359355767
12.0,17.0,6.0,44730.72712701974,44731.19690045164,0.0010502253419024524,0.5702641297906836,0.5655937931052438,1.4531265123942779e-15,1.6420473777562276e-15,-1.8892086536194966e-16
12.0,17.0,2.0,44730.72712701974,44739.30922883854,0.019186144223476774,0.5702641297906836,0.5980032071614717,0.0,2.384690888293837e-13,-2.384690888293837e-13
12.0,17.0,0.0,44730.72712701974,45243.13815980311,1.145545949495299,0.5702641297906836,0.716590128120688,1.9275038359363026,2.832577729110249e-13,1.9275038359360193
12.0,18.0,6.0,44730.72712701974,44731.19690045164,0.0010502253419024524,0.5702641297906836,0.5655937931052438,1.4531265123942779e-15,1.6420473777562276e-15,-1.8892086536194966e-16
12.0,18.0,2.0,44730.72712701974,44739.30922883854,0.019186144223476774,0.5702641297906836,0.5980032071614717,0.0,2.384690888293837e-13,-2.384690888293837e-13
12.0,18.0,0.0,44730.72712701974,45243.13815980311,1.145545949495299,0.5702641297906836,0.716590128120688,1.9275038359365224,7.412129911975411e-13,1.9275038359357812
12.0,19.0,6.0,44730.72712701974,44731.19690045164,0.0010502253419024524,0.5702641297906836,0.5655937931052438,1.4531265123942779e-15,1.6420473777562276e-15,-1.8892086536194966e-16
12.0,19.0,2.0,44730.72712701974,44739.30922883854,0.019186144223476774,0.5702641297906836,0.5980032071614717,0.0,2.384690888293837e-13,-2.384690888293837e-13
12.0,19.0,0.0,44730.72712701974,45243.13815980311,1.145545949495299,0.5702641297906836,0.716590128120688,1.9275038359360204,5.115123633819881e-13,1.9275038359355088
12.0,20.0,6.0,44730.72712701974,44731.19690045164,0.0010502253419024524,0.5702641297906836,0.5655937931052438,1.4531265123942779e-15,1.6420473777562276e-15,-1.8892086536194966e-16
12.0,20.0,2.0,44730.72712701974,44739.30922883854,0.019186144223476774,0.5702641297906836,0.5980032071614717,0.0,2.384690888293837e-13,-2.384690888293837e-13
12.0,20.0,0.0,44730.72712701974,45243.13815980311,1.145545949495299,0.5702641297906836,0.716590128120688,1.9275038359366587,5.115123633819881e-13,1.9275038359361472
14.0,15.0,6.0,44649.249363037285,44649.12177001927,-0.00028576744252800543,0.5491450827787713,0.5371242612602649,4.264405372401904e-16,1.8924398990248145e-15,-1.4659993617846241e-15
14.0,15.0,2.0,44649.249363037285,44656.9474263598,0.01724119314957704,0.5491450827787713,0.5824938817823285,2.2002343686386317e-14,1.0733576127252672e-12,-1.0513552690388809e-12
14.0,15.0,0.0,44649.249363037285,45126.04952761312,1.067879463547155,0.5491450827787713,0.5916033374791684,1.9895380736718493,9.17879678634476e-13,1.9895380736709314
14.0,16.0,6.0,44649.249363037285,44649.12177001927,-0.00028576744252800543,0.5491450827787713,0.5371242612602649,4.264405372401904e-16,1.8924398990248145e-15,-1.4659993617846241e-15
14.0,16.0,2.0,44649.249363037285,44657.00779534961,0.0173764003270022,0.5491450827787713,0.5773443195029001,2.2002343686386317e-14,0.0,2.2002343686386317e-14
14.0,16.0,0.0,44649.249363037285,45059.71323543151,0.9193074424539536,0.5491450827787713,0.6363520240434816,1.3455740160061622,0.0,1.3455740160061622
14.0,17.0,6.0,44649.249363037285,44649.12177001927,-0.00028576744252800543,0.5491450827787713,0.5371242612602649,4.264405372401904e-16,1.8924398990248145e-15,-1.4659993617846241e-15
14.0,17.0,2.0,44649.249363037285,44657.00779534961,0.0173764003270022,0.5491450827787713,0.5773443195029001,2.2002343686386317e-14,0.0,2.2002343686386317e-14
14.0,17.0,0.0,44649.249363037285,45076.47923553389,0.9568579059926657,0.5491450827787713,0.7052201122377235,1.3455740160061977,0.0,1.3455740160061977
14.0,18.0,6.0,44649.249363037285,44649.12177001927,-0.00028576744252800543,0.5491450827787713,0.5371242612602649,4.264405372401904e-16,1.8924398990248145e-15,-1.4659993617846241e-15
14.0,18.0,2.0,44649.249363037285,44657.00779534961,0.0173764003270022,0.5491450827787713,0.5773443195029001,2.2002343686386317e-14,0.0,2.2002343686386317e-14
14.0,18.0,0.0,44649.249363037285,45174.05941428049,1.1754062133856804,0.5491450827787713,0.7344985988738968,1.3455740160061898,0.0,1.3455740160061898
14.0,19.0,6.0,44649.249363037285,44649.12177001927,-0.00028576744252800543,0.5491450827787713,0.5371242612602649,4.264405372401904e-16,1.8924398990248145e-15,-1.4659993617846241e-15
14.0,19.0,2.0,44649.249363037285,44657.00779534961,0.0173764003270022,0.5491450827787713,0.5773443195029001,2.2002343686386317e-14,0.0,2.2002343686386317e-14
14.0,19.0,0.0,44649.249363037285,45174.05941428049,1.1754062133856804,0.5491450827787713,0.7344985988738968,1.3455740160059604,0.0,1.3455740160059604
14.0,20.0,6.0,44649.249363037285,44649.12177001927,-0.00028576744252800543,0.5491450827787713,0.5371242612602649,4.264405372401904e-16,1.8924398990248145e-15,-1.4659993617846241e-15
14.0,20.0,2.0,44649.249363037285,44657.00779534961,0.0173764003270022,0.5491450827787713,0.5773443195029001,2.2002343686386317e-14,0.0,2.2002343686386317e-14
14.0,20.0,0.0,44649.249363037285,45174.05941428049,1.1754062133856804,0.5491450827787713,0.7344985988738968,1.3455740160065173,0.0,1.3455740160065173
16.0,15.0,6.0,44567.71612329954,44567.81140128734,0.00021378252261191903,0.5168740566551948,0.513668941404303,4.989187377867971e-16,2.399580812100389e-16,2.5896065657675827e-16
16.0,15.0,2.0,44567.71612329954,44574.38324957799,0.014959542149313039,0.5168740566551948,0.5382705111458869,0.0,0.0,0.0
16.0,15.0,0.0,44567.71612329954,45111.21635153408,1.2194931118545724,0.5168740566551948,0.6123651467633325,1.9700569691656864,0.0,1.9700569691656864
16.0,16.0,6.0,44567.71612329954,44567.81140128734,0.00021378252261191903,0.5168740566551948,0.513668941404303,4.989187377867971e-16,2.399580812100389e-16,2.5896065657675827e-16
16.0,16.0,2.0,44567.71612329954,44574.59731082015,0.015439847762382759,0.5168740566551948,0.5495892455325416,0.0,0.0,0.0
16.0,16.0,0.0,44567.71612329954,45102.23765625579,1.1993469251990827,0.5168740566551948,0.6761943061916655,1.4707423624805662,0.0,1.4707423624805662
16.0,17.0,6.0,44567.71612329954,44567.81140128734,0.00021378252261191903,0.5168740566551948,0.513668941404303,4.989187377867971e-16,2.399580812100389e-16,2.5896065657675827e-16
16.0,17.0,2.0,44567.71612329954,44574.59731082015,0.015439847762382759,0.5168740566551948,0.5495892455325416,0.0,0.0,0.0
16.0,17.0,0.0,44567.71612329954,45067.862179543125,1.122216033821197,0.5168740566551948,0.5957695552683747,1.4707423624807114,0.0,1.4707423624807114
16.0,18.0,6.0,44567.71612329954,44567.81140128734,0.00021378252261191903,0.5168740566551948,0.513668941404303,4.989187377867971e-16,2.399580812100389e-16,2.5896065657675827e-16
16.0,18.0,2.0,44567.71612329954,44574.59731082015,0.015439847762382759,0.5168740566551948,0.5495892455325416,0.0,0.0,0.0
16.0,18.0,0.0,44567.71612329954,45067.862179543125,1.122216033821197,0.5168740566551948,0.5957695552683747,1.4707423624801532,2.785291326703048e-17,1.4707423624801532
16.0,19.0,6.0,44567.71612329954,44567.81140128734,0.00021378252261191903,0.5168740566551948,0.513668941404303,4.989187377867971e-16,2.399580812100389e-16,2.5896065657675827e-16
16.0,19.0,2.0,44567.71612329954,44574.59731082015,0.015439847762382759,0.5168740566551948,0.5495892455325416,0.0,0.0,0.0
16.0,19.0,0.0,44567.71612329954,45067.862179543125,1.122216033821197,0.5168740566551948,0.5957695552683747,1.4707423624803377,0.0,1.4707423624803377
16.0,20.0,6.0,44567.71612329954,44567.81140128734,0.00021378252261191903,0.5168740566551948,0.513668941404303,4.989187377867971e-16,2.399580812100389e-16,2.5896065657675827e-16
16.0,20.0,2.0,44567.71612329954,44574.59731082015,0.015439847762382759,0.5168740566551948,0.5495892455325416,0.0,0.0,0.0
16.0,20.0,0.0,44567.71612329954,45067.862179543125,1.122216033821197,0.5168740566551948,0.5957695552683747,1.4707423624801297,4.331118727507273e-16,1.4707423624801292
18.0,15.0,6.0,44486.9450306871,44486.9450306871,0.0,0.5100285024514473,0.5100285024514473,1.148582605707462e-15,1.148582605707462e-15,0.0
18.0,15.0,2.0,44486.9450306871,44493.03580906264,0.013691158993582973,0.5100285024514473,0.5299521077446808,8.221370233201156e-13,1.5728159515523261e-16,8.219797417249603e-13
18.0,15.0,0.0,44486.9450306871,44997.4807444808,1.1476079408049598,0.5100285024514473,0.6011951953561662,1.541099629875459,0.0,1.541099629875459
18.0,16.0,6.0,44486.9450306871,44486.9450306871,0.0,0.5100285024514473,0.5100285024514473,1.148582605707462e-15,1.148582605707462e-15,0.0
18.0,16.0,2.0,44486.9450306871,44492.73745481169,0.013020503252352312,0.5100285024514473,0.5190595797494979,8.221370233201156e-13,0.0,8.221370233201156e-13
18.0,16.0,0.0,44486.9450306871,44870.38443539971,0.8619144435476858,0.5100285024514473,0.5265040610826713,1.3704375027535092,0.0,1.3704375027535092
18.0,17.0,6.0,44486.9450306871,44486.9450306871,0.0,0.5100285024514473,0.5100285024514473,1.148582605707462e-15,1.148582605707462e-15,0.0
18.0,17.0,2.0,44486.9450306871,44492.73745481169,0.013020503252352312,0.5100285024514473,0.5190595797494979,8.221370233201156e-13,0.0,8.221370233201156e-13
18.0,17.0,0.0,44486.9450306871,44952.05527811294,1.0454982851823242,0.5100285024514473,0.6316360442748769,1.3704375027535047,0.0,1.3704375027535047
18.0,18.0,6.0,44486.9450306871,44486.9450306871,0.0,0.5100285024514473,0.5100285024514473,1.148582605707462e-15,1.148582605707462e-15,0.0
18.0,18.0,2.0,44486.9450306871,44492.73745481169,0.013020503252352312,0.5100285024514473,0.5190595797494979,8.221370233201156e-13,0.0,8.221370233201156e-13
18.0,18.0,0.0,44486.9450306871,44952.05527811294,1.0454982851823242,0.5100285024514473,0.6316360442748769,1.3704375027536946,0.0,1.3704375027536946
18.0,19.0,6.0,44486.9450306871,44486.9450306871,0.0,0.5100285024514473,0.5100285024514473,1.148582605707462e-15,1.148582605707462e-15,0.0
18.0,19.0,2.0,44486.9450306871,44492.73745481169,0.013020503252352312,0.5100285024514473,0.5190595797494979,8.221370233201156e-13,0.0,8.221370233201156e-13
18.0,19.0,0.0,44486.9450306871,44952.05527811294,1.0454982851823242,0.5100285024514473,0.6316360442748769,1.3704375027537392,0.0,1.3704375027537392
18.0,20.0,6.0,44486.9450306871,44486.9450306871,0.0,0.5100285024514473,0.5100285024514473,1.148582605707462e-15,1.148582605707462e-15,0.0
18.0,20.0,2.0,44486.9450306871,44492.73745481169,0.013020503252352312,0.5100285024514473,0.5190595797494979,8.221370233201156e-13,0.0,8.221370233201156e-13
18.0,20.0,0.0,44486.9450306871,44952.05527811294,1.0454982851823242,0.5100285024514473,0.6316360442748769,1.3704375027537392,0.0,1.3704375027537392
20.0,15.0,6.0,44407.00018601001,44407.00018601001,0.0,0.4998046086162649,0.4998046086162649,0.0,0.0,0.0
20.0,15.0,2.0,44407.00018601001,44411.97114255512,0.011194083194744107,0.4998046086162649,0.52069488735026,0.0,1.4216638061602188e-12,-1.4216638061602188e-12
20.0,15.0,0.0,44407.00018601001,44867.452050462125,1.036890270730732,0.4998046086162649,0.5598768749764316,1.3700949117045966,0.0,1.3700949117045966
20.0,16.0,6.0,44407.00018601001,44407.00018601001,0.0,0.4998046086162649,0.4998046086162649,0.0,0.0,0.0
20.0,16.0,2.0,44407.00018601001,44411.802748424525,0.010814876921203755,0.4998046086162649,0.5180859812233488,0.0,0.0,0.0
20.0,16.0,0.0,44407.00018601001,44850.863367155216,0.9995342610083391,0.4998046086162649,0.563125652684304,1.3700949117049768,9.260297904958476e-13,1.3700949117040508
20.0,17.0,6.0,44407.00018601001,44407.00018601001,0.0,0.4998046086162649,0.4998046086162649,0.0,0.0,0.0
20.0,17.0,2.0,44407.00018601001,44411.802748424525,0.010814876921203755,0.4998046086162649,0.5180859812233488,0.0,0.0,0.0
20.0,17.0,0.0,44407.00018601001,44894.37838273126,1.097525603350241,0.4998046086162649,0.6245873119679237,1.3700949117052699,0.0,1.3700949117052699
20.0,18.0,6.0,44407.00018601001,44407.00018601001,0.0,0.4998046086162649,0.4998046086162649,0.0,0.0,0.0
20.0,18.0,2.0,44407.00018601001,44411.802748424525,0.010814876921203755,0.4998046086162649,0.5180859812233488,0.0,0.0,0.0
20.0,18.0,0.0,44407.00018601001,44894.37838273126,1.097525603350241,0.4998046086162649,0.6245873119679237,1.3700949117047625,0.0,1.3700949117047625
20.0,19.0,6.0,44407.00018601001,44407.00018601001,0.0,0.4998046086162649,0.4998046086162649,0.0,0.0,0.0
20.0,19.0,2.0,44407.00018601001,44411.802748424525,0.010814876921203755,0.4998046086162649,0.5180859812233488,0.0,0.0,0.0
20.0,19.0,0.0,44407.00018601001,44894.37838273126,1.097525603350241,0.4998046086162649,0.6245873119679237,1.3700949117046366,0.0,1.3700949117046366
20.0,20.0,6.0,44407.00018601001,44407.00018601001,0.0,0.4998046086162649,0.4998046086162649,0.0,0.0,0.0
20.0,20.0,2.0,44407.00018601001,44411.802748424525,0.010814876921203755,0.4998046086162649,0.5180859812233488,0.0,0.0,0.0
20.0,20.0,0.0,44407.00018601001,44894.37838273126,1.097525603350241,0.4998046086162649,0.6245873119679237,1.3700949117046366,0.0,1.3700949117046366
