method_id,search_nfe,runs,median_best_cost,q25_best_cost,q75_best_cost
UniformRandom,12000,12,45194.06218121032,44771.03632976333,46405.428729305175
UniformRandom,12600,13,45134.65576458962,44735.66528303358,46366.14472500267
UniformRandom,13200,14,45100.80586173146,44777.779866066994,46303.44690738375
UniformRandom,13800,17,45000.39868850558,44715.94608982131,46304.11758598439
UniformRandom,14400,19,46048.309755795104,44640.382367124665,46234.26293624743
UniformRandom,15000,23,45985.037075499,44628.1463732841,46605.28323777983
UniformRandom,15600,25,45939.07859673799,44631.14092155575,46449.16116122031
UniformRandom,16200,26,45885.42339296593,44604.40914428959,46415.08395209155
UniformRandom,16800,27,45881.10078472608,44608.85244699492,46329.823273513495
UniformRandom,17400,27,45822.708046194966,44450.719490687545,46307.519896558995
UniformRandom,18000,27,45707.75371914743,44427.98970707173,46262.298166663306
UniformRandom,18600,28,45604.07118124189,44301.47400823358,46221.0504661287
UniformRandom,19200,28,45497.98007114737,44281.119683633944,46119.683378922295
UniformRandom,19800,29,45472.40776646327,44272.54436419311,46034.12132064061
UniformRandom,20400,29,45400.87592806088,44272.54436419311,46007.58089519289
UniformRandom,21000,29,45400.87592806088,44158.1931891788,45891.825324339385
UniformRandom,21600,29,45250.30145719461,44110.47268184972,45848.88308796349
UniformRandom,22200,30,45216.75640735475,44065.995205386986,45650.648641778454
UniformRandom,22800,30,45129.7830058665,44062.39946940313,45650.648641778454
UniformRandom,23400,30,45032.97056802356,44014.945150980035,45622.88337416476
UniformRandom,24000,30,45001.22778502124,43960.690323160525,45604.88911579568
UniformRandom,24600,30,44979.545506804636,43908.95841846672,45598.54799045437
UniformRandom,25200,30,44886.16913447402,43832.462421170145,45388.04066488595
UniformRandom,25800,30,44848.47246322701,43823.79898493641,45366.64180303152
UniformRandom,26400,30,44811.6799697931,43815.81757633564,45366.64180303152
UniformRandom,27000,30,44770.98660913578,43789.12593209806,45324.733228900346
UniformRandom,27600,30,44694.9838675949,43746.00594633753,45315.35964757287
UniformRandom,28200,30,44656.137770766,43698.536442362754,45314.974648442796
UniformRandom,28800,30,44584.91570415348,43693.06621273969,45284.4868675922
UniformRandom,29400,30,44529.32587144289,43653.02233273952,45212.485646646004
UniformRandom,30000,30,44505.31772025579,43618.334710960684,45108.23051204654
UniformRandom,30600,30,44466.61216306174,43525.35727617888,45021.52351911747
UniformRandom,31200,30,44443.92693325403,43489.39681142159,44979.77326391861
UniformRandom,31800,30,44381.01724088199,43486.704996435845,44882.5077984585
UniformRandom,32400,30,44322.576018974694,43460.32536696443,44817.05725168269
UniformRandom,33000,30,44301.41541828841,43426.08436079842,44747.53291649618
UniformRandom,33600,30,44234.04233112164,43423.47928253728,44731.52621256673
UniformRandom,34200,30,44209.48902198997,43420.35430596545,44702.62839754918
UniformRandom,34800,30,44140.806714740014,43410.12603865416,44626.47773844269
UniformRandom,35400,30,44133.52805827063,43406.53376594662,44563.261077534175
UniformRandom,36000,30,44109.94620412862,43399.872788548004,44563.261077534175
UniformRandom,36600,30,44083.812229318646,43397.21946405107,44550.242284192296
UniformRandom,37200,30,44035.47503755147,43379.129956502926,44518.804101589776
UniformRandom,37800,30,44012.577062238066,43345.7169214245,44513.347975519166
UniformRandom,38400,30,43992.62741279926,43338.26371555029,44513.347975519166
UniformRandom,39000,30,43926.75642568553,43314.53507261492,44487.65608833856
UniformRandom,39600,30,43874.831023060135,43314.083333690985,44463.98442094035
UniformRandom,40200,30,43812.982063501,43293.58198687439,44439.513550772
UniformRandom,40800,30,43766.16432233239,43255.01100240585,44410.44768350869
UniformRandom,41400,30,43759.75351957995,43243.16928203112,44355.9107541201
UniformRandom,42000,30,43744.297527752424,43230.415929900984,44256.746551836026
UniformRandom,42600,30,43705.110772781496,43227.70010827371,44203.433807580295
UniformRandom,43200,30,43679.430599960484,43209.78354695528,44196.68809566747
UniformRandom,43800,30,43644.21561506664,43185.18160773904,44170.87862433995
UniformRandom,44400,30,43637.98043646247,43178.60769245908,44085.88588145052
UniformRandom,45000,30,43633.13147884442,43167.07905511472,44019.32082743716
UniformRandom,45600,30,43604.577811487616,43146.91764377048,43980.778432014406
UniformRandom,46200,30,43588.900140298,43123.51003670176,43980.778432014406
UniformRandom,46800,30,43552.064658225594,43120.894784993,43980.01277320899
UniformRandom,47400,30,43546.500396519565,43115.2271055704,43973.11675486005
UniformRandom,48000,30,43481.78729430134,43108.45746597516,43960.164953476225
UniformRandom,48600,30,43481.78729430134,43099.858642446285,43957.000605643945
UniformRandom,49200,30,43478.13621240355,43090.054450676165,43917.728674404105
UniformRandom,49800,30,43478.13621240355,43083.46111204922,43908.850578547834
UniformRandom,50400,30,43435.917001447626,43077.43006789453,43870.86756963651
UniformRandom,51000,30,43429.62842483112,43073.96673370451,43856.48838482266
UniformRandom,51600,30,43424.69897815329,43069.36898201713,43805.32513563438
UniformRandom,52200,30,43415.41949332632,43063.52961419537,43769.12213315607
UniformRandom,52800,30,43402.29801059334,43058.369637425676,43718.782119342024
UniformRandom,53400,30,43390.62228482211,43048.50180502712,43704.14991042542
UniformRandom,54000,30,43372.39446963591,43036.59193015307,43703.9367402139
UniformRandom,54600,30,43334.55230018721,43022.69437001659,43702.72205066311
UniformRandom,55200,30,43328.40959015482,43018.40089375342,43696.47504234457
UniformRandom,55800,30,43263.22026526493,43015.89699863244,43686.08925887879
UniformRandom,56400,30,43263.22026526493,43006.047632591406,43684.53761948542
UniformRandom,57000,30,43263.13513486684,42992.91291426333,43679.33467044782
UniformRandom,57600,30,43258.65562261113,42974.84970430336,43666.445648816014
UniformRandom,58200,30,43256.66268697509,42968.727666185165,43650.030408262275
UniformRandom,58800,30,43254.03642295473,42960.164439223765,43623.688117251826
UniformRandom,59400,30,43242.206492544254,42959.767158685936,43597.64346579714
UniformRandom,60000,30,43215.39114093786,42955.83379390739,43547.4216809573
UniformRandom,60600,30,43208.3073353104,42949.97591568841,43538.58071670723
UniformRandom,61200,30,43200.789130805024,42942.64918203562,43538.13347475592
UniformRandom,61800,30,43172.859737311344,42934.91218064384,43536.369353916976
UniformRandom,62400,30,43162.07266165033,42923.917399011974,43531.0887939211
UniformRandom,63000,30,43151.2535320368,42913.46504605452,43529.80501942984
UniformRandom,63600,30,43148.88547987523,42906.27332412789,43525.085370950146
UniformRandom,64200,30,43136.37797590326,42904.12081872815,43522.88906329677
UniformRandom,64800,30,43134.81754247746,42886.74647191806,43520.83998144927
UniformRandom,65400,30,43128.35187544493,42879.53921728591,43510.579842694424
UniformRandom,66000,30,43124.95807789515,42875.593685141066,43510.061426838074
UniformRandom,66600,30,43123.90292465837,42870.16295805352,43507.869631459704
UniformRandom,67200,30,43122.604025274384,42864.16852295323,43491.84051550782
UniformRandom,67800,30,43120.627565067276,42860.724254202665,43489.42534432837
UniformRandom,68400,30,43112.597210180145,42855.70344826021,43473.362337074985
UniformRandom,69000,30,43099.68173457986,42848.697165198355,43470.46933510083
UniformRandom,69600,30,43095.43175590134,42842.5684793658,43461.79414198398
UniformRandom,70200,30,43092.51296986659,42838.75803512224,43430.08726336785
UniformRandom,70800,30,43083.68447688846,42835.40141439605,43412.27140626402
UniformRandom,71400,30,43051.828446748084,42827.620745272085,43408.98407307328
UniformRandom,72000,30,43037.297563964734,42826.68439865521,43388.70965278149
UniformRandom,72600,30,43023.934977550394,42822.141419295935,43388.70965278149
UniformRandom,73200,30,43012.55173003371,42817.7900624263,43383.58811215546
UniformRandom,73800,30,42987.661611845,42809.49209524442,43376.33141052932
UniformRandom,74400,30,42975.2872031048,42802.0084593947,43359.94944959518
UniformRandom,75000,30,42968.89484975539,42793.03329014463,43354.984200162595
UniformRandom,75600,30,42968.89484975539,42786.64558845035,43354.984200162595
UniformRandom,76200,30,42967.28056854385,42771.80606608604,43346.9886683853
UniformRandom,76800,30,42966.28190391562,42770.53311280555,43345.46236784062
UniformRandom,77400,30,42961.98954314242,42759.30290530404,43343.88529440056
UniformRandom,78000,30,42956.50258922778,42751.17123142049,43332.00058470939
UniformRandom,78600,30,42950.62673767269,42746.69697821076,43323.28848638644
UniformRandom,79200,30,42944.05655958738,42740.731207647266,43303.50642132987
UniformRandom,79800,30,42940.632496622246,42740.731207647266,43278.26302532882
UniformRandom,80400,30,42929.387979157356,42737.48168902511,43259.49240109864
UniformRandom,81000,30,42926.0256547346,42737.48168902511,43248.33227727937
UniformRandom,81600,30,42924.09234969161,42734.213104918155,43235.73997746181
UniformRandom,82200,30,42916.78368775445,42729.185193353886,43230.21008904945
UniformRandom,82800,30,42913.00872641849,42720.540824121264,43222.41817302798
UniformRandom,83400,30,42910.858452568726,42707.846141830974,43217.314016569
UniformRandom,84000,30,42901.14177555656,42704.71138528105,43215.053795099666
UniformRandom,84600,30,42899.201941059655,42696.905283116444,43204.526282768
UniformRandom,85200,30,42895.25733848154,42689.586140793595,43187.548756863886
UniformRandom,85800,30,42892.06075224042,42680.50227649167,43181.65369875484
UniformRandom,86400,30,42866.82445042963,42677.261497195796,43172.6455548505
UniformRandom,87000,30,42860.97567737798,42668.197372601615,43160.271409092806
UniformRandom,87600,30,42853.43327142868,42657.62173486393,43144.5728273122
UniformRandom,88200,30,42849.52040159158,42647.78901612814,43134.77612611717
UniformRandom,88800,30,42832.03432320132,42643.293224041285,43129.19009831352
UniformRandom,89400,30,42826.03570168509,42638.03187675751,43128.11137800273
UniformRandom,90000,30,42820.00996061116,42634.5769704297,43127.52158243835
UniformRandom,90600,30,42812.28455772535,42631.82470536344,43125.264227152125
UniformRandom,91200,30,42809.56409374841,42629.87471240387,43124.01687215715
UniformRandom,91800,30,42801.221503429566,42627.21502882033,43116.92821247451
UniformRandom,92400,30,42765.21220297262,42622.124843310405,43084.974475812385
UniformRandom,93000,30,42765.21220297262,42619.227934758506,43077.1088843142
UniformRandom,93600,30,42743.61834540102,42615.129105503685,43046.56097488034
UniformRandom,94200,30,42743.31752274068,42610.18252860451,43026.78337316371
UniformRandom,94800,30,42741.266974159815,42606.91377830937,43002.173882440744
UniformRandom,95400,30,42738.25695361226,42605.303587746166,42993.372477981495
UniformRandom,96000,30,42730.78650300953,42603.81104156475,42983.924184628064
UniformRandom,96600,30,42727.5149727082,42603.0382496576,42983.924184628064
UniformRandom,97200,30,42719.641815734496,42601.071864086785,42980.817052751256
UniformRandom,97800,30,42718.99345769389,42599.56256525715,42968.966346239424
UniformRandom,98400,30,42714.544696052806,42596.551608855225,42968.966346239424
UniformRandom,99000,30,42707.62620810238,42593.527550332656,42961.915899983025
UniformRandom,99600,30,42701.09047693113,42587.26614081958,42953.40808181588
UniformRandom,100200,30,42695.41073699533,42581.56130816866,42934.97392470083
UniformRandom,100800,30,42691.04858674379,42579.33694843717,42915.34969122432
UniformRandom,101400,30,42678.38787286889,42572.916612941866,42910.69601089856
UniformRandom,102000,30,42674.06067697844,42572.168364019155,42899.82080283934
UniformRandom,102600,30,42665.291776034996,42567.572087536006,42892.46393328652
UniformRandom,103200,30,42656.14625910682,42564.94582500809,42873.06963512038
UniformRandom,103800,30,42650.51770336621,42557.90166641774,42853.30728314331
UniformRandom,104400,30,42643.1016258569,42554.6614546801,42852.315025114134
UniformRandom,105000,30,42635.360938590886,42552.568724995625,42851.721750737684
UniformRandom,105600,30,42628.25011221822,42550.92403032731,42850.46878308553
UniformRandom,106200,30,42622.05988622038,42549.466821478,42842.76523484638
UniformRandom,106800,30,42612.20387613799,42547.894361635845,42838.98227472689
UniformRandom,107400,30,42606.70981820513,42545.752344950975,42829.14692553887
UniformRandom,108000,30,42604.55248772859,42544.92358895943,42816.67308284994
UniformRandom,108600,30,42599.89649291131,42543.2230151526,42815.026991820036
UniformRandom,109200,30,42599.001492379386,42540.614652207936,42802.52151319968
UniformRandom,109800,30,42597.64524184143,42537.75312042984,42801.32476316046
UniformRandom,110400,30,42595.517255362516,42537.52518626586,42796.82080644092
UniformRandom,111000,30,42593.53122599392,42535.89574117082,42792.35051666331
UniformRandom,111600,30,42589.05719327005,42532.478171532304,42790.716284356145
UniformRandom,112200,30,42579.10884757373,42525.966493968546,42781.99205503089
UniformRandom,112800,30,42572.54288886099,42522.557762490476,42775.06496291149
UniformRandom,113400,30,42567.75838322585,42519.646713967755,42768.0199496413
UniformRandom,114000,30,42564.09576687237,42518.98056537255,42756.391201950326
UniformRandom,114600,30,42561.01781005184,42515.022939356015,42754.820949888745
UniformRandom,115200,30,42559.26317109187,42512.351226069586,42752.53926540994
UniformRandom,115800,30,42557.02961041356,42510.76062779868,42746.48596055515
UniformRandom,116400,30,42554.64794961267,42507.99380456139,42742.926538365595
UniformRandom,117000,30,42549.89625759983,42506.383048785065,42736.47657013494
UniformRandom,117600,30,42548.669211014276,42504.45916394422,42735.65523012609
UniformRandom,118200,30,42545.000279462634,42502.347036396866,42734.19713073152
UniformRandom,118800,30,42541.893160796826,42498.84179156431,42731.409511425976
UniformRandom,119400,30,42539.81078891957,42498.145575343835,42727.449190852494
UniformRandom,120000,30,42539.16214513688,42497.85433504141,42719.70874627051
UniformRandom,120600,30,42537.72070735654,42496.543337968134,42718.17621917084
UniformRandom,121200,30,42536.93951333115,42493.930166178616,42711.538571735364
UniformRandom,121800,30,42533.83326603539,42493.286416865274,42708.71762588705
UniformRandom,122400,30,42531.332202647165,42490.28548432995,42704.23158103368
UniformRandom,123000,30,42529.898585799674,42488.56437575699,42704.23158103368
UniformRandom,123600,30,42528.02912010713,42485.03882062991,42701.7987031863
UniformRandom,124200,30,42526.62944966598,42482.48489960262,42698.18684183788
UniformRandom,124800,30,42523.75896522118,42480.37115874885,42695.55425969254
UniformRandom,125400,30,42520.138873418415,42478.40430520594,42686.717184137975
UniformRandom,126000,30,42519.341091072536,42476.57205208656,42683.947663047584
UniformRandom,126600,30,42517.48326139664,42474.8663368758,42681.64245147082
UniformRandom,127200,30,42516.46668498397,42473.568606437184,42681.64245147082
UniformRandom,127800,30,42514.64746872337,42472.56658303439,42680.295380239615
UniformRandom,128400,30,42511.00988245095,42469.69762969987,42679.44297482527
UniformRandom,129000,30,42510.91527199195,42468.96659148793,42674.20602850038
UniformRandom,129600,30,42506.066736450804,42467.09539036386,42663.67061864864
UniformRandom,130200,30,42505.227275610974,42464.9560497339,42660.47597453992
UniformRandom,130800,30,42503.489927811584,42463.5107535382,42653.94910657874
UniformRandom,131400,30,42502.749807598404,42461.41346250485,42647.13762801965
UniformRandom,132000,30,42497.81310441758,42460.59803921677,42641.404219624375
UniformRandom,132600,30,42497.01736588939,42458.29246692353,42636.6186389613
UniformRandom,133200,30,42494.85373583343,42456.57846583375,42634.24236638837
UniformRandom,133800,30,42491.47970513637,42456.57846583375,42625.45720133517
UniformRandom,134400,30,42489.762988980976,42456.43246333966,42623.43766148145
UniformRandom,135000,30,42488.59721117154,42455.57013993971,42613.628986163276
UniformRandom,135600,30,42487.64834366015,42455.314023248255,42612.142026595684
UniformRandom,136200,30,42485.49077746869,42453.69214391384,42609.40982364483
UniformRandom,136800,30,42482.787424262555,42453.00403055969,42603.362701249134
UniformRandom,137400,30,42481.74057164495,42453.00403055969,42603.27405759168
UniformRandom,138000,30,42480.5220340761,42452.61588578894,42598.374603768505
UniformRandom,138600,30,42478.28546822017,42450.43376208106,42598.374603768505
UniformRandom,139200,30,42477.57994218104,42448.56363442959,42597.27367299993
UniformRandom,139800,30,42476.488182807414,42448.419241049,42596.01870929573
UniformRandom,140400,30,42475.60666680458,42445.62322300498,42590.60151050491
UniformRandom,141000,30,42474.38828855932,42445.357874263806,42590.185332417735
UniformRandom,141600,30,42473.10766088005,42444.92313128541,42587.99970227643
UniformRandom,142200,30,42472.48317415533,42443.140202493116,42577.99343552151
UniformRandom,142800,30,42471.30667464815,42442.26229187376,42577.99343552151
UniformRandom,143400,30,42470.248769260594,42440.76286271199,42577.721236802536
UniformRandom,144000,30,42469.04963946124,42440.51432573071,42568.945708949184
UniformRandom,144600,30,42467.63636203577,42439.605347371915,42567.13792902495
UniformRandom,145200,30,42465.071027233076,42439.020183683504,42567.13792902495
UniformRandom,145800,30,42463.93894633225,42438.05742481718,42562.08187110491
UniformRandom,146400,30,42462.49435484138,42436.61901387919,42562.08187110491
UniformRandom,147000,30,42462.285054993,42435.30375060142,42562.08187110491
UniformRandom,147600,30,42461.65012025296,42432.51124798684,42559.87566069313
UniformRandom,148200,30,42461.277712004216,42427.51352114363,42556.695552832694
UniformRandom,148800,30,42460.128376286695,42425.32494604994,42549.56625577373
UniformRandom,149400,30,42459.4551057067,42424.27090345636,42546.77559700328
UniformRandom,150000,30,42458.36120963905,42423.25735131555,42543.06370286105
UniformRandom,150600,30,42457.84026027964,42422.38862947541,42541.275273228835
UniformRandom,151200,30,42454.19963450587,42421.557306911986,42538.34086033692
UniformRandom,151800,30,42453.76605360961,42421.26522756305,42532.54177025497
UniformRandom,152400,30,42453.76605360961,42420.64616487345,42531.23316363154
UniformRandom,153000,30,42452.37967754452,42420.09127905324,42528.15997198146
UniformRandom,153600,30,42451.583001108476,42418.936578871886,42525.23713358449
UniformRandom,154200,30,42451.11640345725,42418.01639297042,42521.677678945394
UniformRandom,154800,30,42450.80028224209,42417.71286257999,42520.19627770122
UniformRandom,155400,30,42449.05221171772,42416.41580430124,42519.892116542025
UniformRandom,156000,30,42448.757382299096,42416.40374475711,42519.053347242385
UniformRandom,156600,30,42446.396020431144,42415.64527991101,42518.11939499844
UniformRandom,157200,30,42446.08211772436,42415.22482801437,42517.79674724799
UniformRandom,157800,30,42444.950051795226,42414.203106233865,42516.816436456436
UniformRandom,158400,30,42443.39904384897,42413.31630097533,42516.816436456436
UniformRandom,159000,30,42443.03554545886,42412.67442222927,42516.664030655855
UniformRandom,159600,30,42442.78791727526,42411.77983739656,42514.03441002133
UniformRandom,160200,30,42442.076216780784,42411.667180401855,42512.67955650539
UniformRandom,160800,30,42440.992530946576,42411.20569165396,42512.551314151584
UniformRandom,161400,30,42440.24137607812,42411.05293358289,42509.02321839168
UniformRandom,162000,30,42438.89674977138,42410.90923065484,42505.946748727234
UniformRandom,162600,30,42437.76405254509,42410.703519758514,42501.732158408966
UniformRandom,163200,30,42436.70674091763,42410.55161901972,42501.451790323656
UniformRandom,163800,30,42434.28140595677,42410.4107036771,42500.84523917835
UniformRandom,164400,30,42430.55349529089,42409.829061645534,42497.27107427466
UniformRandom,165000,30,42430.27958307792,42409.48189006142,42495.513828707815
UniformRandom,165600,30,42429.90608755206,42409.16596681784,42495.21146158562
UniformRandom,166200,30,42427.6009525031,42408.514141363325,42494.706604045605
UniformRandom,166800,30,42427.6009525031,42407.94196094321,42486.23221471905
UniformRandom,167400,30,42426.12770419296,42407.26754823202,42485.83743282766
UniformRandom,168000,30,42425.40604306905,42406.548150022936,42485.83743282766
UniformRandom,168600,30,42424.70150873679,42406.330638116626,42482.06355646279
UniformRandom,169200,30,42423.70534292942,42405.69022436601,42481.65605997527
UniformRandom,169800,30,42422.92525119287,42404.89125562096,42481.65605997527
UniformRandom,170400,30,42422.359204812645,42404.77456588637,42476.499082166105
UniformRandom,171000,30,42421.90920049145,42404.09793324523,42476.20968305315
UniformRandom,171600,30,42421.0181711205,42404.04042203079,42473.88801599952
UniformRandom,172200,30,42419.72689988089,42403.85205575811,42472.87785224304
UniformRandom,172800,30,42418.23424700359,42403.669939939704,42468.58948347565
UniformRandom,173400,30,42417.680009257485,42403.23051619058,42468.58948347565
UniformRandom,174000,30,42416.6894584422,42403.10671322587,42467.85866493537
UniformRandom,174600,30,42416.37359287118,42403.054723049296,42467.85866493537
UniformRandom,175200,30,42416.12831899665,42402.91781912875,42465.03105288061
UniformRandom,175800,30,42415.542632977485,42402.575243125,42464.48674621471
UniformRandom,176400,30,42414.910365880656,42402.10362577434,42463.33690356811
UniformRandom,177000,30,42414.910365880656,42401.37578674793,42462.178500716036
UniformRandom,177600,30,42414.62204620722,42400.899653068635,42458.316763487135
UniformRandom,178200,30,42414.34185823305,42400.3992836738,42456.11087351795
UniformRandom,178800,30,42414.03895340675,42399.569456213685,42455.76109059702
UniformRandom,179400,30,42413.41739572879,42399.54249878093,42454.45426831064
UniformRandom,180000,30,42413.104875391364,42399.26800168205,42453.545733821666
UniformRandom,180600,30,42412.65795695271,42399.26800168205,42452.667293803075
UniformRandom,181200,30,42412.07176896947,42399.0036171525,42452.078704423126
UniformRandom,181800,30,42411.900566125616,42398.72668833965,42451.71423136638
UniformRandom,182400,30,42411.51697556507,42398.36242951341,42451.162574444126
UniformRandom,183000,30,42411.02949137417,42398.08095190246,42450.21895067899
UniformRandom,183600,30,42410.87612257593,42397.77680139024,42449.947805885895
UniformRandom,184200,30,42410.11709229137,42397.083005230634,42449.644890445794
UniformRandom,184800,30,42409.513111239925,42397.03821159631,42449.43999024033
UniformRandom,185400,30,42409.2605901502,42396.71141927584,42448.94559093799
UniformRandom,186000,30,42409.00566344218,42396.265315031385,42448.722603255315
UniformRandom,186600,30,42408.5383470956,42395.738492175384,42448.533668666736
UniformRandom,187200,30,42408.06899368641,42395.507761021814,42448.533668666736
UniformRandom,187800,30,42407.60051239766,42395.13499862975,42447.872814493574
UniformRandom,188400,30,42406.84930869893,42394.82103858133,42447.872814493574
UniformRandom,189000,30,42406.82369447655,42394.52951195893,42447.615454711224
UniformRandom,189600,30,42406.24021039925,42394.40644661476,42447.615454711224
UniformRandom,190200,30,42405.79895122463,42394.13125951824,42446.18098608043
UniformRandom,190800,30,42405.231834364095,42393.976969388204,42445.717350439
UniformRandom,191400,30,42404.94482889719,42393.47674963576,42445.717350439
UniformRandom,192000,30,42404.37762715397,42392.89581698258,42444.19474258717
UniformRandom,192600,30,42404.18760262373,42392.76243397352,42443.74900736404
UniformRandom,193200,30,42403.834183284984,42392.693407214705,42443.74900736404
UniformRandom,193800,30,42403.435158360124,42392.58012400445,42442.704631890316
UniformRandom,194400,30,42402.78302282377,42392.33259354883,42442.704631890316
UniformRandom,195000,30,42402.30757897375,42392.11406730709,42442.09107160119
UniformRandom,195600,30,42402.02378888617,42392.046794789145,42440.73174063841
UniformRandom,196200,30,42401.72761152429,42391.85194744328,42440.24943974609
UniformRandom,196800,30,42401.36828641726,42391.7252030354,42438.74085458791
UniformRandom,197400,30,42400.76795005812,42391.52333773362,42437.165602444285
UniformRandom,198000,30,42400.379469836626,42391.23493668642,42436.3662661245
UniformRandom,198600,30,42400.207955340855,42391.193767963705,42435.66883839936
UniformRandom,199200,30,42399.943125298494,42389.91746934572,42434.30401323177
UniformRandom,199800,30,42399.41369820109,42389.8064071594,42432.63735849026
UniformRandom,200400,30,42398.764117211314,42389.78387475491,42431.42262003996
UniformRandom,201000,30,42398.19577026702,42389.78387475491,42430.221559206446
UniformRandom,201600,30,42397.56785938703,42389.7423879471,42429.06572596487
UniformRandom,202200,30,42397.3922474648,42389.65258020267,42428.821650257865
UniformRandom,202800,30,42397.338711529155,42389.21567384641,42428.644705330735
UniformRandom,203400,30,42396.89328920498,42389.149559383644,42428.367616872725
UniformRandom,204000,30,42396.365183212896,42389.01817001261,42428.244722413445
UniformRandom,204600,30,42395.83344812083,42388.626753045566,42427.89724826109
UniformRandom,205200,30,42395.42880481192,42388.18678830817,42427.12481626385
UniformRandom,205800,30,42395.211466841974,42387.866624690054,42427.08577980563
UniformRandom,206400,30,42394.92659690177,42387.54232418735,42426.47401304602
UniformRandom,207000,30,42394.61872755148,42387.39575614827,42426.47401304602
UniformRandom,207600,30,42394.59706662086,42387.233354143435,42426.47401304602
UniformRandom,208200,30,42394.46913568497,42385.96826833859,42426.47401304602
UniformRandom,208800,30,42394.39352217957,42385.86976046932,42425.750831863756
UniformRandom,209400,30,42394.248490873244,42385.63562748961,42422.90184591585
UniformRandom,210000,30,42393.6976420417,42385.19884868327,42421.43893333784
UniformRandom,210600,30,42393.62379358032,42385.04898083826,42420.82002243925
UniformRandom,211200,30,42393.58172984593,42384.78232193094,42420.1545473951
UniformRandom,211800,30,42393.49614791965,42384.716188901315,42420.14574537822
UniformRandom,212400,30,42393.48963776263,42384.67417839471,42418.67028341786
UniformRandom,213000,30,42393.24653146276,42384.58231938287,42418.03421042358
UniformRandom,213600,30,42393.24653146276,42384.50259671367,42417.573866513965
UniformRandom,214200,30,42393.1967316104,42384.290732161055,42417.35599886454
UniformRandom,214800,30,42392.574192197266,42384.285613165805,42416.47946277345
UniformRandom,215400,30,42392.51079856973,42384.19193062184,42416.36302653774
UniformRandom,216000,30,42392.38044391331,42384.14314398472,42416.36302653774
UniformRandom,216600,30,42392.19113943593,42384.070537606065,42416.00708071927
UniformRandom,217200,30,42391.8415584601,42384.02849164606,42415.90309634022
UniformRandom,217800,30,42391.409087768836,42383.87766851232,42415.31076669268
UniformRandom,218400,30,42391.23833084131,42383.712617452686,42414.713419409316
UniformRandom,219000,30,42391.16650580821,42383.68847992728,42414.29217294699
UniformRandom,219600,30,42391.06776540392,42383.48037340011,42413.9258358181
UniformRandom,220200,30,42390.94917922169,42383.240295625226,42413.20651586356
UniformRandom,220800,30,42390.85755552753,42382.60475123853,42412.97521436746
UniformRandom,221400,30,42390.69397085848,42382.21563581949,42412.45332192988
UniformRandom,222000,30,42390.57421279762,42382.14015819655,42411.597723170125
UniformRandom,222600,30,42390.29144858007,42381.878396202446,42410.42933096226
UniformRandom,223200,30,42390.015844558184,42381.835945782776,42409.78912245367
UniformRandom,223800,30,42389.90409687282,42381.7046386449,42409.69838605872
UniformRandom,224400,30,42389.74513361104,42381.679977659085,42409.03961556238
UniformRandom,225000,30,42389.32371306533,42381.56085317325,42407.82356654646
UniformRandom,225600,30,42389.31766871277,42381.50084608579,42406.93761449214
UniformRandom,226200,30,42388.87253080856,42381.38548400572,42406.84424272355
UniformRandom,226800,30,42388.68244942632,42381.23316800521,42406.430069938986
UniformRandom,227400,30,42388.24181939894,42380.83158686957,42405.76572410162
UniformRandom,228000,30,42388.11270735078,42380.83158686957,42405.58552707358
UniformRandom,228600,30,42387.74524577864,42380.61768891086,42405.1999795311
UniformRandom,229200,30,42387.35838868982,42380.57497810817,42404.691367696956
UniformRandom,229800,30,42387.280017146986,42380.29588855026,42404.60714915823
UniformRandom,230400,30,42387.1657334481,42380.238662320815,42404.345210602
UniformRandom,231000,30,42387.108575771184,42380.13293826993,42403.47356979546
UniformRandom,231600,30,42386.926978166506,42379.974687198745,42403.42794499213
UniformRandom,232200,30,42386.88323167745,42379.95777521242,42403.147308796404
UniformRandom,232800,30,42386.8647032678,42379.82597567105,42402.794377366896
UniformRandom,233400,30,42386.69562629397,42379.726133167445,42402.306816268894
UniformRandom,234000,30,42386.4464282322,42379.641854078945,42402.28202991676
UniformRandom,234600,30,42386.36812134482,42379.44800808113,42402.176655986936
UniformRandom,235200,30,42386.27920557201,42379.42528851087,42401.80485987096
UniformRandom,235800,30,42386.20409254149,42379.3194667443,42401.80048381585
UniformRandom,236400,30,42386.09871358999,42379.301152849584,42401.67692995192
UniformRandom,237000,30,42386.09871358999,42379.19359019627,42401.61473709092
UniformRandom,237600,30,42386.09871358999,42379.17445934645,42401.432900881366
UniformRandom,238200,30,42386.09871358999,42379.15068050633,42401.4129801055
UniformRandom,238800,30,42386.09871358999,42379.14019621679,42401.2751906091
UniformRandom,239400,30,42386.09871358999,42378.98238645408,42401.113107476776
UniformRandom,240000,30,42385.988039942444,42378.97135746198,42401.113107476776
UniformRandom,240600,30,42385.803332339754,42378.96730760004,42401.082715532015
UniformRandom,241200,30,42385.36067148828,42378.96529215838,42400.9257112239
UniformRandom,241800,30,42385.26983835199,42378.71052916203,42400.242945023405
UniformRandom,242400,30,42385.26983835199,42378.605361474845,42400.201344759094
UniformRandom,243000,30,42385.21282312681,42378.46898143321,42399.84326023558
UniformRandom,243600,30,42384.69614618712,42378.315923865026,42399.79857560321
UniformRandom,244200,30,42384.555596606864,42378.25491596227,42399.66103923284
UniformRandom,244800,30,42384.55380964455,42378.125557251275,42399.60837875458
UniformRandom,245400,30,42384.55380964455,42377.95999762711,42399.556029158965
UniformRandom,246000,30,42384.49362696109,42377.89118860172,42399.50742571429
UniformRandom,246600,30,42384.46521782262,42377.79209397038,42399.3848289702
UniformRandom,247200,30,42384.19193028519,42377.709345285824,42398.87347914946
UniformRandom,247800,30,42383.95752577414,42377.60270341141,42398.44615511858
UniformRandom,248400,30,42383.89930064586,42377.5548187798,42398.06986831916
UniformRandom,249000,30,42383.61956148538,42377.25893170185,42397.27231617744
UniformRandom,249600,30,42383.51229556654,42377.108730943495,42396.74373587089
UniformRandom,250200,30,42383.49606569198,42376.998579920895,42396.71785710097
UniformRandom,250800,30,42383.273463757665,42376.77793295573,42396.35133098784
UniformRandom,251400,30,42382.8919707295,42376.65208298817,42396.07239921649
UniformRandom,252000,30,42382.68874201116,42376.53422989807,42395.68553215588
UniformRandom,252600,30,42382.473195373226,42376.35570577251,42394.972096685786
UniformRandom,253200,30,42382.328939322884,42376.30503794958,42394.919527114915
UniformRandom,253800,30,42382.328939322884,42376.269306580354,42394.85957394782
UniformRandom,254400,30,42382.09402238227,42376.213536594034,42394.6246571561
UniformRandom,255000,30,42381.71108362353,42376.19081568101,42394.51324669668
UniformRandom,255600,30,42380.901972746506,42375.85601756796,42394.23804703646
UniformRandom,256200,30,42380.77200027986,42375.84960082469,42394.148370883384
UniformRandom,256800,30,42380.67482844167,42375.66542495753,42394.028599253485
UniformRandom,257400,30,42380.65309533425,42375.452741660556,42393.6051820632
UniformRandom,258000,30,42380.62302634175,42375.218262270486,42393.526558764715
UniformRandom,258600,30,42380.606280729706,42374.82388551516,42393.1751831163
UniformRandom,259200,30,42380.606280729706,42374.60757916523,42393.16041487463
UniformRandom,259800,30,42380.53610771436,42374.296948718875,42392.65469777916
UniformRandom,260400,30,42380.32875210779,42374.202760977816,42392.616090424344
UniformRandom,261000,30,42379.99522421566,42374.16755844932,42392.57385959145
UniformRandom,261600,30,42379.42957689763,42374.068622919614,42392.528408429236
UniformRandom,262200,30,42378.97939611907,42374.02762276339,42390.43612618807
UniformRandom,262800,30,42378.86205198185,42374.012776708194,42390.41314249903
UniformRandom,263400,30,42378.86205198185,42374.00238403895,42390.3189756145
UniformRandom,264000,30,42378.80371407922,42373.960019420796,42390.3010541371
UniformRandom,264600,30,42378.800341776034,42373.960019420796,42389.11898181863
UniformRandom,265200,30,42378.491417911515,42373.932769228726,42389.11293576035
UniformRandom,265800,30,42378.481387552776,42373.81246823614,42388.47341837967
UniformRandom,266400,30,42378.275530454295,42373.81246823614,42388.01921120501
UniformRandom,267000,30,42378.19962758527,42373.81246823614,42387.934713594295
UniformRandom,267600,30,42378.01423873372,42373.81246823614,42387.79842348411
UniformRandom,268200,30,42377.93049146098,42373.81246823614,42387.79842348411
UniformRandom,268800,30,42377.905031262744,42373.659239045555,42387.656819492215
UniformRandom,269400,30,42377.55477599266,42373.54563078955,42387.46942754124
UniformRandom,270000,30,42377.39750466922,42373.5350323177,42387.32601672267
UniformRandom,270600,30,42377.21825436871,42373.50942232245,42387.31898341698
UniformRandom,271200,30,42377.20341361605,42373.4664969545,42387.120902639595
UniformRandom,271800,30,42377.1740646939,42373.1751320334,42387.03059884134
UniformRandom,272400,30,42377.11416989851,42373.15081069123,42386.876716386265
UniformRandom,273000,30,42377.110951040944,42372.984752569755,42386.66760336941
UniformRandom,273600,30,42376.99821144073,42372.976901241855,42386.52215068673
UniformRandom,274200,30,42376.97049539698,42372.974868786805,42386.267904939006
UniformRandom,274800,30,42376.92204591708,42372.87350608486,42385.86062568536
UniformRandom,275400,30,42376.786898303144,42372.697479102644,42385.86062568536
UniformRandom,276000,30,42376.73075473289,42372.48930369533,42385.64842976093
UniformRandom,276600,30,42376.605295477275,42372.47431692685,42385.59186099357
UniformRandom,277200,30,42376.55146512114,42372.44948976022,42385.40179657073
UniformRandom,277800,30,42376.550404232956,42372.41779518539,42384.986178476065
UniformRandom,278400,30,42376.309198082876,42372.33858627595,42384.84164406943
UniformRandom,279000,30,42376.136079733624,42372.311135232594,42384.7043302255
UniformRandom,279600,30,42376.04668825481,42372.05196495952,42384.62487777313
UniformRandom,280200,30,42375.76587859294,42372.05196495952,42384.56945196944
UniformRandom,280800,30,42375.687942533936,42371.998881838204,42384.02917657918
UniformRandom,281400,30,42375.47786454733,42371.998881838204,42383.70673346342
UniformRandom,282000,30,42375.349464378734,42371.98879873543,42383.42977631405
UniformRandom,282600,30,42375.112002040114,42371.98700248835,42382.78179942422
UniformRandom,283200,30,42375.029942066845,42371.9743406471,42382.627116466116
UniformRandom,283800,30,42374.97918661218,42371.94534870078,42382.554306380945
UniformRandom,284400,30,42374.87877214902,42371.89734023247,42382.42491448901
UniformRandom,285000,30,42374.7864246682,42371.86177762579,42382.35787915846
UniformRandom,285600,30,42374.76852131128,42371.76824644249,42381.99769608567
UniformRandom,286200,30,42374.637986417176,42371.652053337646,42381.931307271836
UniformRandom,286800,30,42374.568854976096,42371.62097654899,42381.76165007702
UniformRandom,287400,30,42374.50342991087,42371.61455416801,42381.667389269096
UniformRandom,288000,30,42374.25042453828,42371.61455416801,42381.53984315257
UniformRandom,288600,30,42374.25042453828,42371.61455416801,42381.48463345076
UniformRandom,289200,30,42374.15232718872,42371.509518998515,42381.33896452281
UniformRandom,289800,30,42374.15232718872,42371.386792839156,42381.24963634923
UniformRandom,290400,30,42374.10371853214,42371.096303647944,42381.24963634923
UniformRandom,291000,30,42373.93950800877,42371.07027866362,42381.10066925783
UniformRandom,291600,30,42373.81578727218,42371.04574686533,42381.10066925783
UniformRandom,292200,30,42373.47395135372,42370.91990140432,42380.59620527072
UniformRandom,292800,30,42373.37704944369,42370.868652521174,42380.59620527072
UniformRandom,293400,30,42373.27355766167,42370.76946850809,42380.59620527072
UniformRandom,294000,30,42373.26953653157,42370.739261577,42380.59620527072
UniformRandom,294600,30,42373.25436583541,42370.663436778195,42380.50427114826
UniformRandom,295200,30,42373.1358544664,42370.57123631324,42380.50427114826
UniformRandom,295800,30,42373.1308227031,42370.48333844007,42380.32335332323
UniformRandom,296400,30,42373.0511439581,42370.39904141435,42380.17048883522
UniformRandom,297000,30,42372.99134375235,42370.25252530411,42380.14367352614
UniformRandom,297600,30,42372.72997267956,42370.102415920985,42380.12285073485
UniformRandom,298200,30,42372.565850296494,42369.89770864614,42379.91989384504
UniformRandom,298800,30,42372.45239337548,42369.823424128204,42379.85800826836
UniformRandom,299400,30,42372.2750477122,42369.790260026384,42379.68668047961
UniformRandom,300000,30,42372.235359220824,42369.6592091291,42379.68668047961
UniformRandom,300600,30,42372.11811299075,42369.535243600825,42379.639867349135
UniformRandom,10800,9,45056.734299277,44702.0129642292,45382.2699422392
UniformRandom,11400,9,45056.734299277,44623.77895333554,45337.73079411208
UniformRandom,6600,5,45766.38116089792,45178.4527370121,45982.14815430227
UniformRandom,7200,5,45748.12449705617,45126.38072092255,45930.036944488886
UniformRandom,7800,6,45617.97472418385,45174.95291846823,45870.42436752467
UniformRandom,8400,6,45538.31219528587,45068.4345955396,45820.778338971846
UniformRandom,9000,7,45516.17695910057,45084.96586896694,45856.29484057397
UniformRandom,9600,7,45448.31280835544,44960.0992299554,45808.287157369705
UniformRandom,10200,7,45401.9635646761,44915.2159556846,45690.70955991058
UniformRandom,5400,1,45006.105389315664,45006.105389315664,45006.105389315664
UniformRandom,6000,1,44993.98867721087,44993.98867721087,44993.98867721087
