seed,checkpoint,action,repeat,checkpoint_nfe,start_iteration,end_iteration,start_nfe,end_nfe,before_cost,after_cost,before_cv,after_cv,feasible_after,cost_reward,gap_reward
310027,20pct,A1,1,60600,100,120,60600,72600,43211.598068059524,42938.10017192704,0.0,0.0,True,273.4978961324814,0.0064570157838856595
310027,20pct,A1,2,60600,100,120,60600,72600,43211.598068059524,42938.10017192704,0.0,0.0,True,273.4978961324814,0.0064570157838856595
310027,20pct,A1,3,60600,100,120,60600,72600,43211.598068059524,42938.10017192704,0.0,0.0,True,273.4978961324814,0.0064570157838856595
310027,20pct,A2,1,60600,100,120,60600,72600,43211.598068059524,42941.669512782784,0.0,0.0,True,269.92855527673964,0.006372747164018731
310027,20pct,A2,2,60600,100,120,60600,72600,43211.598068059524,42887.82987982961,0.0,0.0,True,323.7681882299148,0.007643847836796358
310027,20pct,A2,3,60600,100,120,60600,72600,43211.598068059524,42945.86122596113,0.0,0.0,True,265.7368420983912,0.006273784946989439
310027,20pct,A3,1,60600,100,120,60600,72600,43211.598068059524,42945.993196295996,0.0,0.0,True,265.6048717635276,0.006270669257445684
310027,20pct,A3,2,60600,100,120,60600,72600,43211.598068059524,43027.99297934765,0.0,0.0,True,183.6050887118763,0.004334735193867963
310027,20pct,A3,3,60600,100,120,60600,72600,43211.598068059524,43035.60813843346,0.0,0.0,True,175.9899296260628,0.004154948792914882
310027,20pct,A4,1,60600,100,120,60600,72600,43211.598068059524,42944.59464063631,0.0,0.0,True,267.00342742321664,0.006303687778234892
310027,20pct,A4,2,60600,100,120,60600,72600,43211.598068059524,42908.09880285662,0.0,0.0,True,303.4992652029032,0.007165318540013829
310027,20pct,A4,3,60600,100,120,60600,72600,43211.598068059524,42958.702202352244,0.0,0.0,True,252.89586570727988,0.005970622149723366
310027,40pct,A1,1,120600,200,220,120600,132600,42492.82177094386,42439.14127998249,0.0,0.0,True,53.680490961371106,0.0012673434871923305
310027,40pct,A1,2,120600,200,220,120600,132600,42492.82177094386,42439.14127998249,0.0,0.0,True,53.680490961371106,0.0012673434871923305
310027,40pct,A1,3,120600,200,220,120600,132600,42492.82177094386,42439.14127998249,0.0,0.0,True,53.680490961371106,0.0012673434871923305
310027,40pct,A2,1,120600,200,220,120600,132600,42492.82177094386,42440.3233441006,0.0,0.0,True,52.49842684325995,0.0012394361183381605
310027,40pct,A2,2,120600,200,220,120600,132600,42492.82177094386,42435.831543256034,0.0,0.0,True,56.99022768782743,0.001345483109417733
310027,40pct,A2,3,120600,200,220,120600,132600,42492.82177094386,42441.316631140115,0.0,0.0,True,51.505139803746715,0.0012159855902618521
310027,40pct,A3,1,120600,200,220,120600,132600,42492.82177094386,42443.78054511569,0.0,0.0,True,49.04122582817217,0.0011578150095904937
310027,40pct,A3,2,120600,200,220,120600,132600,42492.82177094386,42454.89632169232,0.0,0.0,True,37.92544925153925,0.0008953824796865055
310027,40pct,A3,3,120600,200,220,120600,132600,42492.82177094386,42448.9481801058,0.0,0.0,True,43.87359083806223,0.0010358122403979417
310027,40pct,A4,1,120600,200,220,120600,132600,42492.82177094386,42442.37294752783,0.0,0.0,True,50.44882341603079,0.0011910470013925803
310027,40pct,A4,2,120600,200,220,120600,132600,42492.82177094386,42436.86559886288,0.0,0.0,True,55.95617208097974,0.0013210700756458144
310027,40pct,A4,3,120600,200,220,120600,132600,42492.82177094386,42449.050688436,0.0,0.0,True,43.77108250786114,0.0010333921197482106
310027,60pct,A1,1,180600,300,320,180600,192600,42387.488335638096,42381.28967369283,0.0,0.0,True,6.198661945265485,0.0001463442994828842
310027,60pct,A1,2,180600,300,320,180600,192600,42387.488335638096,42381.28967369283,0.0,0.0,True,6.198661945265485,0.0001463442994828842
310027,60pct,A1,3,180600,300,320,180600,192600,42387.488335638096,42381.28967369283,0.0,0.0,True,6.198661945265485,0.0001463442994828842
310027,60pct,A2,1,180600,300,320,180600,192600,42387.488335638096,42383.69922096928,0.0,0.0,True,3.7891146688125446,8.945726299709397e-05
310027,60pct,A2,2,180600,300,320,180600,192600,42387.488335638096,42382.11811598334,0.0,0.0,True,5.370219654752873,0.00012678559346897332
310027,60pct,A2,3,180600,300,320,180600,192600,42387.488335638096,42380.33753968374,0.0,0.0,True,7.150795954359637,0.00016882324506905882
310027,60pct,A3,1,180600,300,320,180600,192600,42387.488335638096,42385.517051292365,0.0,0.0,True,1.9712843457309646,4.654008061819189e-05
310027,60pct,A3,2,180600,300,320,180600,192600,42387.488335638096,42386.66902102847,0.0,0.0,True,0.8193146096236887,1.9343210463840807e-05
310027,60pct,A3,3,180600,300,320,180600,192600,42387.488335638096,42387.15068242344,0.0,0.0,True,0.337653214657621,7.971659626470695e-06
310027,60pct,A4,1,180600,300,320,180600,192600,42387.488335638096,42382.54679940452,0.0,0.0,True,4.941536233578518,0.00011666480038078047
310027,60pct,A4,2,180600,300,320,180600,192600,42387.488335638096,42382.292835305794,0.0,0.0,True,5.19550033230189,0.00012266064245922473
310027,60pct,A4,3,180600,300,320,180600,192600,42387.488335638096,42380.9132400626,0.0,0.0,True,6.57509557549929,0.00015523152650136066
310027,80pct,A1,1,240600,400,420,240600,252600,42373.2306037986,42369.65924249152,0.0,0.0,True,3.571361307076586,8.431632073170202e-05
310027,80pct,A1,2,240600,400,420,240600,252600,42373.2306037986,42369.65924249152,0.0,0.0,True,3.571361307076586,8.431632073170202e-05
310027,80pct,A1,3,240600,400,420,240600,252600,42373.2306037986,42369.65924249152,0.0,0.0,True,3.571361307076586,8.431632073170202e-05
310027,80pct,A2,1,240600,400,420,240600,252600,42373.2306037986,42369.48115655254,0.0,0.0,True,3.749447246060299,8.852075423984476e-05
310027,80pct,A2,2,240600,400,420,240600,252600,42373.2306037986,42369.67334096548,0.0,0.0,True,3.557262833121058,8.398346965625739e-05
310027,80pct,A2,3,240600,400,420,240600,252600,42373.2306037986,42369.89252573666,0.0,0.0,True,3.338078061940905,7.880873322460287e-05
310027,80pct,A3,1,240600,400,420,240600,252600,42373.2306037986,42373.14512314724,0.0,0.0,True,0.08548065135983052,2.0181139337901435e-06
310027,80pct,A3,2,240600,400,420,240600,252600,42373.2306037986,42372.241195038834,0.0,0.0,True,0.9894087597640464,2.335896571363955e-05
310027,80pct,A3,3,240600,400,420,240600,252600,42373.2306037986,42372.96184592832,0.0,0.0,True,0.2687578702752944,6.345108444894443e-06
310027,80pct,A4,1,240600,400,420,240600,252600,42373.2306037986,42369.71685874592,0.0,0.0,True,3.51374505268177,8.295605774870824e-05
310027,80pct,A4,2,240600,400,420,240600,252600,42373.2306037986,42370.40866121957,0.0,0.0,True,2.821942579030292,6.662328314654113e-05
310027,80pct,A4,3,240600,400,420,240600,252600,42373.2306037986,42369.68854259436,0.0,0.0,True,3.5420612042362336,8.362457418013814e-05
310027,90pct,A1,1,270600,450,470,270600,282600,42367.76402949281,42365.63127618017,0.0,0.0,True,2.1327533126459457,5.0352203792524124e-05
310027,90pct,A1,2,270600,450,470,270600,282600,42367.76402949281,42365.63127618017,0.0,0.0,True,2.1327533126459457,5.0352203792524124e-05
310027,90pct,A1,3,270600,450,470,270600,282600,42367.76402949281,42365.63127618017,0.0,0.0,True,2.1327533126459457,5.0352203792524124e-05
310027,90pct,A2,1,270600,450,470,270600,282600,42367.76402949281,42366.08728257866,0.0,0.0,True,1.676746914155956,3.9586342137864654e-05
310027,90pct,A2,2,270600,450,470,270600,282600,42367.76402949281,42365.90952925125,0.0,0.0,True,1.8545002415630734,4.378292301448678e-05
310027,90pct,A2,3,270600,450,470,270600,282600,42367.76402949281,42366.30577836624,0.0,0.0,True,1.458251126576215,3.4427871929993255e-05
310027,90pct,A3,1,270600,450,470,270600,282600,42367.76402949281,42367.5119656897,0.0,0.0,True,0.25206380311283283,5.95097797190155e-06
310027,90pct,A3,2,270600,450,470,270600,282600,42367.76402949281,42367.26225000312,0.0,0.0,True,0.5017794896921259,1.1846519226614864e-05
310027,90pct,A3,3,270600,450,470,270600,282600,42367.76402949281,42367.59568281577,0.0,0.0,True,0.16834667704097228,3.974499132131202e-06
310027,90pct,A4,1,270600,450,470,270600,282600,42367.76402949281,42365.46611791485,0.0,0.0,True,2.297911577959894,5.4251427666095604e-05
310027,90pct,A4,2,270600,450,470,270600,282600,42367.76402949281,42365.42695701492,0.0,0.0,True,2.337072477894253,5.517597791881431e-05
310027,90pct,A4,3,270600,450,470,270600,282600,42367.76402949281,42365.762650022676,0.0,0.0,True,2.0013794701371808,4.725059684539828e-05
310029,20pct,A1,1,60600,100,120,60600,72600,43355.63376533508,43209.01878262809,0.0,0.0,True,146.6149827069894,0.0034614352464143947
310029,20pct,A1,2,60600,100,120,60600,72600,43355.63376533508,43209.01878262809,0.0,0.0,True,146.6149827069894,0.0034614352464143947
310029,20pct,A1,3,60600,100,120,60600,72600,43355.63376533508,43209.01878262809,0.0,0.0,True,146.6149827069894,0.0034614352464143947
310029,20pct,A2,1,60600,100,120,60600,72600,43355.63376533508,43265.344368321574,0.0,0.0,True,90.28939701350464,0.002131643679450155
310029,20pct,A2,2,60600,100,120,60600,72600,43355.63376533508,43268.72115784381,0.0,0.0,True,86.91260749127105,0.0020519210067998297
310029,20pct,A2,3,60600,100,120,60600,72600,43355.63376533508,43247.49795266881,0.0,0.0,True,108.13581266626716,0.002552979964610652
310029,20pct,A3,1,60600,100,120,60600,72600,43355.63376533508,43074.65681809143,0.0,0.0,True,280.97694724364555,0.006633588809697465
310029,20pct,A3,2,60600,100,120,60600,72600,43355.63376533508,43294.23574075325,0.0,0.0,True,61.39802458183112,0.0014495468500139615
310029,20pct,A3,3,60600,100,120,60600,72600,43355.63376533508,43300.235558644505,0.0,0.0,True,55.398206690573716,0.0013078970626769389
310029,20pct,A4,1,60600,100,120,60600,72600,43355.63376533508,43220.13881945643,0.0,0.0,True,135.49494587865047,0.0031989021361662866
310029,20pct,A4,2,60600,100,120,60600,72600,43355.63376533508,43143.098451156446,0.0,0.0,True,212.5353141786327,0.005017749305171147
310029,20pct,A4,3,60600,100,120,60600,72600,43355.63376533508,43122.73600701519,0.0,0.0,True,232.89775831988663,0.005498486543291905
310029,40pct,A1,1,120600,200,220,120600,132600,42695.328308331686,42587.21445373791,0.0,0.0,True,108.11385459377198,0.0025524615561596546
310029,40pct,A1,2,120600,200,220,120600,132600,42695.328308331686,42587.21445373791,0.0,0.0,True,108.11385459377198,0.0025524615561596546
310029,40pct,A1,3,120600,200,220,120600,132600,42695.328308331686,42587.21445373791,0.0,0.0,True,108.11385459377198,0.0025524615561596546
310029,40pct,A2,1,120600,200,220,120600,132600,42695.328308331686,42610.85799067578,0.0,0.0,True,84.47031765590509,0.0019942609507672864
310029,40pct,A2,2,120600,200,220,120600,132600,42695.328308331686,42593.76987754507,0.0,0.0,True,101.55843078661565,0.0023976944607215066
310029,40pct,A2,3,120600,200,220,120600,132600,42695.328308331686,42588.62776407019,0.0,0.0,True,106.70054426149727,0.0025190946920920568
310029,40pct,A3,1,120600,200,220,120600,132600,42695.328308331686,42622.145497773774,0.0,0.0,True,73.18281055791158,0.0017277740325017032
310029,40pct,A3,2,120600,200,220,120600,132600,42695.328308331686,42557.65755163859,0.0,0.0,True,137.6707566930927,0.003250270885141221
310029,40pct,A3,3,120600,200,220,120600,132600,42695.328308331686,42598.12748597366,0.0,0.0,True,97.20082235802693,0.0022948156203308626
310029,40pct,A4,1,120600,200,220,120600,132600,42695.328308331686,42625.1648507084,0.0,0.0,True,70.16345762328274,0.001656490085415777
310029,40pct,A4,2,120600,200,220,120600,132600,42695.328308331686,42602.11413962509,0.0,0.0,True,93.21416870659596,0.002200694656637212
310029,40pct,A4,3,120600,200,220,120600,132600,42695.328308331686,42625.46803726573,0.0,0.0,True,69.8602710659543,0.0016493321496004925
310029,60pct,A1,1,180600,300,320,180600,192600,42411.82071794293,42401.54178942427,0.0,0.0,True,10.278928518659086,0.00024267537200455902
310029,60pct,A1,2,180600,300,320,180600,192600,42411.82071794293,42401.54178942427,0.0,0.0,True,10.278928518659086,0.00024267537200455902
310029,60pct,A1,3,180600,300,320,180600,192600,42411.82071794293,42401.54178942427,0.0,0.0,True,10.278928518659086,0.00024267537200455902
310029,60pct,A2,1,180600,300,320,180600,192600,42411.82071794293,42403.981404579245,0.0,0.0,True,7.8393133636855055,0.00018507846254006894
310029,60pct,A2,2,180600,300,320,180600,192600,42411.82071794293,42399.15312277642,0.0,0.0,True,12.667595166509273,0.0002990694374277853
310029,60pct,A2,3,180600,300,320,180600,192600,42411.82071794293,42403.047603088155,0.0,0.0,True,8.773114854775486,0.00020712459544364073
310029,60pct,A3,1,180600,300,320,180600,192600,42411.82071794293,42405.53272813978,0.0,0.0,True,6.287989803153323,0.00014845324217121515
310029,60pct,A3,2,180600,300,320,180600,192600,42411.82071794293,42398.58236222439,0.0,0.0,True,13.238355718538514,0.00031254453155241026
310029,60pct,A3,3,180600,300,320,180600,192600,42411.82071794293,42402.08657285187,0.0,0.0,True,9.734145091060782,0.00022981357218618812
310029,60pct,A4,1,180600,300,320,180600,192600,42411.82071794293,42402.43957626521,0.0,0.0,True,9.381141677717096,0.00022147950949701263
310029,60pct,A4,2,180600,300,320,180600,192600,42411.82071794293,42405.09745254565,0.0,0.0,True,6.7232653972823755,0.00015872966996600176
310029,60pct,A4,3,180600,300,320,180600,192600,42411.82071794293,42403.84662800058,0.0,0.0,True,7.974089942348655,0.00018826040473425868
310029,80pct,A1,1,240600,400,420,240600,252600,42381.045819812905,42376.93733104762,0.0,0.0,True,4.108488765283255,9.699737065801977e-05
310029,80pct,A1,2,240600,400,420,240600,252600,42381.045819812905,42376.93733104762,0.0,0.0,True,4.108488765283255,9.699737065801977e-05
310029,80pct,A1,3,240600,400,420,240600,252600,42381.045819812905,42376.93733104762,0.0,0.0,True,4.108488765283255,9.699737065801977e-05
310029,80pct,A2,1,240600,400,420,240600,252600,42381.045819812905,42375.75262495962,0.0,0.0,True,5.293194853285968,0.00012496711381755572
310029,80pct,A2,2,240600,400,420,240600,252600,42381.045819812905,42377.857326031706,0.0,0.0,True,3.188493781199213,7.527719577795863e-05
310029,80pct,A2,3,240600,400,420,240600,252600,42381.045819812905,42375.71392120682,0.0,0.0,True,5.331898606083996,0.00012588087127692364
310029,80pct,A3,1,240600,400,420,240600,252600,42381.045819812905,42380.17281177667,0.0,0.0,True,0.8730080362365698,2.061085934901676e-05
310029,80pct,A3,2,240600,400,420,240600,252600,42381.045819812905,42380.451628004215,0.0,0.0,True,0.5941918086900841,1.4028283001888114e-05
310029,80pct,A3,3,240600,400,420,240600,252600,42381.045819812905,42379.03120730434,0.0,0.0,True,2.0146125085666426,4.7563015840995974e-05
310029,80pct,A4,1,240600,400,420,240600,252600,42381.045819812905,42376.03485043956,0.0,0.0,True,5.010969373346597,0.00011830404838139423
310029,80pct,A4,2,240600,400,420,240600,252600,42381.045819812905,42378.169957936494,0.0,0.0,True,2.8758618764113635,6.789626461794866e-05
310029,80pct,A4,3,240600,400,420,240600,252600,42381.045819812905,42375.78752185393,0.0,0.0,True,5.258297958978801,0.0001241432325353362
310029,90pct,A1,1,270600,450,470,270600,282600,42373.917192387315,42371.19762388352,0.0,0.0,True,2.719568503795017,6.4206332124239e-05
310029,90pct,A1,2,270600,450,470,270600,282600,42373.917192387315,42371.19762388352,0.0,0.0,True,2.719568503795017,6.4206332124239e-05
310029,90pct,A1,3,270600,450,470,270600,282600,42373.917192387315,42371.19762388352,0.0,0.0,True,2.719568503795017,6.4206332124239e-05
310029,90pct,A2,1,270600,450,470,270600,282600,42373.917192387315,42370.19354818777,0.0,0.0,True,3.7236441995410132,8.791156974152352e-05
310029,90pct,A2,2,270600,450,470,270600,282600,42373.917192387315,42371.24645237023,0.0,0.0,True,2.670740017085336,6.305353967557266e-05
310029,90pct,A2,3,270600,450,470,270600,282600,42373.917192387315,42370.76316908519,0.0,0.0,True,3.1540233021223685,7.446338173907664e-05
310029,90pct,A3,1,270600,450,470,270600,282600,42373.917192387315,42373.66397758168,0.0,0.0,True,0.25321480563434307,5.978152007072473e-06
310029,90pct,A3,2,270600,450,470,270600,282600,42373.917192387315,42373.22521241801,0.0,0.0,True,0.6919799693059758,1.6336965099640274e-05
310029,90pct,A3,3,270600,450,470,270600,282600,42373.917192387315,42373.89633871181,0.0,0.0,True,0.020853675501712132,4.923347264117845e-07
310029,90pct,A4,1,270600,450,470,270600,282600,42373.917192387315,42371.63709078196,0.0,0.0,True,2.2801016053563217,5.383095176541029e-05
310029,90pct,A4,2,270600,450,470,270600,282600,42373.917192387315,42371.792692241084,0.0,0.0,True,2.1245001462302753,5.0157354667296455e-05
310029,90pct,A4,3,270600,450,470,270600,282600,42373.917192387315,42371.45591904527,0.0,0.0,True,2.461273342043569,5.810823791614861e-05
310026,20pct,A1,1,60600,100,120,60600,72600,42588.92799153017,42556.00368359088,0.0,0.0,True,32.92430793928361,0.0007773104621414968
310026,20pct,A1,2,60600,100,120,60600,72600,42588.92799153017,42556.00368359088,0.0,0.0,True,32.92430793928361,0.0007773104621414968
310026,20pct,A1,3,60600,100,120,60600,72600,42588.92799153017,42556.00368359088,0.0,0.0,True,32.92430793928361,0.0007773104621414968
310026,20pct,A2,1,60600,100,120,60600,72600,42588.92799153017,42554.223764245675,0.0,0.0,True,34.704227284491935,0.0008193326036956914
310026,20pct,A2,2,60600,100,120,60600,72600,42588.92799153017,42540.91857961421,0.0,0.0,True,48.00941191595484,0.001133454900019512
310026,20pct,A2,3,60600,100,120,60600,72600,42588.92799153017,42548.91200798894,0.0,0.0,True,40.01598354122689,0.0009447379339556257
310026,20pct,A3,1,60600,100,120,60600,72600,42588.92799153017,42564.66245148156,0.0,0.0,True,24.265540048603725,0.0005728854858263596
310026,20pct,A3,2,60600,100,120,60600,72600,42588.92799153017,42562.718100001155,0.0,0.0,True,26.209891529011657,0.0006187897080377584
310026,20pct,A3,3,60600,100,120,60600,72600,42588.92799153017,42554.76810348686,0.0,0.0,True,34.159888043308456,0.0008064812906808097
310026,20pct,A4,1,60600,100,120,60600,72600,42588.92799153017,42568.024203103756,0.0,0.0,True,20.903788426410756,0.0004935178431755049
310026,20pct,A4,2,60600,100,120,60600,72600,42588.92799153017,42559.91446298585,0.0,0.0,True,29.013528544317523,0.0006849808148656766
310026,20pct,A4,3,60600,100,120,60600,72600,42588.92799153017,42557.66460885079,0.0,0.0,True,31.263382679375354,0.0007380976536675073
310026,40pct,A1,1,120600,200,220,120600,132600,42450.10585296736,42430.70791575368,0.0,0.0,True,19.39793721368187,0.0004579661801233561
310026,40pct,A1,2,120600,200,220,120600,132600,42450.10585296736,42430.70791575368,0.0,0.0,True,19.39793721368187,0.0004579661801233561
310026,40pct,A1,3,120600,200,220,120600,132600,42450.10585296736,42430.70791575368,0.0,0.0,True,19.39793721368187,0.0004579661801233561
310026,40pct,A2,1,120600,200,220,120600,132600,42450.10585296736,42436.788504707394,0.0,0.0,True,13.31734825996682,0.0003144094676050253
310026,40pct,A2,2,120600,200,220,120600,132600,42450.10585296736,42427.63982386372,0.0,0.0,True,22.46602910364163,0.0005304008059103329
310026,40pct,A2,3,120600,200,220,120600,132600,42450.10585296736,42430.750117911986,0.0,0.0,True,19.35573505537468,0.00045696982875774407
310026,40pct,A3,1,120600,200,220,120600,132600,42450.10585296736,42441.16459155074,0.0,0.0,True,8.941261416621273,0.00021109437005323566
310026,40pct,A3,2,120600,200,220,120600,132600,42450.10585296736,42448.60848136102,0.0,0.0,True,1.497371606339584,3.535146790231095e-05
310026,40pct,A3,3,120600,200,220,120600,132600,42450.10585296736,42444.48839862729,0.0,0.0,True,5.617454340070253,0.00013262256072902505
310026,40pct,A4,1,120600,200,220,120600,132600,42450.10585296736,42435.90203742813,0.0,0.0,True,14.203815539229254,0.0003353380864172266
310026,40pct,A4,2,120600,200,220,120600,132600,42450.10585296736,42439.618323064715,0.0,0.0,True,10.487529902646202,0.000247600245094964
310026,40pct,A4,3,120600,200,220,120600,132600,42450.10585296736,42430.10434162968,0.0,0.0,True,20.001511337679403,0.0004722159703429824
310026,60pct,A1,1,180600,300,320,180600,192600,42391.980984099944,42387.39483971942,0.0,0.0,True,4.586144380526093,0.00010827434898399058
310026,60pct,A1,2,180600,300,320,180600,192600,42391.980984099944,42387.39483971942,0.0,0.0,True,4.586144380526093,0.00010827434898399058
310026,60pct,A1,3,180600,300,320,180600,192600,42391.980984099944,42387.39483971942,0.0,0.0,True,4.586144380526093,0.00010827434898399058
310026,60pct,A2,1,180600,300,320,180600,192600,42391.980984099944,42387.64452155183,0.0,0.0,True,4.33646254811174,0.00010237960699274675
310026,60pct,A2,2,180600,300,320,180600,192600,42391.980984099944,42388.428886920956,0.0,0.0,True,3.5520971789883333,8.386151365315545e-05
310026,60pct,A2,3,180600,300,320,180600,192600,42391.980984099944,42387.86249120353,0.0,0.0,True,4.118492896413954,9.723355833451909e-05
310026,60pct,A3,1,180600,300,320,180600,192600,42391.980984099944,42390.07105558527,0.0,0.0,True,1.9099285146730836,4.50915299156948e-05
310026,60pct,A3,2,180600,300,320,180600,192600,42391.980984099944,42390.4317752403,0.0,0.0,True,1.5492088596438407,3.6575294365007584e-05
310026,60pct,A3,3,180600,300,320,180600,192600,42391.980984099944,42389.818903969666,0.0,0.0,True,2.1620801302779,5.104458105398919e-05
310026,60pct,A4,1,180600,300,320,180600,192600,42391.980984099944,42388.778656579,0.0,0.0,True,3.202327520943072,7.560379673957258e-05
310026,60pct,A4,2,180600,300,320,180600,192600,42391.980984099944,42388.32593150398,0.0,0.0,True,3.655052595961024,8.629218958094097e-05
310026,60pct,A4,3,180600,300,320,180600,192600,42391.980984099944,42387.56432449456,0.0,0.0,True,4.416659605383757,0.00010427298047733017
310026,80pct,A1,1,240600,400,420,240600,252600,42380.75049501406,42376.65870075698,0.0,0.0,True,4.091794257074071,9.66032297723484e-05
310026,80pct,A1,2,240600,400,420,240600,252600,42380.75049501406,42376.65870075698,0.0,0.0,True,4.091794257074071,9.66032297723484e-05
310026,80pct,A1,3,240600,400,420,240600,252600,42380.75049501406,42376.65870075698,0.0,0.0,True,4.091794257074071,9.66032297723484e-05
310026,80pct,A2,1,240600,400,420,240600,252600,42380.75049501406,42376.83584074949,0.0,0.0,True,3.914654264568526,9.242112912828481e-05
310026,80pct,A2,2,240600,400,420,240600,252600,42380.75049501406,42375.409614130476,0.0,0.0,True,5.3408808835811215,0.00012609293399621447
310026,80pct,A2,3,240600,400,420,240600,252600,42380.75049501406,42375.68898618367,0.0,0.0,True,5.061508830389357,0.00011949723515339061
310026,80pct,A3,1,240600,400,420,240600,252600,42380.75049501406,42380.388391221844,0.0,0.0,True,0.3621037922130199,8.548913665470254e-06
310026,80pct,A3,2,240600,400,420,240600,252600,42380.75049501406,42378.684756265124,0.0,0.0,True,2.0657387489336543,4.877005598897806e-05
310026,80pct,A3,3,240600,400,420,240600,252600,42380.75049501406,42380.28127592274,0.0,0.0,True,0.4692190913192462,1.10778003106878e-05
310026,80pct,A4,1,240600,400,420,240600,252600,42380.75049501406,42375.82245705796,0.0,0.0,True,4.928037956095068,0.00011634611935252252
310026,80pct,A4,2,240600,400,420,240600,252600,42380.75049501406,42377.347476159106,0.0,0.0,True,3.4030188549513696,8.0341921345668e-05
310026,80pct,A4,3,240600,400,420,240600,252600,42380.75049501406,42374.51846462099,0.0,0.0,True,6.232030393068271,0.00014713209564948433
310026,90pct,A1,1,270600,450,470,270600,282600,42374.94840232068,42373.22699572414,0.0,0.0,True,1.721406596545421,4.064071322506461e-05
310026,90pct,A1,2,270600,450,470,270600,282600,42374.94840232068,42373.22699572414,0.0,0.0,True,1.721406596545421,4.064071322506461e-05
310026,90pct,A1,3,270600,450,470,270600,282600,42374.94840232068,42373.22699572414,0.0,0.0,True,1.721406596545421,4.064071322506461e-05
310026,90pct,A2,1,270600,450,470,270600,282600,42374.94840232068,42372.73247648911,0.0,0.0,True,2.2159258315732586,5.231582499434518e-05
310026,90pct,A2,2,270600,450,470,270600,282600,42374.94840232068,42372.873209978156,0.0,0.0,True,2.0751923425268615,4.8993246016795365e-05
310026,90pct,A2,3,270600,450,470,270600,282600,42374.94840232068,42373.866681853004,0.0,0.0,True,1.0817204676786787,2.553835416039201e-05
310026,90pct,A3,1,270600,450,470,270600,282600,42374.94840232068,42373.274946056845,0.0,0.0,True,1.6734562638375792,3.9508653126923586e-05
310026,90pct,A3,2,270600,450,470,270600,282600,42374.94840232068,42374.526425797754,0.0,0.0,True,0.421976522928162,9.962449830533632e-06
310026,90pct,A3,3,270600,450,470,270600,282600,42374.94840232068,42373.97446396308,0.0,0.0,True,0.9739383576015825,2.299372476532275e-05
310026,90pct,A4,1,270600,450,470,270600,282600,42374.94840232068,42372.93891244457,0.0,0.0,True,2.0094898761090008,4.744207553724315e-05
310026,90pct,A4,2,270600,450,470,270600,282600,42374.94840232068,42372.89192499701,0.0,0.0,True,2.0564773236692417,4.855140286601358e-05
310026,90pct,A4,3,270600,450,470,270600,282600,42374.94840232068,42371.76334357068,0.0,0.0,True,3.1850587500011898,7.519609807674256e-05
310008,20pct,A1,1,60600,100,120,60600,72600,43507.60384244645,43412.93100232932,0.0,0.0,True,94.67284011712763,0.0022351324510571854
310008,20pct,A1,2,60600,100,120,60600,72600,43507.60384244645,43412.93100232932,0.0,0.0,True,94.67284011712763,0.0022351324510571854
310008,20pct,A1,3,60600,100,120,60600,72600,43507.60384244645,43412.93100232932,0.0,0.0,True,94.67284011712763,0.0022351324510571854
310008,20pct,A2,1,60600,100,120,60600,72600,43507.60384244645,43423.41438181779,0.0,0.0,True,84.18946062865871,0.001987630193150538
310008,20pct,A2,2,60600,100,120,60600,72600,43507.60384244645,43359.07581302084,0.0,0.0,True,148.5280294256081,0.003506600394052123
310008,20pct,A2,3,60600,100,120,60600,72600,43507.60384244645,43370.63001051158,0.0,0.0,True,136.97383193486894,0.00323381717844853
310008,20pct,A3,1,60600,100,120,60600,72600,43507.60384244645,43494.6175555047,0.0,0.0,True,12.986286941748403,0.0003065934361568892
310008,20pct,A3,2,60600,100,120,60600,72600,43507.60384244645,43505.78411501917,0.0,0.0,True,1.819727427282487,4.2961971139409555e-05
310008,20pct,A3,3,60600,100,120,60600,72600,43507.60384244645,43504.851086614886,0.0,0.0,True,2.752755831563263,6.498985222532644e-05
310008,20pct,A4,1,60600,100,120,60600,72600,43507.60384244645,43443.8252685201,0.0,0.0,True,63.778573926349054,0.001505749273905458
310008,20pct,A4,2,60600,100,120,60600,72600,43507.60384244645,43404.79575134453,0.0,0.0,True,102.80809110192058,0.0024271977091724975
310008,20pct,A4,3,60600,100,120,60600,72600,43507.60384244645,43402.434752375404,0.0,0.0,True,105.1690900710455,0.0024829385679686934
310008,40pct,A1,1,120600,200,220,120600,132600,42725.79218945056,42644.45696426398,0.0,0.0,True,81.33522518657992,0.0019202445073334112
310008,40pct,A1,2,120600,200,220,120600,132600,42725.79218945056,42644.45696426398,0.0,0.0,True,81.33522518657992,0.0019202445073334112
310008,40pct,A1,3,120600,200,220,120600,132600,42725.79218945056,42644.45696426398,0.0,0.0,True,81.33522518657992,0.0019202445073334112
310008,40pct,A2,1,120600,200,220,120600,132600,42725.79218945056,42660.79017702884,0.0,0.0,True,65.00201242172625,0.0015346334510306717
310008,40pct,A2,2,120600,200,220,120600,132600,42725.79218945056,42679.998999643794,0.0,0.0,True,45.79318980676908,0.001081132080202731
310008,40pct,A2,3,120600,200,220,120600,132600,42725.79218945056,42676.36829112533,0.0,0.0,True,49.42389832523622,0.001166849530106164
310008,40pct,A3,1,120600,200,220,120600,132600,42725.79218945056,42645.57731961935,0.0,0.0,True,80.21486983121576,0.001893794021551089
310008,40pct,A3,2,120600,200,220,120600,132600,42725.79218945056,42611.49160529708,0.0,0.0,True,114.30058415348321,0.002698524143779476
310008,40pct,A3,3,120600,200,220,120600,132600,42725.79218945056,42671.06912176845,0.0,0.0,True,54.72306768211274,0.0012919576960653658
310008,40pct,A4,1,120600,200,220,120600,132600,42725.79218945056,42664.995891301965,0.0,0.0,True,60.796298148598,0.001435340681952303
310008,40pct,A4,2,120600,200,220,120600,132600,42725.79218945056,42647.72763683669,0.0,0.0,True,78.064552613876,0.0018430271512787184
310008,40pct,A4,3,120600,200,220,120600,132600,42725.79218945056,42650.59992507854,0.0,0.0,True,75.19226437202451,0.0017752152566507598
310008,60pct,A1,1,180600,300,320,180600,192600,42487.11087652298,42465.48341558665,0.0,0.0,True,21.627460936331772,0.0005106030379247212
310008,60pct,A1,2,180600,300,320,180600,192600,42487.11087652298,42465.48341558665,0.0,0.0,True,21.627460936331772,0.0005106030379247212
310008,60pct,A1,3,180600,300,320,180600,192600,42487.11087652298,42465.48341558665,0.0,0.0,True,21.627460936331772,0.0005106030379247212
310008,60pct,A2,1,180600,300,320,180600,192600,42487.11087652298,42465.23829529261,0.0,0.0,True,21.87258123036736,0.0005163900864904323
310008,60pct,A2,2,180600,300,320,180600,192600,42487.11087652298,42467.795601425256,0.0,0.0,True,19.315275097724225,0.0004560146090326249
310008,60pct,A2,3,180600,300,320,180600,192600,42487.11087652298,42460.29922094663,0.0,0.0,True,26.81165557634813,0.0006329967641313249
310008,60pct,A3,1,180600,300,320,180600,192600,42487.11087652298,42458.85406597708,0.0,0.0,True,28.256810545899498,0.0006671154487007808
310008,60pct,A3,2,180600,300,320,180600,192600,42487.11087652298,42463.44638459718,0.0,0.0,True,23.664491925803304,0.0005586953320055156
310008,60pct,A3,3,180600,300,320,180600,192600,42487.11087652298,42463.05300845821,0.0,0.0,True,24.057868064766808,0.0005679825549575377
310008,60pct,A4,1,180600,300,320,180600,192600,42487.11087652298,42470.09630703034,0.0,0.0,True,17.014569492639566,0.0004016972171397462
310008,60pct,A4,2,180600,300,320,180600,192600,42487.11087652298,42475.35617499162,0.0,0.0,True,11.754701531361206,0.0002775169183974217
310008,60pct,A4,3,180600,300,320,180600,192600,42487.11087652298,42469.91993844038,0.0,0.0,True,17.19093808260368,0.00040586110573005664
310008,80pct,A1,1,240600,400,420,240600,252600,42398.03060452541,42393.06506655611,0.0,0.0,True,4.965537969299476,0.00011723145770642146
310008,80pct,A1,2,240600,400,420,240600,252600,42398.03060452541,42393.06506655611,0.0,0.0,True,4.965537969299476,0.00011723145770642146
310008,80pct,A1,3,240600,400,420,240600,252600,42398.03060452541,42393.06506655611,0.0,0.0,True,4.965537969299476,0.00011723145770642146
310008,80pct,A2,1,240600,400,420,240600,252600,42398.03060452541,42392.39747436842,0.0,0.0,True,5.633130156988045,0.00013299265131727026
310008,80pct,A2,2,240600,400,420,240600,252600,42398.03060452541,42393.660003901154,0.0,0.0,True,4.370600624257349,0.00010318557332601947
310008,80pct,A2,3,240600,400,420,240600,252600,42398.03060452541,42393.64213320824,0.0,0.0,True,4.388471317171934,0.00010360748277340537
310008,80pct,A3,1,240600,400,420,240600,252600,42398.03060452541,42394.365119048074,0.0,0.0,True,3.665485477336915,8.653849962817763e-05
310008,80pct,A3,2,240600,400,420,240600,252600,42398.03060452541,42394.37683171194,0.0,0.0,True,3.6537728134717327,8.626197517764883e-05
310008,80pct,A3,3,240600,400,420,240600,252600,42398.03060452541,42394.356528673,0.0,0.0,True,3.6740758524101693,8.674130991747741e-05
310008,80pct,A4,1,240600,400,420,240600,252600,42398.03060452541,42392.610331911485,0.0,0.0,True,5.4202726139265,0.0001279672945057439
310008,80pct,A4,2,240600,400,420,240600,252600,42398.03060452541,42393.42300208592,0.0,0.0,True,4.607602439493348,0.0001087809526083783
310008,80pct,A4,3,240600,400,420,240600,252600,42398.03060452541,42391.90619331582,0.0,0.0,True,6.124411209588288,0.00014459131279080184
310008,90pct,A1,1,270600,450,470,270600,282600,42382.91810646984,42380.481237891254,0.0,0.0,True,2.4368685785884736,5.753206550290551e-05
310008,90pct,A1,2,270600,450,470,270600,282600,42382.91810646984,42380.481237891254,0.0,0.0,True,2.4368685785884736,5.753206550290551e-05
310008,90pct,A1,3,270600,450,470,270600,282600,42382.91810646984,42380.481237891254,0.0,0.0,True,2.4368685785884736,5.753206550290551e-05
310008,90pct,A2,1,270600,450,470,270600,282600,42382.91810646984,42380.921229161555,0.0,0.0,True,1.9968773082873668,4.7144305241195975e-05
310008,90pct,A2,2,270600,450,470,270600,282600,42382.91810646984,42380.53817586685,0.0,0.0,True,2.3799306029904983,5.618781601383254e-05
310008,90pct,A2,3,270600,450,470,270600,282600,42382.91810646984,42380.15799594256,0.0,0.0,True,2.7601105272842688,6.516348934293274e-05
310008,90pct,A3,1,270600,450,470,270600,282600,42382.91810646984,42381.8914312923,0.0,0.0,True,1.0266751775416196,2.423878910972916e-05
310008,90pct,A3,2,270600,450,470,270600,282600,42382.91810646984,42380.94044065833,0.0,0.0,True,1.9776658115151804,4.66907407361514e-05
310008,90pct,A3,3,270600,450,470,270600,282600,42382.91810646984,42382.15065133358,0.0,0.0,True,0.7674551362651982,1.8118859407562278e-05
310008,90pct,A4,1,270600,450,470,270600,282600,42382.91810646984,42380.07349478161,0.0,0.0,True,2.8446116882332717,6.71584784734527e-05
310008,90pct,A4,2,270600,450,470,270600,282600,42382.91810646984,42381.724344282185,0.0,0.0,True,1.19376218765683,2.818354874719849e-05
310008,90pct,A4,3,270600,450,470,270600,282600,42382.91810646984,42381.23986778871,0.0,0.0,True,1.6782386811319157,3.962156128596724e-05
310006,20pct,A1,1,60600,100,120,60600,72600,45408.92545289649,44567.44477088415,0.0,0.0,True,841.4806820123413,0.019866529587330393
310006,20pct,A1,2,60600,100,120,60600,72600,45408.92545289649,44567.44477088415,0.0,0.0,True,841.4806820123413,0.019866529587330393
310006,20pct,A1,3,60600,100,120,60600,72600,45408.92545289649,44567.44477088415,0.0,0.0,True,841.4806820123413,0.019866529587330393
310006,20pct,A2,1,60600,100,120,60600,72600,45408.92545289649,44817.28278714739,0.0,0.0,True,591.6426657490956,0.013968100249340067
310006,20pct,A2,2,60600,100,120,60600,72600,45408.92545289649,44327.487180111915,0.0,0.0,True,1081.4382727845732,0.025531691817057195
310006,20pct,A2,3,60600,100,120,60600,72600,45408.92545289649,44554.600842518164,0.0,0.0,True,854.324610378324,0.020169762077813888
310006,20pct,A3,1,60600,100,120,60600,72600,45408.92545289649,44218.07778014715,0.0,0.0,True,1190.8476727493398,0.028114739922611
310006,20pct,A3,2,60600,100,120,60600,72600,45408.92545289649,44258.23608781918,0.0,0.0,True,1150.6893650773054,0.02716664185619349
310006,20pct,A3,3,60600,100,120,60600,72600,45408.92545289649,44012.00147611987,0.0,0.0,True,1396.9239767766194,0.03297999836373776
310006,20pct,A4,1,60600,100,120,60600,72600,45408.92545289649,44784.48300598111,0.0,0.0,True,624.4424469153819,0.014742470757097524
310006,20pct,A4,2,60600,100,120,60600,72600,45408.92545289649,44936.82644464976,0.0,0.0,True,472.09900824672513,0.011145792311065016
310006,20pct,A4,3,60600,100,120,60600,72600,45408.92545289649,44821.90144115502,0.0,0.0,True,587.0240117414651,0.013859058380099765
310006,40pct,A1,1,120600,200,220,120600,132600,43400.5897325654,43282.03025829568,0.0,0.0,True,118.55947426972125,0.0027990723421066135
310006,40pct,A1,2,120600,200,220,120600,132600,43400.5897325654,43282.03025829568,0.0,0.0,True,118.55947426972125,0.0027990723421066135
310006,40pct,A1,3,120600,200,220,120600,132600,43400.5897325654,43282.03025829568,0.0,0.0,True,118.55947426972125,0.0027990723421066135
310006,40pct,A2,1,120600,200,220,120600,132600,43400.5897325654,43218.20999635701,0.0,0.0,True,182.3797362083933,0.00430580582889771
310006,40pct,A2,2,120600,200,220,120600,132600,43400.5897325654,43253.42853387318,0.0,0.0,True,147.16119869222166,0.0034743308675066545
310006,40pct,A2,3,120600,200,220,120600,132600,43400.5897325654,43164.011187469616,0.0,0.0,True,236.57854509578465,0.005585386291499031
310006,40pct,A3,1,120600,200,220,120600,132600,43400.5897325654,43272.424799720065,0.0,0.0,True,128.164932845335,0.003025847752489128
310006,40pct,A3,2,120600,200,220,120600,132600,43400.5897325654,43239.489203532255,0.0,0.0,True,161.100529033145,0.0038034247190532854
310006,40pct,A3,3,120600,200,220,120600,132600,43400.5897325654,43172.26748538401,0.0,0.0,True,228.32224718139332,0.005390463234672797
310006,40pct,A4,1,120600,200,220,120600,132600,43400.5897325654,43247.88473902528,0.0,0.0,True,152.7049935401228,0.003605214400220127
310006,40pct,A4,2,120600,200,220,120600,132600,43400.5897325654,43254.664895404334,0.0,0.0,True,145.92483716106653,0.0034451415902429262
310006,40pct,A4,3,120600,200,220,120600,132600,43400.5897325654,43266.20415556668,0.0,0.0,True,134.38557699872035,0.0031727110302413215
310006,60pct,A1,1,180600,300,320,180600,192600,42718.50218623405,42693.53445427567,0.0,0.0,True,24.967731958378863,0.000589463544776174
310006,60pct,A1,2,180600,300,320,180600,192600,42718.50218623405,42693.53445427567,0.0,0.0,True,24.967731958378863,0.000589463544776174
310006,60pct,A1,3,180600,300,320,180600,192600,42718.50218623405,42693.53445427567,0.0,0.0,True,24.967731958378863,0.000589463544776174
310006,60pct,A2,1,180600,300,320,180600,192600,42718.50218623405,42692.56742828229,0.0,0.0,True,25.93475795176346,0.0006122940754347637
310006,60pct,A2,2,180600,300,320,180600,192600,42718.50218623405,42689.162766611495,0.0,0.0,True,29.339419622556306,0.0006926747820433839
310006,60pct,A2,3,180600,300,320,180600,192600,42718.50218623405,42693.830074702724,0.0,0.0,True,24.672111531326664,0.0005824842378399694
310006,60pct,A3,1,180600,300,320,180600,192600,42718.50218623405,42666.62360240801,0.0,0.0,True,51.87858382603736,0.001224802235583175
310006,60pct,A3,2,180600,300,320,180600,192600,42718.50218623405,42685.92615754217,0.0,0.0,True,32.57602869188122,0.0007690879323543282
310006,60pct,A3,3,180600,300,320,180600,192600,42718.50218623405,42673.24064916609,0.0,0.0,True,45.26153706796322,0.001068580283005896
310006,60pct,A4,1,180600,300,320,180600,192600,42718.50218623405,42688.3780089776,0.0,0.0,True,30.12417725645355,0.0007112021363676908
310006,60pct,A4,2,180600,300,320,180600,192600,42718.50218623405,42688.822280317916,0.0,0.0,True,29.679905916134885,0.0007007133278710588
310006,60pct,A4,3,180600,300,320,180600,192600,42718.50218623405,42690.28301059483,0.0,0.0,True,28.21917563922034,0.0006662269256448861
310006,80pct,A1,1,240600,400,420,240600,252600,42530.709000933566,42507.77701950907,0.0,0.0,True,22.93198142449546,0.0005414014809898729
310006,80pct,A1,2,240600,400,420,240600,252600,42530.709000933566,42507.77701950907,0.0,0.0,True,22.93198142449546,0.0005414014809898729
310006,80pct,A1,3,240600,400,420,240600,252600,42530.709000933566,42507.77701950907,0.0,0.0,True,22.93198142449546,0.0005414014809898729
310006,80pct,A2,1,240600,400,420,240600,252600,42530.709000933566,42516.75877572009,0.0,0.0,True,13.950225213477097,0.00032935106875026316
310006,80pct,A2,2,240600,400,420,240600,252600,42530.709000933566,42506.180459908246,0.0,0.0,True,24.52854102532001,0.0005790946796879891
310006,80pct,A2,3,240600,400,420,240600,252600,42530.709000933566,42516.47872431018,0.0,0.0,True,14.23027662338427,0.00033596280653560304
310006,80pct,A3,1,240600,400,420,240600,252600,42530.709000933566,42515.61193704051,0.0,0.0,True,15.097063893059385,0.0003564267997169337
310006,80pct,A3,2,240600,400,420,240600,252600,42530.709000933566,42504.56143273262,0.0,0.0,True,26.147568200947717,0.0006173183156844577
310006,80pct,A3,3,240600,400,420,240600,252600,42530.709000933566,42510.594287808606,0.0,0.0,True,20.114713124959962,0.00047488855297550276
310006,80pct,A4,1,240600,400,420,240600,252600,42530.709000933566,42513.21066409518,0.0,0.0,True,17.498336838383693,0.00041311848739948196
310006,80pct,A4,2,240600,400,420,240600,252600,42530.709000933566,42509.93519862418,0.0,0.0,True,20.773802309384337,0.0004904489990593553
310006,80pct,A4,3,240600,400,420,240600,252600,42530.709000933566,42502.46880071085,0.0,0.0,True,28.24020022271725,0.0006667232953406271
310006,90pct,A1,1,270600,450,470,270600,282600,42490.3047546734,42470.2450386935,0.0,0.0,True,20.05971597989992,0.0004735901245826596
310006,90pct,A1,2,270600,450,470,270600,282600,42490.3047546734,42470.2450386935,0.0,0.0,True,20.05971597989992,0.0004735901245826596
310006,90pct,A1,3,270600,450,470,270600,282600,42490.3047546734,42470.2450386935,0.0,0.0,True,20.05971597989992,0.0004735901245826596
310006,90pct,A2,1,270600,450,470,270600,282600,42490.3047546734,42471.215525983716,0.0,0.0,True,19.089228689685115,0.0004506778761171654
310006,90pct,A2,2,270600,450,470,270600,282600,42490.3047546734,42469.77911149812,0.0,0.0,True,20.525643175278674,0.00048459020647449594
310006,90pct,A2,3,270600,450,470,270600,282600,42490.3047546734,42474.3610238854,0.0,0.0,True,15.943730787999812,0.00037641577068026327
310006,90pct,A3,1,270600,450,470,270600,282600,42490.3047546734,42471.42321950386,0.0,0.0,True,18.881535169544804,0.0004457744367974449
310006,90pct,A3,2,270600,450,470,270600,282600,42490.3047546734,42461.872490455455,0.0,0.0,True,28.432264217946795,0.0006712577369807657
310006,90pct,A3,3,270600,450,470,270600,282600,42490.3047546734,42462.32140842588,0.0,0.0,True,27.983346247521695,0.000660659226126771
310006,90pct,A4,1,270600,450,470,270600,282600,42490.3047546734,42471.11382201176,0.0,0.0,True,19.190932661644183,0.00045307900666153146
310006,90pct,A4,2,270600,450,470,270600,282600,42490.3047546734,42474.53039703697,0.0,0.0,True,15.774357636430068,0.00037241703749614193
310006,90pct,A4,3,270600,450,470,270600,282600,42490.3047546734,42479.29788203789,0.0,0.0,True,11.006872635509353,0.00025986141518352397
