iteration,search_nfe,action,phase,best_cost,best_cv,best_fitness,feasible,feasible_fraction,cv_r,cv_soc,cv_e,cv_d,median_cv,normalized_diversity,improved,stagnation_iterations,requested_action,selector_fallback,selector_error_kind,selector_elapsed_seconds,llm_call_id
0,600,A1,feasibility,50258.33446320308,31.602229485059137,31652487.81952234,False,0.0,31.602229485059137,0.0,0.0,0.0,59.43954489068072,0.23680289356937834,False,0,A1,False,,0.0,
1,1200,A2,feasibility,46632.78208667617,20.97981064810193,21026443.43018861,False,0.0,20.97981064810193,0.0,0.0,0.0,61.59794344253688,0.2511734377085071,True,0,A2,False,,0.0,
2,1800,A2,feasibility,49545.84744220731,15.426470511848839,15476016.359291047,False,0.0,15.426470511848839,0.0,0.0,0.0,44.74742900629556,0.21135636362842478,True,0,A2,False,,0.0,
3,2400,A2,feasibility,48790.1172848256,15.086115541965263,15134905.659250088,False,0.0,15.086115541965263,0.0,0.0,0.0,46.66134800165004,0.19737001768848147,True,0,A2,False,,0.0,
4,3000,A2,feasibility,48107.516568379855,12.24431339235644,12292420.90892482,False,0.0,12.24431339235644,0.0,0.0,0.0,41.50509921562839,0.1897500766424013,True,0,A2,False,,0.0,
5,3600,A2,feasibility,47915.42767047318,10.389469906911296,10437385.33458177,False,0.0,10.389469906911296,0.0,0.0,0.0,34.16139548851296,0.17202109011555672,True,0,A2,False,,0.0,
6,4200,A2,feasibility,47884.13963050691,7.081816531098053,7129700.670728561,False,0.0,7.081816531098053,0.0,0.0,0.0,33.08337825714409,0.16379741791409644,True,0,A2,False,,0.0,
7,4800,A2,feasibility,47884.13963050691,7.081816531098053,7129700.670728561,False,0.0,7.081816531098053,0.0,0.0,0.0,29.089112569010908,0.15614001826411447,False,0,A2,False,,0.0,
8,5400,A2,feasibility,47941.975320672704,4.5881071940172475,4636049.16933792,False,0.0,4.5881071940172475,0.0,0.0,0.0,26.427330160743857,0.14533135084923102,True,0,A2,False,,0.0,
9,6000,A2,feasibility,47941.975320672704,4.5881071940172475,4636049.16933792,False,0.0,4.5881071940172475,0.0,0.0,0.0,24.034245349965374,0.13548915881893914,False,0,A2,False,,0.0,
10,6600,A2,feasibility,47428.47542306162,3.612149153585027,3659577.6290080887,False,0.0,3.612149153585027,0.0,0.0,0.0,24.298268866004168,0.13793290106193795,True,0,A2,False,,0.0,
11,7200,A2,feasibility,47428.47542306162,3.612149153585027,3659577.6290080887,False,0.0,3.612149153585027,0.0,0.0,0.0,19.757941620205912,0.12766431512912765,False,0,A2,False,,0.0,
12,7800,A2,feasibility,47428.47542306162,3.612149153585027,3659577.6290080887,False,0.0,3.612149153585027,0.0,0.0,0.0,19.152343742352038,0.12454483714310177,False,0,A2,False,,0.0,
13,8400,A2,feasibility,47329.63754289098,3.4501136759236664,3497443.3134665573,False,0.0,3.4501136759236664,0.0,0.0,0.0,16.212878548801925,0.11473085844313971,True,0,A2,False,,0.0,
14,9000,A2,feasibility,47954.12602197407,1.3439216252279165,1391875.7512498905,False,0.0,1.3439216252279165,0.0,0.0,0.0,15.629175592216393,0.11383104971269636,True,0,A2,False,,0.0,
15,9600,A2,feasibility,47954.12602197407,1.3439216252279165,1391875.7512498905,False,0.0,1.3439216252279165,0.0,0.0,0.0,15.05750453140094,0.11173014387011751,False,0,A2,False,,0.0,
16,10200,A2,feasibility,47954.12602197407,1.3439216252279165,1391875.7512498905,False,0.0,1.3439216252279165,0.0,0.0,0.0,13.863351599220168,0.11218415912516394,False,0,A2,False,,0.0,
17,10800,A2,feasibility,47955.68751364926,1.0222104189678305,1070166.1064814797,False,0.0,1.0222104189678305,0.0,0.0,0.0,11.898895449681541,0.10945566516234781,True,0,A2,False,,0.0,
18,11400,A2,feasibility,48228.51221481776,0.7515749779251529,799803.4901399708,False,0.0,0.7515749779251529,0.0,0.0,0.0,10.63431791740641,0.10345308592033954,True,0,A2,False,,0.0,
19,12000,A2,feasibility,48147.42316051152,0.660447859782689,708595.2829432006,False,0.0,0.660447859782689,0.0,0.0,0.0,9.59922960522769,0.09762824244905609,True,0,A2,False,,0.0,
20,12600,A2,feasibility,48101.28887170696,0.4988476332629381,546948.922134645,False,0.0,0.4988476332629381,0.0,0.0,0.0,9.082432182309724,0.09896692961959508,True,0,A2,False,,0.0,
21,13200,A2,feasibility,48101.28887170696,0.4988476332629381,546948.922134645,False,0.0,0.4988476332629381,0.0,0.0,0.0,7.885908887991935,0.09384787787401822,False,0,A2,False,,0.0,
22,13800,A2,feasibility,47880.90556908535,0.3261224121934845,374003.3177625698,False,0.0,0.3261224121934845,0.0,0.0,0.0,6.975225707784221,0.0887458262704812,True,0,A2,False,,0.0,
23,14400,A2,feasibility,47880.90556908535,0.3261224121934845,374003.3177625698,False,0.0,0.3261224121934845,0.0,0.0,0.0,6.958044319734531,0.08960055289152462,False,0,A2,False,,0.0,
24,15000,A2,feasibility,47880.90556908535,0.3261224121934845,374003.3177625698,False,0.0,0.3261224121934845,0.0,0.0,0.0,5.83643781113935,0.08289034212035866,False,0,A2,False,,0.0,
25,15600,A2,feasibility,47961.64378769348,0.2703878439445205,318349.4877322139,False,0.0,0.2703878439445205,0.0,0.0,0.0,5.5240565937607276,0.08343555281502517,True,0,A2,False,,0.0,
26,16200,A2,feasibility,47961.64378769348,0.2703878439445205,318349.4877322139,False,0.0,0.2703878439445205,0.0,0.0,0.0,5.071581497839595,0.07844996400652321,False,0,A2,False,,0.0,
27,16800,A2,feasibility,47807.09234854499,0.20820178510914733,256008.87745769235,False,0.0,0.20820178510914733,0.0,0.0,0.0,4.855485077939212,0.07693176577811418,True,0,A2,False,,0.0,
28,17400,A2,feasibility,47841.617757716,0.14426235214556432,192103.96990328032,False,0.0,0.14426235214556432,0.0,0.0,0.0,4.627697469403866,0.07640724027793154,True,0,A2,False,,0.0,
29,18000,A2,feasibility,47841.617757716,0.14426235214556432,192103.96990328032,False,0.0,0.14426235214556432,0.0,0.0,0.0,3.9019975007153445,0.06838856183939562,False,0,A2,False,,0.0,
30,18600,A2,feasibility,47841.617757716,0.14426235214556432,192103.96990328032,False,0.0,0.14426235214556432,0.0,0.0,0.0,4.223722481293626,0.0731832974669339,False,0,A2,False,,0.0,
31,19200,A2,feasibility,47714.68372239598,0.09551699098744892,143231.6747098449,False,0.0,0.09551699098744892,0.0,0.0,0.0,3.5391432917216648,0.06486345964533825,True,0,A2,False,,0.0,
32,19800,A2,feasibility,47864.92108847594,0.07349222093843662,121357.14202691255,False,0.0,0.07349222093843662,0.0,0.0,0.0,3.4994538079357644,0.06490394118961416,True,0,A2,False,,0.0,
33,20400,A2,feasibility,47837.612099777754,0.0629823661480303,110819.97824780805,False,0.0,0.0629823661480303,0.0,0.0,0.0,3.0355588785694083,0.06422996460047546,True,0,A2,False,,0.0,
34,21000,A2,feasibility,47726.129458602816,0.019144031975895537,66870.16143449835,False,0.0,0.019144031975895537,0.0,0.0,0.0,2.5784610429174055,0.06217107402860492,True,0,A2,False,,0.0,
35,21600,A2,feasibility,47849.074280998655,0.005328684356570672,53177.75863756933,False,0.0,0.005328684356570672,0.0,0.0,0.0,2.728090154918829,0.06130121499148822,True,0,A2,False,,0.0,
36,22200,A2,cost,47723.25116355086,0.0,47723.25116355086,True,0.0016666666666666668,0.0,0.0,0.0,0.0,2.3178540281023,0.056885118648126634,True,0,A2,False,,0.0,
37,22800,A2,cost,47678.79157955409,0.0,47678.79157955409,True,0.01,0.0,0.0,0.0,0.0,2.090368847289061,0.05630296534306938,True,0,A2,False,,0.0,
38,23400,A2,cost,47643.63535912143,0.0,47643.63535912143,True,0.006666666666666667,0.0,0.0,0.0,0.0,1.7388504795095852,0.054631814578358556,True,0,A2,False,,0.0,
39,24000,A2,cost,47576.34127310783,0.0,47576.34127310783,True,0.015,0.0,0.0,0.0,0.0,1.7322087726499211,0.053646252769897304,True,0,A2,False,,0.0,
40,24600,A2,cost,47563.615758150496,0.0,47563.615758150496,True,0.021666666666666667,0.0,0.0,0.0,0.0,1.5971863362291754,0.051355559062259006,True,0,A2,False,,0.0,
41,25200,A2,cost,47389.3161853303,0.0,47389.3161853303,True,0.03333333333333333,0.0,0.0,0.0,0.0,1.5466443337385827,0.050448098921979115,True,0,A2,False,,0.0,
42,25800,A2,cost,47293.95002651606,0.0,47293.95002651606,True,0.06,0.0,0.0,0.0,0.0,1.2622967191086456,0.04870789210899881,True,0,A2,False,,0.0,
43,26400,A2,cost,47256.76054434615,0.0,47256.76054434615,True,0.1,0.0,0.0,0.0,0.0,1.137713153385564,0.049318986371857415,True,0,A2,False,,0.0,
44,27000,A2,cost,47212.63042734288,0.0,47212.63042734288,True,0.16,0.0,0.0,0.0,0.0,0.8592013247556756,0.047501554597694944,True,0,A2,False,,0.0,
45,27600,A2,cost,47132.72027559326,0.0,47132.72027559326,True,0.15333333333333332,0.0,0.0,0.0,0.0,0.8117619285223691,0.04531585655121516,True,0,A2,False,,0.0,
46,28200,A2,cost,47132.72027559326,0.0,47132.72027559326,True,0.17833333333333334,0.0,0.0,0.0,0.0,0.5838726406948144,0.04340798438190545,False,1,A2,False,,0.0,
47,28800,A2,cost,47040.71174104514,0.0,47040.71174104514,True,0.185,0.0,0.0,0.0,0.0,0.5791321180778247,0.041394190322035423,True,0,A2,False,,0.0,
48,29400,A2,cost,46948.83334516686,0.0,46948.83334516686,True,0.26666666666666666,0.0,0.0,0.0,0.0,0.3856875006763537,0.040596426918268556,True,0,A2,False,,0.0,
49,30000,A2,cost,46892.2819135975,0.0,46892.2819135975,True,0.19,0.0,0.0,0.0,0.0,0.45509585508187594,0.04188679298461235,True,0,A2,False,,0.0,
50,30600,A2,cost,46853.315426882866,0.0,46853.315426882866,True,0.13666666666666666,0.0,0.0,0.0,0.0,0.32297354962396024,0.039627624570753694,True,0,A2,False,,0.0,
51,31200,A2,cost,46830.21559482957,0.0,46830.21559482957,True,0.24,0.0,0.0,0.0,0.0,0.2741639014148419,0.039156966510420194,True,0,A2,False,,0.0,
52,31800,A2,cost,46830.21559482957,0.0,46830.21559482957,True,0.285,0.0,0.0,0.0,0.0,0.234588301674642,0.03807137251140854,False,1,A2,False,,0.0,
53,32400,A2,cost,46766.28116013056,0.0,46766.28116013056,True,0.19333333333333333,0.0,0.0,0.0,0.0,0.19425765554853583,0.034422313454958914,True,0,A2,False,,0.0,
54,33000,A2,cost,46702.535459533916,0.0,46702.535459533916,True,0.195,0.0,0.0,0.0,0.0,0.18223094072172213,0.03603254763945312,True,0,A2,False,,0.0,
55,33600,A2,cost,46699.646008258,0.0,46699.646008258,True,0.22833333333333333,0.0,0.0,0.0,0.0,0.12871164715442385,0.03407387790673633,True,0,A2,False,,0.0,
56,34200,A2,cost,46591.02461763885,0.0,46591.02461763885,True,0.33,0.0,0.0,0.0,0.0,0.09762250089410607,0.033180258799707846,True,0,A2,False,,0.0,
57,34800,A2,cost,46558.089122548736,0.0,46558.089122548736,True,0.23333333333333334,0.0,0.0,0.0,0.0,0.1057526062596544,0.03386858546812213,True,0,A2,False,,0.0,
58,35400,A2,cost,46450.581647305866,0.0,46450.581647305866,True,0.22166666666666668,0.0,0.0,0.0,0.0,0.07717244528031127,0.03130065773969983,True,0,A2,False,,0.0,
59,36000,A2,cost,46450.581647305866,0.0,46450.581647305866,True,0.15166666666666667,0.0,0.0,0.0,0.0,0.10647260071083009,0.03401782832479007,False,1,A2,False,,0.0,
60,36600,A2,cost,46443.903594153424,0.0,46443.903594153424,True,0.25333333333333335,0.0,0.0,0.0,0.0,0.06321497710042942,0.029564311390921805,True,0,A2,False,,0.0,
61,37200,A2,cost,46395.266101713656,0.0,46395.266101713656,True,0.275,0.0,0.0,0.0,0.0,0.037149154308969666,0.029663412431769978,True,0,A2,False,,0.0,
62,37800,A2,cost,46365.85085125259,0.0,46365.85085125259,True,0.355,0.0,0.0,0.0,0.0,0.029048501181458852,0.028161050071783947,True,0,A2,False,,0.0,
63,38400,A2,cost,46223.48688864874,0.0,46223.48688864874,True,0.2966666666666667,0.0,0.0,0.0,0.0,0.03367315746968014,0.030835326510179024,True,0,A2,False,,0.0,
64,39000,A2,cost,46098.33767530155,0.0,46098.33767530155,True,0.185,0.0,0.0,0.0,0.0,0.05452241274668501,0.029733728222937034,True,0,A2,False,,0.0,
65,39600,A2,cost,46098.33767530155,0.0,46098.33767530155,True,0.16333333333333333,0.0,0.0,0.0,0.0,0.04708529057188682,0.02895476861309435,False,1,A2,False,,0.0,
66,40200,A2,cost,46056.08696229842,0.0,46056.08696229842,True,0.15,0.0,0.0,0.0,0.0,0.05712984195471578,0.02938449652956443,True,0,A2,False,,0.0,
67,40800,A2,cost,46056.08696229842,0.0,46056.08696229842,True,0.2733333333333333,0.0,0.0,0.0,0.0,0.02895101078135509,0.02729032004714306,False,1,A2,False,,0.0,
68,41400,A2,cost,46043.88177080387,0.0,46043.88177080387,True,0.22833333333333333,0.0,0.0,0.0,0.0,0.030724405483383066,0.02686323491619468,True,0,A2,False,,0.0,
69,42000,A2,cost,46043.88177080387,0.0,46043.88177080387,True,0.19833333333333333,0.0,0.0,0.0,0.0,0.03560324699397022,0.027060397690100896,False,1,A2,False,,0.0,
70,42600,A2,cost,45992.545236782156,0.0,45992.545236782156,True,0.14,0.0,0.0,0.0,0.0,0.033683119243224535,0.025677971991735094,True,0,A2,False,,0.0,
71,43200,A2,cost,45938.4447646592,0.0,45938.4447646592,True,0.305,0.0,0.0,0.0,0.0,0.014631085072101646,0.027337819404306338,True,0,A2,False,,0.0,
72,43800,A2,cost,45895.20658989431,0.0,45895.20658989431,True,0.3433333333333333,0.0,0.0,0.0,0.0,0.011051343963348614,0.023983807608203567,True,0,A2,False,,0.0,
73,44400,A2,cost,45846.13813242227,0.0,45846.13813242227,True,0.11333333333333333,0.0,0.0,0.0,0.0,0.03942864644446516,0.02514338268926159,True,0,A2,False,,0.0,
74,45000,A2,cost,45774.94023343687,0.0,45774.94023343687,True,0.31166666666666665,0.0,0.0,0.0,0.0,0.012052293030414366,0.025178726208509503,True,0,A2,False,,0.0,
75,45600,A2,cost,45670.594783378416,0.0,45670.594783378416,True,0.375,0.0,0.0,0.0,0.0,0.007641815590543333,0.02456442901958307,True,0,A2,False,,0.0,
76,46200,A2,cost,45520.30369514991,0.0,45520.30369514991,True,0.36333333333333334,0.0,0.0,0.0,0.0,0.008635333995327048,0.02438524717713639,True,0,A2,False,,0.0,
77,46800,A2,cost,45520.30369514991,0.0,45520.30369514991,True,0.23166666666666666,0.0,0.0,0.0,0.0,0.0499238433865596,0.027480454098373644,False,1,A2,False,,0.0,
78,47400,A2,cost,45520.30369514991,0.0,45520.30369514991,True,0.19,0.0,0.0,0.0,0.0,0.054747706974547006,0.026965103895612463,False,2,A2,False,,0.0,
79,48000,A2,cost,45520.30369514991,0.0,45520.30369514991,True,0.31833333333333336,0.0,0.0,0.0,0.0,0.00701276450493693,0.02514529696095498,False,3,A2,False,,0.0,
80,48600,A2,cost,45481.91906767072,0.0,45481.91906767072,True,0.3283333333333333,0.0,0.0,0.0,0.0,0.0063533570296592234,0.02553971816295234,True,0,A2,False,,0.0,
81,49200,A2,cost,45416.20534247462,0.0,45416.20534247462,True,0.38166666666666665,0.0,0.0,0.0,0.0,0.009665949317771427,0.023579946170113258,True,0,A2,False,,0.0,
82,49800,A2,cost,45416.20534247462,0.0,45416.20534247462,True,0.2916666666666667,0.0,0.0,0.0,0.0,0.021156612697666298,0.024248521025022635,False,1,A2,False,,0.0,
83,50400,A2,cost,45416.20534247462,0.0,45416.20534247462,True,0.2633333333333333,0.0,0.0,0.0,0.0,0.02143726406539037,0.023639963278830375,False,2,A2,False,,0.0,
84,51000,A2,cost,45395.6654373293,0.0,45395.6654373293,True,0.3016666666666667,0.0,0.0,0.0,0.0,0.007176117235657253,0.02226454003915946,True,0,A2,False,,0.0,
85,51600,A2,cost,45362.21202242898,0.0,45362.21202242898,True,0.415,0.0,0.0,0.0,0.0,0.004663809405571762,0.022533277140228826,True,0,A2,False,,0.0,
86,52200,A2,cost,45260.24978411998,0.0,45260.24978411998,True,0.26666666666666666,0.0,0.0,0.0,0.0,0.01772913196430803,0.020744091762873555,True,0,A2,False,,0.0,
87,52800,A2,cost,45247.45447397504,0.0,45247.45447397504,True,0.4483333333333333,0.0,0.0,0.0,0.0,0.002330519043751108,0.021593451295413034,True,0,A2,False,,0.0,
88,53400,A2,cost,45186.308421049005,0.0,45186.308421049005,True,0.39,0.0,0.0,0.0,0.0,0.004117514344577522,0.018883017585549264,True,0,A2,False,,0.0,
89,54000,A2,cost,45139.51642612618,0.0,45139.51642612618,True,0.27166666666666667,0.0,0.0,0.0,0.0,0.007542200201982041,0.018594325743835245,True,0,A2,False,,0.0,
90,54600,A2,cost,45139.51642612618,0.0,45139.51642612618,True,0.4583333333333333,0.0,0.0,0.0,0.0,0.0018016704863437205,0.019458654121806904,False,1,A2,False,,0.0,
91,55200,A2,cost,45086.63592024256,0.0,45086.63592024256,True,0.4166666666666667,0.0,0.0,0.0,0.0,0.002653108778426172,0.02097570393660911,True,0,A2,False,,0.0,
92,55800,A2,cost,45014.593336907295,0.0,45014.593336907295,True,0.33,0.0,0.0,0.0,0.0,0.008810851095995775,0.019845813161917875,True,0,A2,False,,0.0,
93,56400,A2,cost,44964.775449200584,0.0,44964.775449200584,True,0.3983333333333333,0.0,0.0,0.0,0.0,0.004439601252833603,0.021610418458593173,True,0,A2,False,,0.0,
94,57000,A2,cost,44964.775449200584,0.0,44964.775449200584,True,0.27166666666666667,0.0,0.0,0.0,0.0,0.011019543770889095,0.020613670634955575,False,1,A2,False,,0.0,
95,57600,A2,cost,44931.84895065365,0.0,44931.84895065365,True,0.36333333333333334,0.0,0.0,0.0,0.0,0.005445899275209665,0.021674073942357534,True,0,A2,False,,0.0,
96,58200,A2,cost,44923.78483217472,0.0,44923.78483217472,True,0.42833333333333334,0.0,0.0,0.0,0.0,0.003591611302659281,0.02132959194335332,True,0,A2,False,,0.0,
97,58800,A2,cost,44904.256951707124,0.0,44904.256951707124,True,0.3933333333333333,0.0,0.0,0.0,0.0,0.0060936462325899745,0.023057613962965712,True,0,A2,False,,0.0,
98,59400,A2,cost,44875.301040159604,0.0,44875.301040159604,True,0.27166666666666667,0.0,0.0,0.0,0.0,0.01524022122776077,0.0204514816427364,True,0,A2,False,,0.0,
99,60000,A2,cost,44840.68013737264,0.0,44840.68013737264,True,0.27166666666666667,0.0,0.0,0.0,0.0,0.017788023980805256,0.02067338785831304,True,0,A2,False,,0.0,
100,60600,A2,cost,44840.68013737264,0.0,44840.68013737264,True,0.415,0.0,0.0,0.0,0.0,0.0024340771899679092,0.023272000050980398,False,1,A2,False,,0.0,
101,61200,A2,cost,44825.80138466063,0.0,44825.80138466063,True,0.215,0.0,0.0,0.0,0.0,0.015015899214284922,0.01998899328560912,True,0,A2,False,,0.0,
102,61800,A2,cost,44808.53041971042,0.0,44808.53041971042,True,0.35,0.0,0.0,0.0,0.0,0.009070100314131876,0.025541014668267387,True,0,A2,False,,0.0,
103,62400,A2,cost,44806.425282883516,0.0,44806.425282883516,True,0.17166666666666666,0.0,0.0,0.0,0.0,0.019231549721409724,0.02040590150155664,True,0,A2,False,,0.0,
104,63000,A2,cost,44806.425282883516,0.0,44806.425282883516,True,0.2683333333333333,0.0,0.0,0.0,0.0,0.01314841826724981,0.023080998887838308,False,1,A2,False,,0.0,
105,63600,A2,cost,44805.47831571335,0.0,44805.47831571335,True,0.205,0.0,0.0,0.0,0.0,0.03091388423909832,0.02395084467249846,True,0,A2,False,,0.0,
106,64200,A2,cost,44779.225181054004,0.0,44779.225181054004,True,0.21833333333333332,0.0,0.0,0.0,0.0,0.01533791724679216,0.021195721596770592,True,0,A2,False,,0.0,
107,64800,A2,cost,44766.28997542296,0.0,44766.28997542296,True,0.205,0.0,0.0,0.0,0.0,0.021478098204039675,0.019860733792411236,True,0,A2,False,,0.0,
108,65400,A2,cost,44766.28997542296,0.0,44766.28997542296,True,0.29833333333333334,0.0,0.0,0.0,0.0,0.007434821975267569,0.022637938119479433,False,1,A2,False,,0.0,
109,66000,A2,cost,44766.28997542296,0.0,44766.28997542296,True,0.205,0.0,0.0,0.0,0.0,0.01169688949899128,0.023249856488108487,False,2,A2,False,,0.0,
110,66600,A2,cost,44756.78504025591,0.0,44756.78504025591,True,0.145,0.0,0.0,0.0,0.0,0.018372776027401727,0.021957143609037073,True,0,A2,False,,0.0,
111,67200,A2,cost,44742.62649915464,0.0,44742.62649915464,True,0.185,0.0,0.0,0.0,0.0,0.01690598159799639,0.024434308904832655,True,0,A2,False,,0.0,
112,67800,A2,cost,44738.030035141244,0.0,44738.030035141244,True,0.20666666666666667,0.0,0.0,0.0,0.0,0.0182086905622193,0.02106773937475083,True,0,A2,False,,0.0,
113,68400,A2,cost,44738.030035141244,0.0,44738.030035141244,True,0.17833333333333334,0.0,0.0,0.0,0.0,0.012457001618169206,0.020682595433116166,False,1,A2,False,,0.0,
114,69000,A2,cost,44738.030035141244,0.0,44738.030035141244,True,0.24833333333333332,0.0,0.0,0.0,0.0,0.00661178377880034,0.02105750033287603,False,2,A2,False,,0.0,
115,69600,A2,cost,44732.79579751157,0.0,44732.79579751157,True,0.175,0.0,0.0,0.0,0.0,0.011468157612116281,0.01828527784785801,True,0,A2,False,,0.0,
116,70200,A2,cost,44732.746086452324,0.0,44732.746086452324,True,0.205,0.0,0.0,0.0,0.0,0.013058247999176542,0.019887085606777415,True,0,A2,False,,0.0,
117,70800,A2,cost,44724.89192832776,0.0,44724.89192832776,True,0.23,0.0,0.0,0.0,0.0,0.010286273117294947,0.021016483317087286,True,0,A2,False,,0.0,
118,71400,A2,cost,44715.964358032594,0.0,44715.964358032594,True,0.185,0.0,0.0,0.0,0.0,0.016253786560035288,0.016697760086713483,True,0,A2,False,,0.0,
119,72000,A2,cost,44687.87325924011,0.0,44687.87325924011,True,0.30333333333333334,0.0,0.0,0.0,0.0,0.005251508494416357,0.017873139964683916,True,0,A2,False,,0.0,
120,72600,A2,cost,44668.99447888287,0.0,44668.99447888287,True,0.15166666666666667,0.0,0.0,0.0,0.0,0.012895317411004914,0.018484965813151732,True,0,A2,False,,0.0,
121,73200,A2,cost,44668.99447888287,0.0,44668.99447888287,True,0.145,0.0,0.0,0.0,0.0,0.01342507485140465,0.020532542960293387,False,1,A2,False,,0.0,
122,73800,A2,cost,44667.54634485765,0.0,44667.54634485765,True,0.21,0.0,0.0,0.0,0.0,0.009141358948019818,0.02045675006243179,True,0,A2,False,,0.0,
123,74400,A2,cost,44667.54634485765,0.0,44667.54634485765,True,0.14,0.0,0.0,0.0,0.0,0.010471205650662174,0.01873132201056539,False,1,A2,False,,0.0,
124,75000,A2,cost,44662.71781138198,0.0,44662.71781138198,True,0.21166666666666667,0.0,0.0,0.0,0.0,0.007139063473189489,0.019785187070462992,True,0,A2,False,,0.0,
125,75600,A2,cost,44659.52018362975,0.0,44659.52018362975,True,0.05333333333333334,0.0,0.0,0.0,0.0,0.019377676245751707,0.01972532399106174,True,0,A2,False,,0.0,
126,76200,A2,cost,44656.04752082558,0.0,44656.04752082558,True,0.13833333333333334,0.0,0.0,0.0,0.0,0.012055841412027868,0.020718033924093437,True,0,A2,False,,0.0,
127,76800,A2,cost,44639.86985469058,0.0,44639.86985469058,True,0.14666666666666667,0.0,0.0,0.0,0.0,0.009487980085686964,0.01871030504633974,True,0,A2,False,,0.0,
128,77400,A2,cost,44639.86985469058,0.0,44639.86985469058,True,0.13,0.0,0.0,0.0,0.0,0.010982886309068851,0.018606080469805473,False,1,A2,False,,0.0,
129,78000,A2,cost,44639.86985469058,0.0,44639.86985469058,True,0.058333333333333334,0.0,0.0,0.0,0.0,0.01467635456144123,0.01975964162176989,False,2,A2,False,,0.0,
130,78600,A2,cost,44632.21784489704,0.0,44632.21784489704,True,0.18833333333333332,0.0,0.0,0.0,0.0,0.008250067873359024,0.018200302326785475,True,0,A2,False,,0.0,
131,79200,A2,cost,44632.21784489704,0.0,44632.21784489704,True,0.15333333333333332,0.0,0.0,0.0,0.0,0.009899193177122179,0.019035895623424212,False,1,A2,False,,0.0,
132,79800,A2,cost,44632.21784489704,0.0,44632.21784489704,True,0.11,0.0,0.0,0.0,0.0,0.010106075173906603,0.019518721869211893,False,2,A2,False,,0.0,
133,80400,A2,cost,44623.89390604461,0.0,44623.89390604461,True,0.165,0.0,0.0,0.0,0.0,0.006473797304748619,0.018504185973889135,True,0,A2,False,,0.0,
134,81000,A2,cost,44620.770486942754,0.0,44620.770486942754,True,0.08333333333333333,0.0,0.0,0.0,0.0,0.016929059608087105,0.017541748799039542,True,0,A2,False,,0.0,
135,81600,A2,cost,44610.74756870793,0.0,44610.74756870793,True,0.26666666666666666,0.0,0.0,0.0,0.0,0.005658280815079131,0.01659529085442993,True,0,A2,False,,0.0,
136,82200,A2,cost,44601.41810886184,0.0,44601.41810886184,True,0.12333333333333334,0.0,0.0,0.0,0.0,0.009995472922188497,0.01829667885129496,True,0,A2,False,,0.0,
137,82800,A2,cost,44600.92516142436,0.0,44600.92516142436,True,0.07166666666666667,0.0,0.0,0.0,0.0,0.011830671623617284,0.020664395592309186,True,0,A2,False,,0.0,
138,83400,A2,cost,44600.92516142436,0.0,44600.92516142436,True,0.045,0.0,0.0,0.0,0.0,0.021187167441948263,0.02003255986429257,False,1,A2,False,,0.0,
139,84000,A2,cost,44594.00550831321,0.0,44594.00550831321,True,0.19666666666666666,0.0,0.0,0.0,0.0,0.006610216827869664,0.018786319450430695,True,0,A2,False,,0.0,
140,84600,A2,cost,44594.00550831321,0.0,44594.00550831321,True,0.14,0.0,0.0,0.0,0.0,0.010347808666468783,0.019651377026494516,False,1,A2,False,,0.0,
141,85200,A2,cost,44589.733583529494,0.0,44589.733583529494,True,0.14833333333333334,0.0,0.0,0.0,0.0,0.007914842475226669,0.018773846187063053,True,0,A2,False,,0.0,
142,85800,A2,cost,44575.06436412946,0.0,44575.06436412946,True,0.17,0.0,0.0,0.0,0.0,0.00518794339441464,0.017378350440850128,True,0,A2,False,,0.0,
143,86400,A2,cost,44575.06436412946,0.0,44575.06436412946,True,0.17333333333333334,0.0,0.0,0.0,0.0,0.007519576365038194,0.016355006207114702,False,1,A2,False,,0.0,
144,87000,A2,cost,44543.71325368693,0.0,44543.71325368693,True,0.31666666666666665,0.0,0.0,0.0,0.0,0.0066872834596420905,0.01719396505203564,True,0,A2,False,,0.0,
145,87600,A2,cost,44543.71325368693,0.0,44543.71325368693,True,0.07333333333333333,0.0,0.0,0.0,0.0,0.010013091583649825,0.015703602846526797,False,1,A2,False,,0.0,
146,88200,A2,cost,44543.71325368693,0.0,44543.71325368693,True,0.10833333333333334,0.0,0.0,0.0,0.0,0.0093673694568992,0.017755751800814377,False,2,A2,False,,0.0,
147,88800,A2,cost,44541.751763967644,0.0,44541.751763967644,True,0.15833333333333333,0.0,0.0,0.0,0.0,0.007017701774240326,0.017172594236153034,True,0,A2,False,,0.0,
148,89400,A2,cost,44531.327861717735,0.0,44531.327861717735,True,0.08833333333333333,0.0,0.0,0.0,0.0,0.013468351095035191,0.018007435503759397,True,0,A2,False,,0.0,
149,90000,A2,cost,44531.327861717735,0.0,44531.327861717735,True,0.058333333333333334,0.0,0.0,0.0,0.0,0.01243739451882031,0.01841437240521944,False,1,A2,False,,0.0,
150,90600,A2,cost,44505.195780040165,0.0,44505.195780040165,True,0.17333333333333334,0.0,0.0,0.0,0.0,0.00640461084421462,0.0162272289780178,True,0,A2,False,,0.0,
151,91200,A2,cost,44505.195780040165,0.0,44505.195780040165,True,0.08333333333333333,0.0,0.0,0.0,0.0,0.010770618114950281,0.015972090977573565,False,1,A2,False,,0.0,
152,91800,A2,cost,44449.28558264977,0.0,44449.28558264977,True,0.11166666666666666,0.0,0.0,0.0,0.0,0.008412627788068727,0.01990506210880515,True,0,A2,False,,0.0,
153,92400,A2,cost,44449.28558264977,0.0,44449.28558264977,True,0.11666666666666667,0.0,0.0,0.0,0.0,0.011821629641887599,0.01684772833775483,False,1,A2,False,,0.0,
154,93000,A2,cost,44449.28558264977,0.0,44449.28558264977,True,0.2683333333333333,0.0,0.0,0.0,0.0,0.0038036600650266372,0.018353450306990007,False,2,A2,False,,0.0,
155,93600,A2,cost,44432.36105034918,0.0,44432.36105034918,True,0.06,0.0,0.0,0.0,0.0,0.010053687557767033,0.016865776976081177,True,0,A2,False,,0.0,
156,94200,A2,cost,44432.36105034918,0.0,44432.36105034918,True,0.17,0.0,0.0,0.0,0.0,0.008883757555570804,0.02025556879964654,False,1,A2,False,,0.0,
157,94800,A2,cost,44432.36105034918,0.0,44432.36105034918,True,0.07166666666666667,0.0,0.0,0.0,0.0,0.01755280863533737,0.01784916441498487,False,2,A2,False,,0.0,
158,95400,A2,cost,44429.31812790411,0.0,44429.31812790411,True,0.07333333333333333,0.0,0.0,0.0,0.0,0.009620022203165046,0.020606448149586714,True,0,A2,False,,0.0,
159,96000,A2,cost,44415.92560162512,0.0,44415.92560162512,True,0.19166666666666668,0.0,0.0,0.0,0.0,0.005822513006992658,0.019627823713217085,True,0,A2,False,,0.0,
160,96600,A2,cost,44405.48643051999,0.0,44405.48643051999,True,0.27,0.0,0.0,0.0,0.0,0.00429159684043634,0.016951234000389483,True,0,A2,False,,0.0,
161,97200,A2,cost,44391.37569067384,0.0,44391.37569067384,True,0.275,0.0,0.0,0.0,0.0,0.0037076715219223066,0.02041584621742129,True,0,A2,False,,0.0,
162,97800,A2,cost,44391.37569067384,0.0,44391.37569067384,True,0.11333333333333333,0.0,0.0,0.0,0.0,0.008518697237566153,0.01787655391446931,False,1,A2,False,,0.0,
163,98400,A2,cost,44387.72469122937,0.0,44387.72469122937,True,0.2966666666666667,0.0,0.0,0.0,0.0,0.002306302769415458,0.017389997009082354,True,0,A2,False,,0.0,
164,99000,A2,cost,44384.95103021333,0.0,44384.95103021333,True,0.11333333333333333,0.0,0.0,0.0,0.0,0.008393129836820057,0.02220006233029281,True,0,A2,False,,0.0,
165,99600,A2,cost,44376.93295849446,0.0,44376.93295849446,True,0.06833333333333333,0.0,0.0,0.0,0.0,0.010110667324050304,0.019946682428234913,True,0,A2,False,,0.0,
166,100200,A2,cost,44372.07691030217,0.0,44372.07691030217,True,0.18166666666666667,0.0,0.0,0.0,0.0,0.005233399591847432,0.019801159728847297,True,0,A2,False,,0.0,
167,100800,A2,cost,44357.73381599854,0.0,44357.73381599854,True,0.25666666666666665,0.0,0.0,0.0,0.0,0.005022221407232408,0.017862686235706905,True,0,A2,False,,0.0,
168,101400,A2,cost,44337.276923522804,0.0,44337.276923522804,True,0.285,0.0,0.0,0.0,0.0,0.0032049273045033537,0.019844157705212057,True,0,A2,False,,0.0,
169,102000,A2,cost,44337.276923522804,0.0,44337.276923522804,True,0.115,0.0,0.0,0.0,0.0,0.007892367944680807,0.019110365536967256,False,1,A2,False,,0.0,
170,102600,A2,cost,44337.276923522804,0.0,44337.276923522804,True,0.11333333333333333,0.0,0.0,0.0,0.0,0.008831392332012467,0.018498678413507535,False,2,A2,False,,0.0,
171,103200,A2,cost,44336.98061443268,0.0,44336.98061443268,True,0.21833333333333332,0.0,0.0,0.0,0.0,0.005805881780027833,0.01783929449134798,True,0,A2,False,,0.0,
172,103800,A2,cost,44336.98061443268,0.0,44336.98061443268,True,0.04833333333333333,0.0,0.0,0.0,0.0,0.012631913518472038,0.020594237491910965,False,1,A2,False,,0.0,
173,104400,A2,cost,44336.128272354035,0.0,44336.128272354035,True,0.055,0.0,0.0,0.0,0.0,0.010402656133561505,0.018994638952014063,True,0,A2,False,,0.0,
174,105000,A2,cost,44321.22543970836,0.0,44321.22543970836,True,0.17833333333333334,0.0,0.0,0.0,0.0,0.005317429188369971,0.018786506378641654,True,0,A2,False,,0.0,
175,105600,A2,cost,44321.22543970836,0.0,44321.22543970836,True,0.08166666666666667,0.0,0.0,0.0,0.0,0.008196340843739769,0.019270782302176097,False,1,A2,False,,0.0,
176,106200,A2,cost,44321.22543970836,0.0,44321.22543970836,True,0.05333333333333334,0.0,0.0,0.0,0.0,0.009358312344372899,0.021547194556637134,False,2,A2,False,,0.0,
177,106800,A2,cost,44321.22543970836,0.0,44321.22543970836,True,0.05333333333333334,0.0,0.0,0.0,0.0,0.01127186636778621,0.019645599232315143,False,3,A2,False,,0.0,
178,107400,A2,cost,44321.22543970836,0.0,44321.22543970836,True,0.085,0.0,0.0,0.0,0.0,0.007643499631234748,0.018898994452799425,False,4,A2,False,,0.0,
179,108000,A2,cost,44315.84902623576,0.0,44315.84902623576,True,0.125,0.0,0.0,0.0,0.0,0.0076756225324497995,0.0205371490725436,True,0,A2,False,,0.0,
180,108600,A2,cost,44315.84902623576,0.0,44315.84902623576,True,0.06833333333333333,0.0,0.0,0.0,0.0,0.008911754339979334,0.01858453420349719,False,1,A2,False,,0.0,
181,109200,A2,cost,44315.84902623576,0.0,44315.84902623576,True,0.07666666666666666,0.0,0.0,0.0,0.0,0.008767958828170386,0.01838303664884697,False,2,A2,False,,0.0,
182,109800,A2,cost,44315.84902623576,0.0,44315.84902623576,True,0.1,0.0,0.0,0.0,0.0,0.007553882409632839,0.01749832318053437,False,3,A2,False,,0.0,
183,110400,A2,cost,44303.42353540027,0.0,44303.42353540027,True,0.07666666666666666,0.0,0.0,0.0,0.0,0.007621020425777614,0.016869686525144995,True,0,A2,False,,0.0,
184,111000,A2,cost,44301.38990189018,0.0,44301.38990189018,True,0.11666666666666667,0.0,0.0,0.0,0.0,0.010631530327720018,0.017244936651455642,True,0,A2,False,,0.0,
185,111600,A2,cost,44301.38990189018,0.0,44301.38990189018,True,0.03666666666666667,0.0,0.0,0.0,0.0,0.011609597757497703,0.01869876949922432,False,1,A2,False,,0.0,
186,112200,A2,cost,44297.12617174156,0.0,44297.12617174156,True,0.105,0.0,0.0,0.0,0.0,0.007316812379649873,0.0158318730638644,True,0,A2,False,,0.0,
187,112800,A2,cost,44297.12617174156,0.0,44297.12617174156,True,0.13666666666666666,0.0,0.0,0.0,0.0,0.005342361595271905,0.0189691025588318,False,1,A2,False,,0.0,
188,113400,A2,cost,44297.12617174156,0.0,44297.12617174156,True,0.008333333333333333,0.0,0.0,0.0,0.0,0.01724556305317604,0.018294749129040253,False,2,A2,False,,0.0,
189,114000,A2,cost,44297.12617174156,0.0,44297.12617174156,True,0.05,0.0,0.0,0.0,0.0,0.007812617260457344,0.017976037759513824,False,3,A2,False,,0.0,
190,114600,A2,cost,44297.12617174156,0.0,44297.12617174156,True,0.15,0.0,0.0,0.0,0.0,0.006435026909266117,0.018961929105333855,False,4,A2,False,,0.0,
191,115200,A2,cost,44297.12617174156,0.0,44297.12617174156,True,0.04,0.0,0.0,0.0,0.0,0.012724077510149145,0.01987487963469875,False,5,A2,False,,0.0,
192,115800,A2,cost,44294.827493452874,0.0,44294.827493452874,True,0.005,0.0,0.0,0.0,0.0,0.014862408929873894,0.017247721419841777,True,0,A2,False,,0.0,
193,116400,A2,cost,44294.827493452874,0.0,44294.827493452874,True,0.11666666666666667,0.0,0.0,0.0,0.0,0.005881011249122214,0.017151553455237643,False,1,A2,False,,0.0,
194,117000,A2,cost,44289.54284054384,0.0,44289.54284054384,True,0.15666666666666668,0.0,0.0,0.0,0.0,0.0050463517366858834,0.019128275985174716,True,0,A2,False,,0.0,
195,117600,A2,cost,44289.54284054384,0.0,44289.54284054384,True,0.04,0.0,0.0,0.0,0.0,0.007771354451245216,0.017929404010251924,False,1,A2,False,,0.0,
196,118200,A2,cost,44288.41675081302,0.0,44288.41675081302,True,0.016666666666666666,0.0,0.0,0.0,0.0,0.012565299306536382,0.018075239061443784,True,0,A2,False,,0.0,
197,118800,A2,cost,44288.41675081302,0.0,44288.41675081302,True,0.02666666666666667,0.0,0.0,0.0,0.0,0.01821223064796318,0.018842253218290732,False,1,A2,False,,0.0,
198,119400,A2,cost,44288.41675081302,0.0,44288.41675081302,True,0.041666666666666664,0.0,0.0,0.0,0.0,0.013342602459938235,0.018608297950993582,False,2,A2,False,,0.0,
199,120000,A2,cost,44286.53889469044,0.0,44286.53889469044,True,0.025,0.0,0.0,0.0,0.0,0.011657589244541338,0.019100774150754552,True,0,A2,False,,0.0,
200,120600,A2,cost,44286.53889469044,0.0,44286.53889469044,True,0.08,0.0,0.0,0.0,0.0,0.007133669418800337,0.017872598516739106,False,1,A2,False,,0.0,
201,121200,A2,cost,44286.53889469044,0.0,44286.53889469044,True,0.07666666666666666,0.0,0.0,0.0,0.0,0.00802455978783782,0.01745248941071777,False,2,A2,False,,0.0,
202,121800,A2,cost,44286.53889469044,0.0,44286.53889469044,True,0.045,0.0,0.0,0.0,0.0,0.011085604229845947,0.018318380301794224,False,3,A2,False,,0.0,
203,122400,A2,cost,44260.19186056297,0.0,44260.19186056297,True,0.051666666666666666,0.0,0.0,0.0,0.0,0.008473025032316062,0.018815748681894964,True,0,A2,False,,0.0,
204,123000,A2,cost,44259.15896287194,0.0,44259.15896287194,True,0.10333333333333333,0.0,0.0,0.0,0.0,0.008549389447156552,0.01859882737966394,True,0,A2,False,,0.0,
205,123600,A2,cost,44247.14299327363,0.0,44247.14299327363,True,0.08166666666666667,0.0,0.0,0.0,0.0,0.008375668317761154,0.017321031015610278,True,0,A2,False,,0.0,
206,124200,A2,cost,44247.14299327363,0.0,44247.14299327363,True,0.16666666666666666,0.0,0.0,0.0,0.0,0.0045391009061627186,0.018712964370304716,False,1,A2,False,,0.0,
207,124800,A2,cost,44247.14299327363,0.0,44247.14299327363,True,0.015,0.0,0.0,0.0,0.0,0.014691631931852373,0.017216617666611103,False,2,A2,False,,0.0,
208,125400,A2,cost,44247.14299327363,0.0,44247.14299327363,True,0.20166666666666666,0.0,0.0,0.0,0.0,0.0028100123013741207,0.018230864675000562,False,3,A2,False,,0.0,
209,126000,A2,cost,44241.013430734005,0.0,44241.013430734005,True,0.13166666666666665,0.0,0.0,0.0,0.0,0.005683501726481133,0.016410311917561933,True,0,A2,False,,0.0,
210,126600,A2,cost,44241.013430734005,0.0,44241.013430734005,True,0.19,0.0,0.0,0.0,0.0,0.004344467335532287,0.015017203412374098,False,1,A2,False,,0.0,
211,127200,A2,cost,44241.013430734005,0.0,44241.013430734005,True,0.21166666666666667,0.0,0.0,0.0,0.0,0.005008372804893746,0.015757630859620467,False,2,A2,False,,0.0,
212,127800,A2,cost,44239.07807839595,0.0,44239.07807839595,True,0.19333333333333333,0.0,0.0,0.0,0.0,0.00463079148665102,0.016810337300708123,True,0,A2,False,,0.0,
213,128400,A2,cost,44239.07807839595,0.0,44239.07807839595,True,0.035,0.0,0.0,0.0,0.0,0.007705017517020352,0.016905369700227983,False,1,A2,False,,0.0,
214,129000,A2,cost,44239.07807839595,0.0,44239.07807839595,True,0.045,0.0,0.0,0.0,0.0,0.0073607726746400814,0.01930470058654758,False,2,A2,False,,0.0,
215,129600,A2,cost,44239.07807839595,0.0,44239.07807839595,True,0.075,0.0,0.0,0.0,0.0,0.0062729157810921254,0.017414494309336382,False,3,A2,False,,0.0,
216,130200,A2,cost,44239.07807839595,0.0,44239.07807839595,True,0.14833333333333334,0.0,0.0,0.0,0.0,0.004936386002636276,0.016150651113381098,False,4,A2,False,,0.0,
217,130800,A2,cost,44237.00930346659,0.0,44237.00930346659,True,0.058333333333333334,0.0,0.0,0.0,0.0,0.006177586685015409,0.01640724430916908,True,0,A2,False,,0.0,
218,131400,A2,cost,44237.00930346659,0.0,44237.00930346659,True,0.06,0.0,0.0,0.0,0.0,0.007372519632788406,0.016242113710012576,False,1,A2,False,,0.0,
219,132000,A2,cost,44237.00930346659,0.0,44237.00930346659,True,0.105,0.0,0.0,0.0,0.0,0.0058598457903435985,0.015967699829366085,False,2,A2,False,,0.0,
220,132600,A2,cost,44237.00930346659,0.0,44237.00930346659,True,0.13,0.0,0.0,0.0,0.0,0.004382059369463712,0.018237270651752853,False,3,A2,False,,0.0,
221,133200,A2,cost,44236.02050147266,0.0,44236.02050147266,True,0.08166666666666667,0.0,0.0,0.0,0.0,0.005445356947399619,0.015802073869168883,True,0,A2,False,,0.0,
222,133800,A2,cost,44225.09880362073,0.0,44225.09880362073,True,0.05333333333333334,0.0,0.0,0.0,0.0,0.006897288423008963,0.015965409766177528,True,0,A2,False,,0.0,
223,134400,A2,cost,44225.09880362073,0.0,44225.09880362073,True,0.12,0.0,0.0,0.0,0.0,0.006202334875026357,0.01652203903238178,False,1,A2,False,,0.0,
224,135000,A2,cost,44225.09880362073,0.0,44225.09880362073,True,0.08833333333333333,0.0,0.0,0.0,0.0,0.006885722721267099,0.01767077265644241,False,2,A2,False,,0.0,
225,135600,A2,cost,44225.09880362073,0.0,44225.09880362073,True,0.14833333333333334,0.0,0.0,0.0,0.0,0.0033750042156956983,0.015306032486510147,False,3,A2,False,,0.0,
226,136200,A2,cost,44225.09880362073,0.0,44225.09880362073,True,0.20666666666666667,0.0,0.0,0.0,0.0,0.0019089419642113192,0.019978047875022536,False,4,A2,False,,0.0,
227,136800,A2,cost,44225.09880362073,0.0,44225.09880362073,True,0.041666666666666664,0.0,0.0,0.0,0.0,0.007684997123982903,0.015691086130249575,False,5,A2,False,,0.0,
228,137400,A2,cost,44219.25116888737,0.0,44219.25116888737,True,0.14,0.0,0.0,0.0,0.0,0.0034368012237622645,0.016691069900200375,True,0,A2,False,,0.0,
229,138000,A2,cost,44218.48275087314,0.0,44218.48275087314,True,0.085,0.0,0.0,0.0,0.0,0.008314468968886206,0.015694345290017626,True,0,A2,False,,0.0,
230,138600,A2,cost,44218.48275087314,0.0,44218.48275087314,True,0.175,0.0,0.0,0.0,0.0,0.0028433174754728175,0.017692074284349144,False,1,A2,False,,0.0,
231,139200,A2,cost,44218.48275087314,0.0,44218.48275087314,True,0.01,0.0,0.0,0.0,0.0,0.009459109067216104,0.016701022880451135,False,2,A2,False,,0.0,
232,139800,A2,cost,44218.48275087314,0.0,44218.48275087314,True,0.12833333333333333,0.0,0.0,0.0,0.0,0.0037393913304696325,0.017747910127880812,False,3,A2,False,,0.0,
233,140400,A2,cost,44218.48275087314,0.0,44218.48275087314,True,0.17,0.0,0.0,0.0,0.0,0.004189334909560194,0.015330194016430673,False,4,A2,False,,0.0,
234,141000,A2,cost,44218.48275087314,0.0,44218.48275087314,True,0.14,0.0,0.0,0.0,0.0,0.0032773447930590856,0.017319541267839755,False,5,A2,False,,0.0,
235,141600,A2,cost,44218.48275087314,0.0,44218.48275087314,True,0.065,0.0,0.0,0.0,0.0,0.005477391578400525,0.016481668025303202,False,6,A2,False,,0.0,
236,142200,A2,cost,44218.48275087314,0.0,44218.48275087314,True,0.08666666666666667,0.0,0.0,0.0,0.0,0.004520074975291566,0.01996576899598545,False,7,A2,False,,0.0,
237,142800,A2,cost,44218.48275087314,0.0,44218.48275087314,True,0.043333333333333335,0.0,0.0,0.0,0.0,0.007959885682005941,0.016076347084559132,False,8,A2,False,,0.0,
238,143400,A2,cost,44218.48275087314,0.0,44218.48275087314,True,0.11,0.0,0.0,0.0,0.0,0.003245163736848526,0.017258066438538656,False,9,A2,False,,0.0,
239,144000,A2,cost,44218.48275087314,0.0,44218.48275087314,True,0.15166666666666667,0.0,0.0,0.0,0.0,0.0030115307333692387,0.01597977836248783,False,10,A2,False,,0.0,
240,144600,A2,cost,44218.48275087314,0.0,44218.48275087314,True,0.14166666666666666,0.0,0.0,0.0,0.0,0.002450577192711245,0.017916558144484323,False,11,A2,False,,0.0,
241,145200,A2,cost,44218.48275087314,0.0,44218.48275087314,True,0.013333333333333334,0.0,0.0,0.0,0.0,0.007574526938196676,0.016827611487013006,False,12,A2,False,,0.0,
242,145800,A2,cost,44218.48275087314,0.0,44218.48275087314,True,0.12166666666666667,0.0,0.0,0.0,0.0,0.004233800292349173,0.01707258722849696,False,13,A2,False,,0.0,
243,146400,A2,cost,44218.48275087314,0.0,44218.48275087314,True,0.135,0.0,0.0,0.0,0.0,0.0028841737140203588,0.019530822116831173,False,14,A2,False,,0.0,
244,147000,A2,cost,44218.48275087314,0.0,44218.48275087314,True,0.011666666666666667,0.0,0.0,0.0,0.0,0.008725871523078767,0.016913514815070682,False,15,A2,False,,0.0,
245,147600,A2,cost,44218.48275087314,0.0,44218.48275087314,True,0.01,0.0,0.0,0.0,0.0,0.008271845712772508,0.01781345358906035,False,16,A2,False,,0.0,
246,148200,A2,cost,44218.48275087314,0.0,44218.48275087314,True,0.24833333333333332,0.0,0.0,0.0,0.0,0.0017218884404275325,0.017006001018943492,False,17,A2,False,,0.0,
247,148800,A2,cost,44212.38856247384,0.0,44212.38856247384,True,0.058333333333333334,0.0,0.0,0.0,0.0,0.005352635356527968,0.014348434882006553,True,0,A2,False,,0.0,
248,149400,A2,cost,44205.67602769861,0.0,44205.67602769861,True,0.37333333333333335,0.0,0.0,0.0,0.0,0.0018594728333223287,0.018717604436199024,True,0,A2,False,,0.0,
249,150000,A2,cost,44203.81717735826,0.0,44203.81717735826,True,0.018333333333333333,0.0,0.0,0.0,0.0,0.010207472304671183,0.016008857793741563,True,0,A2,False,,0.0,
250,150600,A2,cost,44203.81717735826,0.0,44203.81717735826,True,0.043333333333333335,0.0,0.0,0.0,0.0,0.005990379148646811,0.015468339267267782,False,1,A2,False,,0.0,
251,151200,A2,cost,44203.81717735826,0.0,44203.81717735826,True,0.2816666666666667,0.0,0.0,0.0,0.0,0.003984547654639514,0.014530697418135211,False,2,A2,False,,0.0,
252,151800,A2,cost,44201.585108357605,0.0,44201.585108357605,True,0.425,0.0,0.0,0.0,0.0,0.0005803215903125973,0.016182807375107435,True,0,A2,False,,0.0,
253,152400,A2,cost,44197.91892263292,0.0,44197.91892263292,True,0.04666666666666667,0.0,0.0,0.0,0.0,0.0038831961572961464,0.01603851413664996,True,0,A2,False,,0.0,
254,153000,A2,cost,44197.91892263292,0.0,44197.91892263292,True,0.06666666666666667,0.0,0.0,0.0,0.0,0.004512297352037871,0.01812358715562669,False,1,A2,False,,0.0,
255,153600,A2,cost,44197.91892263292,0.0,44197.91892263292,True,0.1,0.0,0.0,0.0,0.0,0.007970164562284929,0.017118472792689306,False,2,A2,False,,0.0,
256,154200,A2,cost,44197.91892263292,0.0,44197.91892263292,True,0.13666666666666666,0.0,0.0,0.0,0.0,0.0039625457614990076,0.019296033159920886,False,3,A2,False,,0.0,
257,154800,A2,cost,44197.91892263292,0.0,44197.91892263292,True,0.03,0.0,0.0,0.0,0.0,0.005667881785478442,0.0171673602472801,False,4,A2,False,,0.0,
258,155400,A2,cost,44197.02902889441,0.0,44197.02902889441,True,0.14833333333333334,0.0,0.0,0.0,0.0,0.003424105352431776,0.01933845883331929,True,0,A2,False,,0.0,
259,156000,A2,cost,44197.02902889441,0.0,44197.02902889441,True,0.155,0.0,0.0,0.0,0.0,0.0037266635858949145,0.015242583364139627,False,1,A2,False,,0.0,
260,156600,A2,cost,44191.06574137642,0.0,44191.06574137642,True,0.07833333333333334,0.0,0.0,0.0,0.0,0.0035656449291490587,0.017172178237090083,True,0,A2,False,,0.0,
261,157200,A2,cost,44191.06574137642,0.0,44191.06574137642,True,0.12166666666666667,0.0,0.0,0.0,0.0,0.0037602269165006863,0.017256766463853993,False,1,A2,False,,0.0,
262,157800,A2,cost,44191.06574137642,0.0,44191.06574137642,True,0.015,0.0,0.0,0.0,0.0,0.006400590022054509,0.014923618301624962,False,2,A2,False,,0.0,
263,158400,A2,cost,44191.06574137642,0.0,44191.06574137642,True,0.11166666666666666,0.0,0.0,0.0,0.0,0.0020008348804854657,0.015231921367496697,False,3,A2,False,,0.0,
264,159000,A2,cost,44191.06574137642,0.0,44191.06574137642,True,0.18666666666666668,0.0,0.0,0.0,0.0,0.0011625003357164617,0.013979915683309727,False,4,A2,False,,0.0,
265,159600,A2,cost,44191.06574137642,0.0,44191.06574137642,True,0.025,0.0,0.0,0.0,0.0,0.004942733113971154,0.015766031585406005,False,5,A2,False,,0.0,
266,160200,A2,cost,44191.06574137642,0.0,44191.06574137642,True,0.08666666666666667,0.0,0.0,0.0,0.0,0.0012458229281346433,0.018113046753738916,False,6,A2,False,,0.0,
267,160800,A2,cost,44191.06574137642,0.0,44191.06574137642,True,0.008333333333333333,0.0,0.0,0.0,0.0,0.004483849736701181,0.016757572509057104,False,7,A2,False,,0.0,
268,161400,A2,cost,44191.06574137642,0.0,44191.06574137642,True,0.04,0.0,0.0,0.0,0.0,0.0033834503901459074,0.01528844780183864,False,8,A2,False,,0.0,
269,162000,A2,cost,44161.4687057756,0.0,44161.4687057756,True,0.16,0.0,0.0,0.0,0.0,0.003776847353943058,0.01449607358862232,True,0,A2,False,,0.0,
270,162600,A2,cost,44161.4687057756,0.0,44161.4687057756,True,0.095,0.0,0.0,0.0,0.0,0.002748046726460081,0.0187741388558787,False,1,A2,False,,0.0,
271,163200,A2,cost,44161.4687057756,0.0,44161.4687057756,True,0.0016666666666666668,0.0,0.0,0.0,0.0,0.00531219714443607,0.017364228532674775,False,2,A2,False,,0.0,
272,163800,A2,cost,44161.4687057756,0.0,44161.4687057756,True,0.0033333333333333335,0.0,0.0,0.0,0.0,0.006685373193332585,0.01591113174684284,False,3,A2,False,,0.0,
273,164400,A2,cost,44161.4687057756,0.0,44161.4687057756,True,0.36833333333333335,0.0,0.0,0.0,0.0,0.0019389679682100258,0.01589907221348741,False,4,A2,False,,0.0,
274,165000,A2,cost,44161.4687057756,0.0,44161.4687057756,True,0.23333333333333334,0.0,0.0,0.0,0.0,0.002248023186984923,0.014477737052871096,False,5,A2,False,,0.0,
275,165600,A2,cost,44161.4687057756,0.0,44161.4687057756,True,0.035,0.0,0.0,0.0,0.0,0.0021523488186327173,0.018969089510367704,False,6,A2,False,,0.0,
276,166200,A2,cost,44161.4687057756,0.0,44161.4687057756,True,0.006666666666666667,0.0,0.0,0.0,0.0,0.006055698776274321,0.016114012767224194,False,7,A2,False,,0.0,
277,166800,A2,cost,44151.06596177533,0.0,44151.06596177533,True,0.13833333333333334,0.0,0.0,0.0,0.0,0.002101604785516124,0.013821512994950531,True,0,A2,False,,0.0,
278,167400,A2,cost,44123.55842781661,0.0,44123.55842781661,True,0.57,0.0,0.0,0.0,0.0,0.0,0.014771593673348234,True,0,A2,False,,0.0,
279,168000,A2,cost,44109.73003328602,0.0,44109.73003328602,True,0.36,0.0,0.0,0.0,0.0,0.0017486452225916604,0.013584702323459711,True,0,A2,False,,0.0,
280,168600,A2,cost,44092.99862217721,0.0,44092.99862217721,True,0.4116666666666667,0.0,0.0,0.0,0.0,0.0012194530724595567,0.015599957184404538,True,0,A2,False,,0.0,
281,169200,A2,cost,44063.42632140654,0.0,44063.42632140654,True,0.20333333333333334,0.0,0.0,0.0,0.0,0.003466216642038944,0.015746228657696218,True,0,A2,False,,0.0,
282,169800,A2,cost,44045.01652165751,0.0,44045.01652165751,True,0.30333333333333334,0.0,0.0,0.0,0.0,0.002281040780334198,0.016029441536675997,True,0,A2,False,,0.0,
283,170400,A2,cost,44045.01652165751,0.0,44045.01652165751,True,0.44333333333333336,0.0,0.0,0.0,0.0,0.0002506411895539055,0.017271391540779484,False,1,A2,False,,0.0,
284,171000,A2,cost,44041.164315501606,0.0,44041.164315501606,True,0.14333333333333334,0.0,0.0,0.0,0.0,0.0041492968908581375,0.017118577086988225,True,0,A2,False,,0.0,
285,171600,A2,cost,44038.276718346344,0.0,44038.276718346344,True,0.17,0.0,0.0,0.0,0.0,0.00235495526087548,0.017639986822843217,True,0,A2,False,,0.0,
286,172200,A2,cost,44026.55912308459,0.0,44026.55912308459,True,0.355,0.0,0.0,0.0,0.0,0.0004838882983323245,0.01681377385219575,True,0,A2,False,,0.0,
287,172800,A2,cost,44026.55912308459,0.0,44026.55912308459,True,0.22833333333333333,0.0,0.0,0.0,0.0,0.0009152852141128894,0.0172554124707964,False,1,A2,False,,0.0,
288,173400,A2,cost,44018.32061186878,0.0,44018.32061186878,True,0.17,0.0,0.0,0.0,0.0,0.0012348658985737338,0.017435214106164488,True,0,A2,False,,0.0,
289,174000,A2,cost,44018.179987194104,0.0,44018.179987194104,True,0.095,0.0,0.0,0.0,0.0,0.003521344035483587,0.017191790779072156,True,0,A2,False,,0.0,
290,174600,A2,cost,44007.68262989135,0.0,44007.68262989135,True,0.135,0.0,0.0,0.0,0.0,0.0022752067122590704,0.015660668667140037,True,0,A2,False,,0.0,
291,175200,A2,cost,44007.68262989135,0.0,44007.68262989135,True,0.45,0.0,0.0,0.0,0.0,0.00010770472407847602,0.01689152709854865,False,1,A2,False,,0.0,
292,175800,A2,cost,43999.41282708474,0.0,43999.41282708474,True,0.10166666666666667,0.0,0.0,0.0,0.0,0.0008390879988526242,0.015123145641569333,True,0,A2,False,,0.0,
293,176400,A2,cost,43997.66958221774,0.0,43997.66958221774,True,0.20833333333333334,0.0,0.0,0.0,0.0,0.000489854258951894,0.015649913257875278,True,0,A2,False,,0.0,
294,177000,A2,cost,43997.66958221774,0.0,43997.66958221774,True,0.19333333333333333,0.0,0.0,0.0,0.0,0.0005142257874974317,0.01690962788024232,False,1,A2,False,,0.0,
295,177600,A2,cost,43997.66958221774,0.0,43997.66958221774,True,0.10333333333333333,0.0,0.0,0.0,0.0,0.0004864972928690629,0.01568814890641774,False,2,A2,False,,0.0,
296,178200,A2,cost,43997.66958221774,0.0,43997.66958221774,True,0.03166666666666667,0.0,0.0,0.0,0.0,0.0023806343206149716,0.01652895922695885,False,3,A2,False,,0.0,
297,178800,A2,cost,43991.09031310744,0.0,43991.09031310744,True,0.33,0.0,0.0,0.0,0.0,0.00020576144664312678,0.014742879686203355,True,0,A2,False,,0.0,
298,179400,A2,cost,43969.30615604438,0.0,43969.30615604438,True,0.64,0.0,0.0,0.0,0.0,0.0,0.01605991303571587,True,0,A2,False,,0.0,
299,180000,A2,cost,43957.131170850895,0.0,43957.131170850895,True,0.645,0.0,0.0,0.0,0.0,0.0,0.014557932476688636,True,0,A2,False,,0.0,
300,180600,A2,cost,43930.19739724168,0.0,43930.19739724168,True,0.31,0.0,0.0,0.0,0.0,0.00022540510596170312,0.016250363657392835,True,0,A2,False,,0.0,
301,181200,A2,cost,43904.933176959385,0.0,43904.933176959385,True,0.16833333333333333,0.0,0.0,0.0,0.0,0.0002993024312225145,0.015035191379805924,True,0,A2,False,,0.0,
302,181800,A2,cost,43899.17807248093,0.0,43899.17807248093,True,0.675,0.0,0.0,0.0,0.0,0.0,0.015069274110230865,True,0,A2,False,,0.0,
303,182400,A2,cost,43853.431709063094,0.0,43853.431709063094,True,0.7216666666666667,0.0,0.0,0.0,0.0,0.0,0.01502877538624503,True,0,A2,False,,0.0,
304,183000,A2,cost,43824.18390651298,0.0,43824.18390651298,True,0.5833333333333334,0.0,0.0,0.0,0.0,0.0,0.014336702905952022,True,0,A2,False,,0.0,
305,183600,A2,cost,43808.032092696725,0.0,43808.032092696725,True,0.14166666666666666,0.0,0.0,0.0,0.0,0.008448861206033609,0.013599935450302027,True,0,A2,False,,0.0,
306,184200,A2,cost,43808.032092696725,0.0,43808.032092696725,True,0.635,0.0,0.0,0.0,0.0,0.0,0.015487161712777605,False,1,A2,False,,0.0,
307,184800,A2,cost,43794.85741476281,0.0,43794.85741476281,True,0.6083333333333333,0.0,0.0,0.0,0.0,0.0,0.014604063146695954,True,0,A2,False,,0.0,
308,185400,A2,cost,43768.460795765335,0.0,43768.460795765335,True,0.6266666666666667,0.0,0.0,0.0,0.0,0.0,0.015307868926666376,True,0,A2,False,,0.0,
309,186000,A2,cost,43760.76285880491,0.0,43760.76285880491,True,0.065,0.0,0.0,0.0,0.0,0.007941978072421814,0.015111111958483189,True,0,A2,False,,0.0,
310,186600,A2,cost,43753.705706643574,0.0,43753.705706643574,True,0.6316666666666667,0.0,0.0,0.0,0.0,0.0,0.01514329041433687,True,0,A2,False,,0.0,
311,187200,A2,cost,43729.71868379433,0.0,43729.71868379433,True,0.615,0.0,0.0,0.0,0.0,0.0,0.01330819125464632,True,0,A2,False,,0.0,
312,187800,A2,cost,43705.72816201081,0.0,43705.72816201081,True,0.6316666666666667,0.0,0.0,0.0,0.0,0.0,0.012020252348941078,True,0,A2,False,,0.0,
313,188400,A2,cost,43670.38938742653,0.0,43670.38938742653,True,0.5066666666666667,0.0,0.0,0.0,0.0,0.0,0.015171079526884993,True,0,A2,False,,0.0,
314,189000,A2,cost,43645.32961032401,0.0,43645.32961032401,True,0.3516666666666667,0.0,0.0,0.0,0.0,0.0013872530886341514,0.0159663383123996,True,0,A2,False,,0.0,
315,189600,A2,cost,43645.32961032401,0.0,43645.32961032401,True,0.2,0.0,0.0,0.0,0.0,0.005699843015207465,0.01655707110947733,False,1,A2,False,,0.0,
316,190200,A2,cost,43638.609279558725,0.0,43638.609279558725,True,0.3983333333333333,0.0,0.0,0.0,0.0,0.0005473946295759073,0.01770671037050756,True,0,A2,False,,0.0,
317,190800,A2,cost,43634.37447448744,0.0,43634.37447448744,True,0.355,0.0,0.0,0.0,0.0,0.0010582943926997026,0.014449347632409142,True,0,A2,False,,0.0,
318,191400,A2,cost,43633.4086407891,0.0,43633.4086407891,True,0.3616666666666667,0.0,0.0,0.0,0.0,0.0009712986821677205,0.01590316523597438,True,0,A2,False,,0.0,
319,192000,A2,cost,43622.558455202234,0.0,43622.558455202234,True,0.43166666666666664,0.0,0.0,0.0,0.0,0.0008376435442829511,0.017864803683418515,True,0,A2,False,,0.0,
320,192600,A2,cost,43621.39817902035,0.0,43621.39817902035,True,0.155,0.0,0.0,0.0,0.0,0.0018293917531409557,0.015541058517159914,True,0,A2,False,,0.0,
321,193200,A2,cost,43613.80685322947,0.0,43613.80685322947,True,0.36,0.0,0.0,0.0,0.0,0.0006422166713153802,0.0170754862541672,True,0,A2,False,,0.0,
322,193800,A2,cost,43613.80685322947,0.0,43613.80685322947,True,0.385,0.0,0.0,0.0,0.0,0.000355607942474645,0.016186477550011638,False,1,A2,False,,0.0,
323,194400,A2,cost,43610.044044673596,0.0,43610.044044673596,True,0.3933333333333333,0.0,0.0,0.0,0.0,0.002655914198919529,0.016543354808592,True,0,A2,False,,0.0,
324,195000,A2,cost,43585.81666097895,0.0,43585.81666097895,True,0.23833333333333334,0.0,0.0,0.0,0.0,0.0017950470727003656,0.01675873440926386,True,0,A2,False,,0.0,
325,195600,A2,cost,43581.487674724776,0.0,43581.487674724776,True,0.635,0.0,0.0,0.0,0.0,0.0,0.016534215652107116,True,0,A2,False,,0.0,
326,196200,A2,cost,43550.15403864725,0.0,43550.15403864725,True,0.505,0.0,0.0,0.0,0.0,0.0,0.016604112199579538,True,0,A2,False,,0.0,
327,196800,A2,cost,43538.03747746073,0.0,43538.03747746073,True,0.55,0.0,0.0,0.0,0.0,0.0,0.01606933728915879,True,0,A2,False,,0.0,
328,197400,A2,cost,43514.372800619196,0.0,43514.372800619196,True,0.5966666666666667,0.0,0.0,0.0,0.0,0.0,0.01768441118881248,True,0,A2,False,,0.0,
329,198000,A2,cost,43502.57609177289,0.0,43502.57609177289,True,0.415,0.0,0.0,0.0,0.0,0.002038254918503668,0.018811004937992974,True,0,A2,False,,0.0,
330,198600,A2,cost,43478.91924008193,0.0,43478.91924008193,True,0.285,0.0,0.0,0.0,0.0,0.007885606837242598,0.01999098781040664,True,0,A2,False,,0.0,
331,199200,A2,cost,43466.97651432352,0.0,43466.97651432352,True,0.61,0.0,0.0,0.0,0.0,0.0,0.01807340176510482,True,0,A2,False,,0.0,
332,199800,A2,cost,43443.03019624251,0.0,43443.03019624251,True,0.5416666666666666,0.0,0.0,0.0,0.0,0.0,0.017553323044672553,True,0,A2,False,,0.0,
333,200400,A2,cost,43423.321693150996,0.0,43423.321693150996,True,0.4866666666666667,0.0,0.0,0.0,0.0,9.694039401561365e-05,0.019166775527517017,True,0,A2,False,,0.0,
334,201000,A2,cost,43410.065195077565,0.0,43410.065195077565,True,0.33666666666666667,0.0,0.0,0.0,0.0,0.0013606342581719665,0.019938149162670074,True,0,A2,False,,0.0,
335,201600,A2,cost,43404.696524254265,0.0,43404.696524254265,True,0.2816666666666667,0.0,0.0,0.0,0.0,0.004693199055568531,0.01932184831200701,True,0,A2,False,,0.0,
336,202200,A2,cost,43404.696524254265,0.0,43404.696524254265,True,0.4766666666666667,0.0,0.0,0.0,0.0,0.00010955779108450988,0.018674699827178714,False,1,A2,False,,0.0,
337,202800,A2,cost,43398.57218762563,0.0,43398.57218762563,True,0.4766666666666667,0.0,0.0,0.0,0.0,5.539001191173417e-05,0.018584520727649337,True,0,A2,False,,0.0,
338,203400,A2,cost,43382.82726937158,0.0,43382.82726937158,True,0.4,0.0,0.0,0.0,0.0,0.00023954136819375192,0.01861600730915232,True,0,A2,False,,0.0,
339,204000,A2,cost,43372.413111447866,0.0,43372.413111447866,True,0.37,0.0,0.0,0.0,0.0,0.0004942268683206131,0.015912278592873197,True,0,A2,False,,0.0,
340,204600,A2,cost,43351.30227579104,0.0,43351.30227579104,True,0.395,0.0,0.0,0.0,0.0,0.003493748110242538,0.017131905387714367,True,0,A2,False,,0.0,
341,205200,A2,cost,43335.40119325536,0.0,43335.40119325536,True,0.295,0.0,0.0,0.0,0.0,0.0023453085438702283,0.018228476851984973,True,0,A2,False,,0.0,
342,205800,A2,cost,43335.40119325536,0.0,43335.40119325536,True,0.185,0.0,0.0,0.0,0.0,0.00559616993411843,0.018411052706249584,False,1,A2,False,,0.0,
343,206400,A2,cost,43335.40119325536,0.0,43335.40119325536,True,0.355,0.0,0.0,0.0,0.0,0.0008060629210423127,0.017758756487670786,False,2,A2,False,,0.0,
344,207000,A2,cost,43335.40119325536,0.0,43335.40119325536,True,0.3466666666666667,0.0,0.0,0.0,0.0,0.0026085330715406307,0.01742847749413972,False,3,A2,False,,0.0,
345,207600,A2,cost,43328.4801132711,0.0,43328.4801132711,True,0.315,0.0,0.0,0.0,0.0,0.000999959457659886,0.019733457298741066,True,0,A2,False,,0.0,
346,208200,A2,cost,43327.10377641996,0.0,43327.10377641996,True,0.21333333333333335,0.0,0.0,0.0,0.0,0.0030583917665818324,0.01886153000946673,True,0,A2,False,,0.0,
347,208800,A2,cost,43325.68984070822,0.0,43325.68984070822,True,0.20166666666666666,0.0,0.0,0.0,0.0,0.006340459136593483,0.015578753972825623,True,0,A2,False,,0.0,
348,209400,A2,cost,43325.195216287364,0.0,43325.195216287364,True,0.465,0.0,0.0,0.0,0.0,9.07471170019214e-05,0.019317294466648198,True,0,A2,False,,0.0,
349,210000,A2,cost,43322.30501657427,0.0,43322.30501657427,True,0.3283333333333333,0.0,0.0,0.0,0.0,0.0004698167505936546,0.016006910414752783,True,0,A2,False,,0.0,
350,210600,A2,cost,43321.50378729474,0.0,43321.50378729474,True,0.32166666666666666,0.0,0.0,0.0,0.0,0.0030930487351756115,0.018258912971579604,True,0,A2,False,,0.0,
351,211200,A2,cost,43319.86620080564,0.0,43319.86620080564,True,0.28833333333333333,0.0,0.0,0.0,0.0,0.004385950754624224,0.019034811808040137,True,0,A2,False,,0.0,
352,211800,A2,cost,43314.50637028235,0.0,43314.50637028235,True,0.13166666666666665,0.0,0.0,0.0,0.0,0.001913073354443758,0.01924593401668293,True,0,A2,False,,0.0,
353,212400,A2,cost,43307.21211659409,0.0,43307.21211659409,True,0.24333333333333335,0.0,0.0,0.0,0.0,0.0036653803067156006,0.0156255139612461,True,0,A2,False,,0.0,
354,213000,A2,cost,43304.7996882564,0.0,43304.7996882564,True,0.5833333333333334,0.0,0.0,0.0,0.0,0.0,0.017541192576251485,True,0,A2,False,,0.0,
355,213600,A2,cost,43285.83576801694,0.0,43285.83576801694,True,0.395,0.0,0.0,0.0,0.0,0.0005113460909027387,0.016305077595324582,True,0,A2,False,,0.0,
356,214200,A2,cost,43281.07820010775,0.0,43281.07820010775,True,0.33666666666666667,0.0,0.0,0.0,0.0,0.0017196378930679343,0.016765804210103284,True,0,A2,False,,0.0,
357,214800,A2,cost,43269.29130881343,0.0,43269.29130881343,True,0.46166666666666667,0.0,0.0,0.0,0.0,0.00014854222186532577,0.01685373800951361,True,0,A2,False,,0.0,
358,215400,A2,cost,43261.946145100286,0.0,43261.946145100286,True,0.21666666666666667,0.0,0.0,0.0,0.0,0.0037769592016054787,0.019475677335711206,True,0,A2,False,,0.0,
359,216000,A2,cost,43261.16619085912,0.0,43261.16619085912,True,0.4583333333333333,0.0,0.0,0.0,0.0,6.11124147041527e-05,0.016556435348394533,True,0,A2,False,,0.0,
360,216600,A2,cost,43241.53551565406,0.0,43241.53551565406,True,0.425,0.0,0.0,0.0,0.0,0.00014042735297404484,0.016276815325563947,True,0,A2,False,,0.0,
361,217200,A2,cost,43241.53551565406,0.0,43241.53551565406,True,0.31166666666666665,0.0,0.0,0.0,0.0,0.0017690287273662323,0.01616359825071595,False,1,A2,False,,0.0,
362,217800,A2,cost,43228.36184533416,0.0,43228.36184533416,True,0.31166666666666665,0.0,0.0,0.0,0.0,0.0035490043567360484,0.01786387636762718,True,0,A2,False,,0.0,
363,218400,A2,cost,43226.36266333278,0.0,43226.36266333278,True,0.5333333333333333,0.0,0.0,0.0,0.0,0.0,0.01809437847751291,True,0,A2,False,,0.0,
364,219000,A2,cost,43219.34780972386,0.0,43219.34780972386,True,0.23666666666666666,0.0,0.0,0.0,0.0,0.0017211589850010256,0.018600203434144664,True,0,A2,False,,0.0,
365,219600,A2,cost,43210.52887037082,0.0,43210.52887037082,True,0.31,0.0,0.0,0.0,0.0,0.0018008184941864513,0.01787691378729286,True,0,A2,False,,0.0,
366,220200,A2,cost,43204.6851708169,0.0,43204.6851708169,True,0.24833333333333332,0.0,0.0,0.0,0.0,0.0027141761444392583,0.015260688595662479,True,0,A2,False,,0.0,
367,220800,A2,cost,43204.6851708169,0.0,43204.6851708169,True,0.49,0.0,0.0,0.0,0.0,9.150829130148233e-05,0.015972343749505607,False,1,A2,False,,0.0,
368,221400,A2,cost,43195.96134091977,0.0,43195.96134091977,True,0.44,0.0,0.0,0.0,0.0,0.0011165770249101925,0.01695933630476534,True,0,A2,False,,0.0,
369,222000,A2,cost,43189.259321370286,0.0,43189.259321370286,True,0.2733333333333333,0.0,0.0,0.0,0.0,0.001649490049343442,0.017561906265431762,True,0,A2,False,,0.0,
370,222600,A2,cost,43181.59650287614,0.0,43181.59650287614,True,0.16333333333333333,0.0,0.0,0.0,0.0,0.006506376640005026,0.01819766086292603,True,0,A2,False,,0.0,
371,223200,A2,cost,43181.59650287614,0.0,43181.59650287614,True,0.21166666666666667,0.0,0.0,0.0,0.0,0.005335802178074219,0.017366950469034928,False,1,A2,False,,0.0,
372,223800,A2,cost,43180.901585999774,0.0,43180.901585999774,True,0.35,0.0,0.0,0.0,0.0,0.0008484891423452545,0.017884283363795526,True,0,A2,False,,0.0,
373,224400,A2,cost,43173.59738743404,0.0,43173.59738743404,True,0.405,0.0,0.0,0.0,0.0,0.0004918815400971906,0.016571341400451037,True,0,A2,False,,0.0,
374,225000,A2,cost,43170.71270226699,0.0,43170.71270226699,True,0.26166666666666666,0.0,0.0,0.0,0.0,0.007922816553546208,0.01862502672030071,True,0,A2,False,,0.0,
375,225600,A2,cost,43137.5494966665,0.0,43137.5494966665,True,0.2816666666666667,0.0,0.0,0.0,0.0,0.005505393054186403,0.018767375123939174,True,0,A2,False,,0.0,
376,226200,A2,cost,43137.5494966665,0.0,43137.5494966665,True,0.3,0.0,0.0,0.0,0.0,0.0031831428676198925,0.018214453507876815,False,1,A2,False,,0.0,
377,226800,A2,cost,43128.199924524204,0.0,43128.199924524204,True,0.3516666666666667,0.0,0.0,0.0,0.0,0.0020141874609840293,0.01810578343582657,True,0,A2,False,,0.0,
378,227400,A2,cost,43119.203790438696,0.0,43119.203790438696,True,0.5783333333333334,0.0,0.0,0.0,0.0,0.0,0.018249264614090696,True,0,A2,False,,0.0,
379,228000,A2,cost,43088.65493289876,0.0,43088.65493289876,True,0.36333333333333334,0.0,0.0,0.0,0.0,0.0018801588020748161,0.017785047051561777,True,0,A2,False,,0.0,
380,228600,A2,cost,43080.139415962876,0.0,43080.139415962876,True,0.30333333333333334,0.0,0.0,0.0,0.0,0.0032990468646150184,0.019170390018394923,True,0,A2,False,,0.0,
381,229200,A2,cost,43074.90705393525,0.0,43074.90705393525,True,0.30833333333333335,0.0,0.0,0.0,0.0,0.0029778927104771036,0.017591282806364888,True,0,A2,False,,0.0,
382,229800,A2,cost,43016.352198928056,0.0,43016.352198928056,True,0.5483333333333333,0.0,0.0,0.0,0.0,0.0,0.01705275229591022,True,0,A2,False,,0.0,
383,230400,A2,cost,42953.842708220596,0.0,42953.842708220596,True,0.5516666666666666,0.0,0.0,0.0,0.0,0.0,0.01700673208291937,True,0,A2,False,,0.0,
384,231000,A2,cost,42953.842708220596,0.0,42953.842708220596,True,0.4666666666666667,0.0,0.0,0.0,0.0,0.00016556881916414136,0.019120914481001325,False,1,A2,False,,0.0,
385,231600,A2,cost,42922.493851603256,0.0,42922.493851603256,True,0.39166666666666666,0.0,0.0,0.0,0.0,0.0797220887085539,0.016547407283488684,True,0,A2,False,,0.0,
386,232200,A2,cost,42922.493851603256,0.0,42922.493851603256,True,0.5316666666666666,0.0,0.0,0.0,0.0,0.0,0.020767596451592003,False,1,A2,False,,0.0,
387,232800,A2,cost,42922.493851603256,0.0,42922.493851603256,True,0.45166666666666666,0.0,0.0,0.0,0.0,0.0005115105029944722,0.017453214211950015,False,2,A2,False,,0.0,
388,233400,A2,cost,42911.56213941554,0.0,42911.56213941554,True,0.43,0.0,0.0,0.0,0.0,0.0013881285402943533,0.021192220938225242,True,0,A2,False,,0.0,
389,234000,A2,cost,42908.308744434704,0.0,42908.308744434704,True,0.32666666666666666,0.0,0.0,0.0,0.0,0.027342965217510784,0.01775453177157738,True,0,A2,False,,0.0,
390,234600,A2,cost,42905.91070554122,0.0,42905.91070554122,True,0.43166666666666664,0.0,0.0,0.0,0.0,0.011031976306424902,0.018899510362999982,True,0,A2,False,,0.0,
391,235200,A2,cost,42897.144104116596,0.0,42897.144104116596,True,0.37833333333333335,0.0,0.0,0.0,0.0,0.00900320510450725,0.018683257092936705,True,0,A2,False,,0.0,
392,235800,A2,cost,42890.2664238975,0.0,42890.2664238975,True,0.36,0.0,0.0,0.0,0.0,0.0008389345713669745,0.016870133828457434,True,0,A2,False,,0.0,
393,236400,A2,cost,42870.83363875454,0.0,42870.83363875454,True,0.45166666666666666,0.0,0.0,0.0,0.0,0.0026327622384432203,0.017181684910157997,True,0,A2,False,,0.0,
394,237000,A2,cost,42852.688156518045,0.0,42852.688156518045,True,0.21333333333333335,0.0,0.0,0.0,0.0,0.045980869219165735,0.017617696921415293,True,0,A2,False,,0.0,
395,237600,A2,cost,42852.688156518045,0.0,42852.688156518045,True,0.2866666666666667,0.0,0.0,0.0,0.0,0.02917357103989226,0.01666430864293012,False,1,A2,False,,0.0,
396,238200,A2,cost,42852.688156518045,0.0,42852.688156518045,True,0.345,0.0,0.0,0.0,0.0,0.0035567111144700903,0.020717454917740918,False,2,A2,False,,0.0,
397,238800,A2,cost,42852.688156518045,0.0,42852.688156518045,True,0.235,0.0,0.0,0.0,0.0,0.01474902412959267,0.01418494774993363,False,3,A2,False,,0.0,
398,239400,A2,cost,42846.49381152929,0.0,42846.49381152929,True,0.37333333333333335,0.0,0.0,0.0,0.0,0.013908418316066928,0.01786307474227892,True,0,A2,False,,0.0,
399,240000,A2,cost,42846.49381152929,0.0,42846.49381152929,True,0.3333333333333333,0.0,0.0,0.0,0.0,0.00385931168451498,0.01565400141102026,False,1,A2,False,,0.0,
400,240600,A2,cost,42845.44587293787,0.0,42845.44587293787,True,0.21333333333333335,0.0,0.0,0.0,0.0,0.008527433785466195,0.017190180371991184,True,0,A2,False,,0.0,
401,241200,A2,cost,42844.055685732426,0.0,42844.055685732426,True,0.2633333333333333,0.0,0.0,0.0,0.0,0.014309137179242315,0.01639455728754828,True,0,A2,False,,0.0,
402,241800,A2,cost,42842.88207003064,0.0,42842.88207003064,True,0.21,0.0,0.0,0.0,0.0,0.024583052888494494,0.015698843340221584,True,0,A2,False,,0.0,
403,242400,A2,cost,42842.08472888021,0.0,42842.08472888021,True,0.25166666666666665,0.0,0.0,0.0,0.0,0.012990114503554473,0.017332616455321456,True,0,A2,False,,0.0,
404,243000,A2,cost,42842.08472888021,0.0,42842.08472888021,True,0.13666666666666666,0.0,0.0,0.0,0.0,0.019018591825154967,0.014828705978018601,False,1,A2,False,,0.0,
405,243600,A2,cost,42842.08472888021,0.0,42842.08472888021,True,0.2633333333333333,0.0,0.0,0.0,0.0,0.006575219603057692,0.01614359815023088,False,2,A2,False,,0.0,
406,244200,A2,cost,42838.93241653151,0.0,42838.93241653151,True,0.23833333333333334,0.0,0.0,0.0,0.0,0.01366233902928582,0.01360327235458303,True,0,A2,False,,0.0,
407,244800,A2,cost,42838.80216028764,0.0,42838.80216028764,True,0.305,0.0,0.0,0.0,0.0,0.006187831771185648,0.01571462352678087,True,0,A2,False,,0.0,
408,245400,A2,cost,42835.28443632652,0.0,42835.28443632652,True,0.2833333333333333,0.0,0.0,0.0,0.0,0.003991481290200438,0.014130021156250469,True,0,A2,False,,0.0,
409,246000,A2,cost,42835.28443632652,0.0,42835.28443632652,True,0.16666666666666666,0.0,0.0,0.0,0.0,0.01283530540041311,0.014956770520038236,False,1,A2,False,,0.0,
410,246600,A2,cost,42834.18791999023,0.0,42834.18791999023,True,0.21333333333333335,0.0,0.0,0.0,0.0,0.011104012100663807,0.014089182602898062,True,0,A2,False,,0.0,
411,247200,A2,cost,42834.18791999023,0.0,42834.18791999023,True,0.26,0.0,0.0,0.0,0.0,0.007880438983861371,0.013114442377801783,False,1,A2,False,,0.0,
412,247800,A2,cost,42831.334985917885,0.0,42831.334985917885,True,0.13833333333333334,0.0,0.0,0.0,0.0,0.014768397067477013,0.013552821827388267,True,0,A2,False,,0.0,
413,248400,A2,cost,42831.334985917885,0.0,42831.334985917885,True,0.195,0.0,0.0,0.0,0.0,0.009155452966947739,0.012822357981694284,False,1,A2,False,,0.0,
414,249000,A2,cost,42831.334985917885,0.0,42831.334985917885,True,0.295,0.0,0.0,0.0,0.0,0.004948918831143123,0.013207458858773752,False,2,A2,False,,0.0,
415,249600,A2,cost,42831.334985917885,0.0,42831.334985917885,True,0.20333333333333334,0.0,0.0,0.0,0.0,0.014549890625710379,0.014777830333254059,False,3,A2,False,,0.0,
416,250200,A2,cost,42831.334985917885,0.0,42831.334985917885,True,0.11833333333333333,0.0,0.0,0.0,0.0,0.011146595780173296,0.012599435512443143,False,4,A2,False,,0.0,
417,250800,A2,cost,42831.334985917885,0.0,42831.334985917885,True,0.19666666666666666,0.0,0.0,0.0,0.0,0.007311338136935186,0.013710850313772838,False,5,A2,False,,0.0,
418,251400,A2,cost,42831.334985917885,0.0,42831.334985917885,True,0.20166666666666666,0.0,0.0,0.0,0.0,0.010728236898956921,0.011219163604402178,False,6,A2,False,,0.0,
419,252000,A2,cost,42831.32726074988,0.0,42831.32726074988,True,0.31666666666666665,0.0,0.0,0.0,0.0,0.004235769417700652,0.013926209804656552,True,0,A2,False,,0.0,
420,252600,A2,cost,42828.57631456675,0.0,42828.57631456675,True,0.3016666666666667,0.0,0.0,0.0,0.0,0.0007334084761845272,0.01125270425060724,True,0,A2,False,,0.0,
421,253200,A2,cost,42828.57631456675,0.0,42828.57631456675,True,0.08666666666666667,0.0,0.0,0.0,0.0,0.017715619129125892,0.011438928715743335,False,1,A2,False,,0.0,
422,253800,A2,cost,42828.28623228243,0.0,42828.28623228243,True,0.21,0.0,0.0,0.0,0.0,0.009441945392768325,0.011830735032109543,True,0,A2,False,,0.0,
423,254400,A2,cost,42828.28623228243,0.0,42828.28623228243,True,0.29333333333333333,0.0,0.0,0.0,0.0,0.002743107027540992,0.012738576108654006,False,1,A2,False,,0.0,
424,255000,A2,cost,42825.547337463184,0.0,42825.547337463184,True,0.21,0.0,0.0,0.0,0.0,0.0018296957465518886,0.010834064239832178,True,0,A2,False,,0.0,
425,255600,A2,cost,42824.83405178593,0.0,42824.83405178593,True,0.21166666666666667,0.0,0.0,0.0,0.0,0.0065644002109152225,0.010761764217154496,True,0,A2,False,,0.0,
426,256200,A2,cost,42822.72480084754,0.0,42822.72480084754,True,0.235,0.0,0.0,0.0,0.0,0.005002725465279134,0.009966007878100662,True,0,A2,False,,0.0,
427,256800,A2,cost,42822.72480084754,0.0,42822.72480084754,True,0.16,0.0,0.0,0.0,0.0,0.006884179327724782,0.011485638908901101,False,1,A2,False,,0.0,
428,257400,A2,cost,42822.72480084754,0.0,42822.72480084754,True,0.20166666666666666,0.0,0.0,0.0,0.0,0.0022373001907229906,0.009538734201284087,False,2,A2,False,,0.0,
429,258000,A2,cost,42822.72480084754,0.0,42822.72480084754,True,0.3333333333333333,0.0,0.0,0.0,0.0,0.0014517079147802203,0.010328869928570008,False,3,A2,False,,0.0,
430,258600,A2,cost,42822.72480084754,0.0,42822.72480084754,True,0.18333333333333332,0.0,0.0,0.0,0.0,0.007118565236534424,0.011870413113166318,False,4,A2,False,,0.0,
431,259200,A2,cost,42822.57316326203,0.0,42822.57316326203,True,0.08833333333333333,0.0,0.0,0.0,0.0,0.010579107937406226,0.009508817202359512,True,0,A2,False,,0.0,
432,259800,A2,cost,42822.143155263024,0.0,42822.143155263024,True,0.2683333333333333,0.0,0.0,0.0,0.0,0.0018197079561041996,0.009613226032987813,True,0,A2,False,,0.0,
433,260400,A2,cost,42820.32335960545,0.0,42820.32335960545,True,0.335,0.0,0.0,0.0,0.0,0.0025706849075661786,0.008609405352548704,True,0,A2,False,,0.0,
434,261000,A2,cost,42818.287368554644,0.0,42818.287368554644,True,0.275,0.0,0.0,0.0,0.0,0.003973535827636709,0.009808605629463646,True,0,A2,False,,0.0,
435,261600,A2,cost,42816.2973412202,0.0,42816.2973412202,True,0.18166666666666667,0.0,0.0,0.0,0.0,0.0032189916540383834,0.008683834444440057,True,0,A2,False,,0.0,
436,262200,A2,cost,42815.351456806326,0.0,42815.351456806326,True,0.22333333333333333,0.0,0.0,0.0,0.0,0.002460556543880414,0.008526561817362402,True,0,A2,False,,0.0,
437,262800,A2,cost,42813.726742280174,0.0,42813.726742280174,True,0.43,0.0,0.0,0.0,0.0,0.0001437909209727195,0.0090444779419524,True,0,A2,False,,0.0,
438,263400,A2,cost,42811.50679927209,0.0,42811.50679927209,True,0.22666666666666666,0.0,0.0,0.0,0.0,0.004229556851267061,0.009826078828524695,True,0,A2,False,,0.0,
439,264000,A2,cost,42809.40055330871,0.0,42809.40055330871,True,0.2683333333333333,0.0,0.0,0.0,0.0,0.003762031527155374,0.00934787668186713,True,0,A2,False,,0.0,
440,264600,A2,cost,42809.40055330871,0.0,42809.40055330871,True,0.19833333333333333,0.0,0.0,0.0,0.0,0.004585239670468422,0.009827098637732797,False,1,A2,False,,0.0,
441,265200,A2,cost,42809.40055330871,0.0,42809.40055330871,True,0.16166666666666665,0.0,0.0,0.0,0.0,0.004420744035111553,0.010523875352966632,False,2,A2,False,,0.0,
442,265800,A2,cost,42808.452177826905,0.0,42808.452177826905,True,0.19333333333333333,0.0,0.0,0.0,0.0,0.002972285773308799,0.010766655894482266,True,0,A2,False,,0.0,
443,266400,A2,cost,42808.452177826905,0.0,42808.452177826905,True,0.5816666666666667,0.0,0.0,0.0,0.0,0.0,0.008907561169593453,False,1,A2,False,,0.0,
444,267000,A2,cost,42806.70755534989,0.0,42806.70755534989,True,0.4583333333333333,0.0,0.0,0.0,0.0,5.728718279446691e-05,0.009380813747381925,True,0,A2,False,,0.0,
445,267600,A2,cost,42803.25935548228,0.0,42803.25935548228,True,0.24666666666666667,0.0,0.0,0.0,0.0,0.00242506123992882,0.009175443488732104,True,0,A2,False,,0.0,
446,268200,A2,cost,42803.25935548228,0.0,42803.25935548228,True,0.20833333333333334,0.0,0.0,0.0,0.0,0.0021032116800362506,0.010236813688934476,False,1,A2,False,,0.0,
447,268800,A2,cost,42803.25935548228,0.0,42803.25935548228,True,0.2866666666666667,0.0,0.0,0.0,0.0,0.00036773939853430214,0.010281094176655835,False,2,A2,False,,0.0,
448,269400,A2,cost,42803.25935548228,0.0,42803.25935548228,True,0.43833333333333335,0.0,0.0,0.0,0.0,0.00015197140017250514,0.008954909189900594,False,3,A2,False,,0.0,
449,270000,A2,cost,42803.25935548228,0.0,42803.25935548228,True,0.39,0.0,0.0,0.0,0.0,0.00016045442340327417,0.008262608089440529,False,4,A2,False,,0.0,
450,270600,A2,cost,42802.96862047953,0.0,42802.96862047953,True,0.205,0.0,0.0,0.0,0.0,0.0006065582480824893,0.008347603941507785,True,0,A2,False,,0.0,
451,271200,A2,cost,42802.73915785783,0.0,42802.73915785783,True,0.27166666666666667,0.0,0.0,0.0,0.0,0.0010875041818920739,0.00763386462217289,True,0,A2,False,,0.0,
452,271800,A2,cost,42801.735139142125,0.0,42801.735139142125,True,0.425,0.0,0.0,0.0,0.0,0.0001372816149189345,0.008452252859235189,True,0,A2,False,,0.0,
453,272400,A2,cost,42801.12320189303,0.0,42801.12320189303,True,0.47833333333333333,0.0,0.0,0.0,0.0,1.274046214202092e-05,0.00935488937130316,True,0,A2,False,,0.0,
454,273000,A2,cost,42798.929934903324,0.0,42798.929934903324,True,0.3233333333333333,0.0,0.0,0.0,0.0,9.04877881934496e-05,0.007720412072788813,True,0,A2,False,,0.0,
455,273600,A2,cost,42796.961606396944,0.0,42796.961606396944,True,0.18166666666666667,0.0,0.0,0.0,0.0,0.0002916638175126292,0.008809034878137409,True,0,A2,False,,0.0,
456,274200,A2,cost,42794.8399402863,0.0,42794.8399402863,True,0.38166666666666665,0.0,0.0,0.0,0.0,8.547616002566964e-05,0.008608405786402588,True,0,A2,False,,0.0,
457,274800,A2,cost,42789.38421064215,0.0,42789.38421064215,True,0.5166666666666667,0.0,0.0,0.0,0.0,0.0,0.007956435275548684,True,0,A2,False,,0.0,
458,275400,A2,cost,42789.20125500086,0.0,42789.20125500086,True,0.2633333333333333,0.0,0.0,0.0,0.0,0.00021237233026279628,0.00801470829049378,True,0,A2,False,,0.0,
459,276000,A2,cost,42785.0522596814,0.0,42785.0522596814,True,0.36333333333333334,0.0,0.0,0.0,0.0,0.00013191724731698902,0.007814182550007464,True,0,A2,False,,0.0,
460,276600,A2,cost,42783.59965215209,0.0,42783.59965215209,True,0.35333333333333333,0.0,0.0,0.0,0.0,0.00018956472992018487,0.007092684047631114,True,0,A2,False,,0.0,
461,277200,A2,cost,42781.77574513176,0.0,42781.77574513176,True,0.4816666666666667,0.0,0.0,0.0,0.0,7.565031890284976e-06,0.007441207978809261,True,0,A2,False,,0.0,
462,277800,A2,cost,42781.30602109215,0.0,42781.30602109215,True,0.15,0.0,0.0,0.0,0.0,0.0003492988246702744,0.007633835634133557,True,0,A2,False,,0.0,
463,278400,A2,cost,42778.485424768776,0.0,42778.485424768776,True,0.13333333333333333,0.0,0.0,0.0,0.0,0.0006655812995204791,0.006952617961103235,True,0,A2,False,,0.0,
464,279000,A2,cost,42776.644594055295,0.0,42776.644594055295,True,0.6,0.0,0.0,0.0,0.0,0.0,0.007392073135177615,True,0,A2,False,,0.0,
465,279600,A2,cost,42775.314407166275,0.0,42775.314407166275,True,0.585,0.0,0.0,0.0,0.0,0.0,0.007573387205400884,True,0,A2,False,,0.0,
466,280200,A2,cost,42769.495550996784,0.0,42769.495550996784,True,0.645,0.0,0.0,0.0,0.0,0.0,0.006866593955534739,True,0,A2,False,,0.0,
467,280800,A2,cost,42759.29614939025,0.0,42759.29614939025,True,0.6616666666666666,0.0,0.0,0.0,0.0,0.0,0.007074430302096206,True,0,A2,False,,0.0,
468,281400,A2,cost,42739.3328304405,0.0,42739.3328304405,True,0.7916666666666666,0.0,0.0,0.0,0.0,0.0,0.006962202434026238,True,0,A2,False,,0.0,
469,282000,A2,cost,42721.959419578525,0.0,42721.959419578525,True,0.6916666666666667,0.0,0.0,0.0,0.0,0.0,0.006796135740822127,True,0,A2,False,,0.0,
470,282600,A2,cost,42721.385159927835,0.0,42721.385159927835,True,0.5983333333333334,0.0,0.0,0.0,0.0,0.0,0.007618323047063036,True,0,A2,False,,0.0,
471,283200,A2,cost,42714.039252253475,0.0,42714.039252253475,True,0.69,0.0,0.0,0.0,0.0,0.0,0.008089234718669543,True,0,A2,False,,0.0,
472,283800,A2,cost,42704.858610757525,0.0,42704.858610757525,True,0.655,0.0,0.0,0.0,0.0,0.0,0.010297104810252271,True,0,A2,False,,0.0,
473,284400,A2,cost,42698.96568929756,0.0,42698.96568929756,True,0.6833333333333333,0.0,0.0,0.0,0.0,0.0,0.008299852669021706,True,0,A2,False,,0.0,
474,285000,A2,cost,42694.103964269925,0.0,42694.103964269925,True,0.2733333333333333,0.0,0.0,0.0,0.0,0.00022419988343216348,0.010319982844129853,True,0,A2,False,,0.0,
475,285600,A2,cost,42694.103964269925,0.0,42694.103964269925,True,0.6,0.0,0.0,0.0,0.0,0.0,0.008225842189010325,False,1,A2,False,,0.0,
476,286200,A2,cost,42694.103964269925,0.0,42694.103964269925,True,0.6883333333333334,0.0,0.0,0.0,0.0,0.0,0.009422504569236859,False,2,A2,False,,0.0,
477,286800,A2,cost,42693.4855816415,0.0,42693.4855816415,True,0.6733333333333333,0.0,0.0,0.0,0.0,0.0,0.008523887903645099,True,0,A2,False,,0.0,
478,287400,A2,cost,42690.873281979526,0.0,42690.873281979526,True,0.40166666666666667,0.0,0.0,0.0,0.0,7.776829883159309e-05,0.007996838127458467,True,0,A2,False,,0.0,
479,288000,A2,cost,42690.67387957974,0.0,42690.67387957974,True,0.56,0.0,0.0,0.0,0.0,0.0,0.00734776913903523,True,0,A2,False,,0.0,
480,288600,A2,cost,42688.466494251144,0.0,42688.466494251144,True,0.58,0.0,0.0,0.0,0.0,0.0,0.009140454102362987,True,0,A2,False,,0.0,
481,289200,A2,cost,42686.872464148415,0.0,42686.872464148415,True,0.6583333333333333,0.0,0.0,0.0,0.0,0.0,0.007440979525231095,True,0,A2,False,,0.0,
482,289800,A2,cost,42685.013414881716,0.0,42685.013414881716,True,0.455,0.0,0.0,0.0,0.0,7.755374970166428e-05,0.007399033942962988,True,0,A2,False,,0.0,
483,290400,A2,cost,42684.70559698944,0.0,42684.70559698944,True,0.29833333333333334,0.0,0.0,0.0,0.0,0.0030334966174328255,0.007464887782360646,True,0,A2,False,,0.0,
484,291000,A2,cost,42683.543303877785,0.0,42683.543303877785,True,0.4583333333333333,0.0,0.0,0.0,0.0,8.277576593137919e-05,0.007192635118819784,True,0,A2,False,,0.0,
485,291600,A2,cost,42680.00323505032,0.0,42680.00323505032,True,0.6883333333333334,0.0,0.0,0.0,0.0,0.0,0.006626520174834342,True,0,A2,False,,0.0,
486,292200,A2,cost,42672.38921796622,0.0,42672.38921796622,True,0.6566666666666666,0.0,0.0,0.0,0.0,0.0,0.006703760386098918,True,0,A2,False,,0.0,
487,292800,A2,cost,42668.63286633216,0.0,42668.63286633216,True,0.605,0.0,0.0,0.0,0.0,0.0,0.007057465019899553,True,0,A2,False,,0.0,
488,293400,A2,cost,42663.40355078388,0.0,42663.40355078388,True,0.5633333333333334,0.0,0.0,0.0,0.0,0.0,0.0075160162700942295,True,0,A2,False,,0.0,
489,294000,A2,cost,42660.666427842676,0.0,42660.666427842676,True,0.6183333333333333,0.0,0.0,0.0,0.0,0.0,0.007543500201308346,True,0,A2,False,,0.0,
490,294600,A2,cost,42657.079942395474,0.0,42657.079942395474,True,0.7266666666666667,0.0,0.0,0.0,0.0,0.0,0.0073967408991671875,True,0,A2,False,,0.0,
491,295200,A2,cost,42654.97048612311,0.0,42654.97048612311,True,0.615,0.0,0.0,0.0,0.0,0.0,0.00740606958314974,True,0,A2,False,,0.0,
492,295800,A2,cost,42652.95603967261,0.0,42652.95603967261,True,0.42833333333333334,0.0,0.0,0.0,0.0,4.5600157850215575e-05,0.0074474583859089555,True,0,A2,False,,0.0,
493,296400,A2,cost,42647.32847306687,0.0,42647.32847306687,True,0.4483333333333333,0.0,0.0,0.0,0.0,4.721554725020857e-05,0.008006539734839032,True,0,A2,False,,0.0,
494,297000,A2,cost,42643.0159891645,0.0,42643.0159891645,True,0.6733333333333333,0.0,0.0,0.0,0.0,0.0,0.008488374588694248,True,0,A2,False,,0.0,
495,297600,A2,cost,42640.03917046075,0.0,42640.03917046075,True,0.6066666666666667,0.0,0.0,0.0,0.0,0.0,0.007577375614578791,True,0,A2,False,,0.0,
496,298200,A2,cost,42639.5289900016,0.0,42639.5289900016,True,0.5,0.0,0.0,0.0,0.0,1.929147984203183e-06,0.008945344959343857,True,0,A2,False,,0.0,
497,298800,A2,cost,42638.36367141029,0.0,42638.36367141029,True,0.37166666666666665,0.0,0.0,0.0,0.0,0.00019697844787298636,0.009194051511757208,True,0,A2,False,,0.0,
498,299400,A2,cost,42636.24059297263,0.0,42636.24059297263,True,0.5516666666666666,0.0,0.0,0.0,0.0,0.0,0.01059622261059675,True,0,A2,False,,0.0,
499,300000,A2,cost,42636.14338748749,0.0,42636.14338748749,True,0.5166666666666667,0.0,0.0,0.0,0.0,0.0,0.009874846390554816,True,0,A2,False,,0.0,
500,300600,A2,cost,42633.713491570845,0.0,42633.713491570845,True,0.41,0.0,0.0,0.0,0.0,6.309773628991877e-05,0.009288713942441145,True,0,A2,False,,0.0,
